y,x,highway,street_count,is_shelter,shelter_names,pop_male,pop_female,pop_total,households,junction,flood_level_20251121_0600,flood_distance_20251121_0600_m,flood_level_20251124_2200,flood_distance_20251124_2200_m
6.995827899999998,100.4307919,traffic_signals,4,False,,2,1,3,2,,0,2776.9705775487837,1,149.75683360280624
6.9960079,100.430775,traffic_signals,4,False,,1,2,3,0,,0,2766.9806917254346,1,158.65032671762862
6.995743999999998,100.4303987,,3,False,,0,1,1,0,,0,2817.7759189779167,1,189.61574723663307
6.996390899999999,100.4307922,,3,False,,0,1,1,3,,0,2741.2430516502695,1,178.76175711706335
6.996045499999998,100.4308775,traffic_signals,4,False,,0,2,2,3,,0,2755.3295385291935,1,150.28327365205527
6.995746399999999,100.43029340000001,,3,False,,3,0,3,2,,0,2827.1432582934185,1,201.09621380271201
6.995876900000001,100.4308873,traffic_signals,4,False,,0,0,0,1,,0,2765.2440420892435,1,141.60666673694345
6.9962481,100.43125180000001,,3,False,,0,2,2,1,,0,2708.63045139298,1,129.97577104690222
6.995162799999999,100.4303531,,3,False,,1,2,3,3,,0,2859.334695838473,1,156.38620377131954
6.9955259,100.4309798,,3,False,,2,3,5,3,,0,2779.7512867705805,1,122.52214573512457
6.997057000000002,100.4327465,,4,False,,0,0,0,1,,0,2522.2794614100267,1,19.02515843881874
6.994157399999999,100.4307723,,3,False,,0,0,0,4,,0,2881.148447355097,1,59.77857424532707
6.996931699999999,100.4328536,,3,False,,0,0,0,1,,0,2520.8698664747435,1,18.157864378404177
6.9982397999999995,100.4349315,,3,False,,4,0,4,2,,0,2250.281462770468,1,52.50290897375642
6.998313799999998,100.4348887,,4,False,,1,0,1,1,,0,2249.19303343653,1,55.379272298229516
6.994128199999999,100.4310216,,3,False,,1,0,1,0,,0,2859.51612272016,1,78.84316593445072
6.993852500000001,100.4310068,,3,False,,0,0,0,3,,0,2877.2643110541785,1,66.1797428482946
6.9961195,100.4313502,,3,False,,0,0,0,3,,0,2708.0473370164486,1,112.25665612614088
6.996411999999999,100.4631218,traffic_signals,4,False,,2,0,2,1,,0,28.88969253949021,1,28.88969253949021
6.996072799999999,100.4633449,,3,False,,1,0,1,2,,0,51.21166475813256,1,51.21166475813256
6.9968014,100.4628379,,3,False,,1,0,1,2,,0,32.368641989933195,2,32.368641989933195
6.996706200000001,100.46437350000001,,3,False,,2,1,3,3,,0,47.71518798104164,1,47.71518798104164
6.9958559,100.4635096,,3,False,,1,1,2,1,,0,78.68328429613146,1,78.68328429613146
6.995893800000001,100.4628991,,1,False,,0,1,1,2,,0,39.437151297394756,1,39.437151297394756
6.9969457,100.4636049,,1,False,,0,0,0,3,,0,77.54936433955177,2,77.54936433955177
6.9971621,100.4625694,,3,False,,1,1,2,1,,0,39.34481338635302,2,39.34481338635302
6.995711499999999,100.4647444,,1,False,,0,1,1,3,,0,152.74075952631114,1,152.74075952631114
6.9967419999999985,100.4645203,,3,False,,0,2,2,2,,0,38.3825188141664,1,38.3825188141664
6.995430099999999,100.4637731,,3,False,,3,0,3,1,,0,131.05098768042004,1,131.05098768042004
6.995363599999999,100.4625599,,3,False,,0,2,2,2,,0,105.64911736414662,1,105.64911736414662
6.997364599999999,100.4624293,,3,False,,0,0,0,2,,0,62.185159030582376,2,62.185159030582376
6.9968271999999985,100.46450010000001,,1,False,,1,0,1,2,,0,29.77930776246151,1,29.77930776246151
6.996865599999999,100.4651693,,3,False,,0,1,1,1,,0,69.07428256866204,1,69.07428256866204
6.9949958,100.4626219,,3,False,,1,4,5,0,,0,142.46477206450172,1,142.46477206450172
6.9952242,100.463929,,3,False,,0,1,1,0,,0,159.30502645112213,1,159.30502645112213
6.9951108999999985,100.46261260000001,,3,False,,0,0,0,0,,0,130.3673469881314,1,130.3673469881314
6.9951656999999985,100.4617149,,1,False,,0,0,0,1,,0,58.38357575388806,1,58.38357575388806
6.997507299999998,100.4624178,,3,False,,0,0,0,1,,0,58.436916005880406,3,58.436916005880406
6.996918600000001,100.4652535,,3,False,,0,1,1,2,,0,76.25300574511158,1,76.25300574511158
6.994840899999999,100.46265400000001,,4,False,,0,1,1,2,,0,158.50096218358908,1,158.50096218358908
6.9954423,100.4648018,,3,False,,2,1,3,2,,0,183.0675787814073,1,183.0675787814073
6.9950214,100.4640715,,3,False,,1,1,2,0,,0,186.38347358886142,1,186.38347358886142
6.994897000000001,100.4616985,,1,False,,1,1,2,1,,0,75.88085097027566,1,75.88085097027566
6.9977159,100.4621847,,3,False,,4,2,6,1,,0,24.866188690882066,3,24.866188690882066
6.997220199999998,100.4633336,,1,False,,0,1,1,1,,0,48.4885516982341,2,48.4885516982341
6.996969300000001,100.4654488,,4,False,,5,1,6,1,,0,96.45119381047486,1,96.45119381047486
6.997227600000001,100.4653395,,3,False,,0,0,0,2,,0,85.05652921712807,1,85.05652921712807
6.997857599999999,100.47110980000001,,3,False,,1,0,1,2,,0,76.86072933632735,4,76.86072933632735
6.9979262,100.4710975,,4,False,,0,1,1,3,,0,75.23107420480288,4,75.23107420480288
6.997917599999998,100.4701355,traffic_signals,4,False,,1,1,2,0,,0,31.065562317140152,4,31.065562317140152
6.999653499999999,100.4707878,,3,False,,1,0,1,3,,0,51.653274784928264,1,51.653274784928264
6.99791,100.4716972,,4,False,,1,0,1,0,,0,105.21311520731297,2,105.21311520731297
6.996951999999999,100.4700806,,3,False,,0,1,1,3,,0,39.87041591070746,5,39.87041591070746
6.9969263999999995,100.4655823,,3,False,,0,0,0,1,,0,111.72937544090095,1,111.72937544090095
7.0009155000000005,100.4706,,4,False,,0,1,1,2,,0,118.26200113837041,4,118.26200113837041
6.9980825,100.4739637,,4,False,,0,2,2,2,,0,29.896273088079507,3,29.896273088079507
6.9978389,100.471708,,4,False,,2,1,3,1,,0,112.7458795629386,2,112.7458795629386
6.996523699999999,100.4709702,,3,False,,0,1,1,3,,0,87.0070860351466,5,87.0070860351466
6.996116699999998,100.47088440000002,,3,False,,1,3,4,1,,0,93.07669465201033,3,93.07669465201033
6.996899500000001,100.4654687,,3,False,,0,1,1,1,,0,99.91198856552678,1,99.91198856552678
7.000816800000001,100.4698855,,3,False,,0,2,2,0,,0,58.39021168307528,4,58.39021168307528
7.001881799999999,100.4704629,,4,False,,1,0,1,2,,0,99.70303638408086,2,99.70303638408086
6.9990602,100.4737837,,4,False,,0,0,0,1,,0,126.50996361093006,3,126.50996361093006
6.998023999999999,100.4739691,,3,False,,1,0,1,1,,0,26.961118054579856,3,26.961118054579856
6.998173,100.4749856,traffic_signals,4,False,,0,0,0,1,,0,79.62174962645501,3,79.62174962645501
6.9978508,100.4713174,,3,False,,1,2,3,2,,0,99.7143723414204,3,99.7143723414204
6.997466299999999,100.4718087,,3,False,,0,0,0,1,,0,132.15960777757797,1,132.15960777757797
6.9961996,100.4711003,,3,False,,2,0,2,0,,0,114.89645157631631,3,114.89645157631631
6.9969459,100.471983,,4,False,,1,0,1,2,,0,128.70030849653975,2,128.70030849653975
6.9948387,100.4718464,,3,False,,1,0,1,1,,0,137.2453603477213,5,137.2453603477213
6.9995826,100.4700287,,4,False,,1,1,2,1,,0,101.56048524651844,2,101.56048524651844
7.0024449,100.4703896,,3,False,,1,0,1,0,,0,97.64315253656375,2,97.64315253656375
7.0019786999999996,100.4711756,,4,False,,0,1,1,3,,0,128.65453628651417,2,128.65453628651417
6.9997202,100.4736908,,3,False,,1,0,1,4,,0,125.12506347754052,4,125.12506347754052
6.999159400000001,100.4746025,,3,False,,0,0,0,1,,0,100.70533260368174,3,100.70533260368174
6.9990039999999984,100.4733452,,3,False,,1,0,1,2,,0,128.28916144355847,3,128.28916144355847
6.9980223,100.4738481,,3,False,,1,1,2,0,,0,15.935288699422577,3,15.935288699422577
6.998317900000001,100.4759838,,3,False,,1,3,4,1,,0,56.10930244273393,4,56.10930244273393
6.997400599999999,100.4713882,,3,False,,0,0,0,1,,0,112.93067081932968,5,112.93067081932968
6.9971556,100.4724667,,3,False,,0,0,0,1,,0,97.74814915556952,1,97.74814915556952
6.996283499999997,100.4723061,,3,False,,3,0,3,0,,0,67.56195089977886,2,67.56195089977886
6.994228199999999,100.4723289,,3,False,,0,1,1,0,,0,83.74822998501749,1,83.74822998501749
6.9970021,100.4655529,,4,False,,1,2,3,0,,0,107.50104474750229,1,107.50104474750229
7.003950399999999,100.46787290000002,,3,False,,0,0,0,2,,0,22.68221319539157,5,22.68221319539157
7.004046199999999,100.4685541,,3,False,,2,0,2,3,,0,39.25983344562946,3,39.25983344562946
7.004177,100.4694581,traffic_signals,4,False,,2,0,2,0,,0,90.22056548781335,4,90.22056548781335
7.0050088,100.4684315,,3,False,,2,0,2,2,,0,57.2065262062537,5,57.2065262062537
7.004241099999999,100.4700794,,4,False,,2,2,4,1,,0,151.67736912652495,4,151.67736912652495
7.002727600000001,100.4696464,traffic_signals,4,False,,0,0,0,2,,0,71.58467210022384,2,71.58467210022384
7.005199399999999,100.4684257,,3,False,,1,0,1,3,,0,43.14008641033982,5,43.14008641033982
7.004920699999999,100.4677213,,3,False,,1,3,4,3,,0,43.10134956051934,2,43.10134956051934
7.0059052,100.4699124,,4,False,,0,0,0,0,,0,133.9690085085413,2,133.9690085085413
7.004313799999999,100.4707399,,4,False,,2,0,2,0,,0,221.86734473637586,4,221.86734473637586
7.002599,100.4687698,,3,False,,1,0,1,1,,0,35.19641518607643,5,35.19641518607643
7.002352700000001,100.4697049,,3,False,,2,0,2,3,,0,32.67551631803502,2,32.67551631803502
7.005341199999998,100.4683871,,3,False,,1,0,1,1,,0,40.954509125603316,5,40.954509125603316
7.0044854999999995,100.4690051,,1,False,,1,0,1,1,,0,30.190019186573238,4,30.190019186573238
7.0070669,100.46976160000001,,4,False,,1,0,1,1,,0,143.70909519471974,2,143.70909519471974
7.005814799999998,100.46919740000001,,4,False,,3,1,4,0,,0,66.1951984124037,5,66.1951984124037
7.0043579,100.4715036,,4,False,,2,0,2,1,,0,223.10410839745592,2,223.10410839745592
7.003568999999999,100.4708694,,3,False,,2,1,3,1,,0,217.21252280204726,2,217.21252280204726
7.0018842,100.4688589,,3,False,,3,0,3,1,,0,25.093388689022795,3,25.093388689022795
7.002492199999999,100.4679467,,3,False,,0,1,1,4,,0,45.33515348769759,2,45.33515348769759
7.001801099999999,100.4697782,,3,False,,3,0,3,1,,0,37.91592498161888,2,37.91592498161888
7.005715199999998,100.4683345,,4,False,,1,1,2,2,,0,56.54436383943779,5,56.54436383943779
7.005268000000001,100.4676656,,3,False,,0,0,0,3,,0,80.63377966535717,2,80.63377966535717
7.005630499999999,100.4676095,,3,False,,1,0,1,2,,0,76.45130204589442,5,76.45130204589442
7.0062161000000005,100.4674659,,3,False,,1,0,1,2,,0,49.944030984919856,5,49.944030984919856
7.0063334,100.46824220000002,,3,False,,1,0,1,2,,0,37.13036659999901,5,37.13036659999901
7.0071389,100.4673093,,3,False,,0,1,1,2,,0,67.3857951770068,4,67.3857951770068
7.007268099999999,100.4681243,,3,False,,2,2,4,2,,0,30.720221460363767,4,30.720221460363767
7.007285399999998,100.4673102,,3,False,,1,1,2,0,,0,70.63323095663078,4,70.63323095663078
7.007398399999999,100.46808950000002,,3,False,,0,1,1,1,,0,39.73072360958448,4,39.73072360958448
7.010825499999999,100.4668343,,3,False,,0,0,0,1,,0,52.92415659981694,5,52.92415659981694
7.007499199999998,100.468897,,5,False,,0,0,0,3,,0,117.67094198664383,4,117.67094198664383
7.0083426,100.4679721,,3,False,,1,2,3,1,,0,45.46570214455043,4,45.46570214455043
7.010855199999999,100.4676131,,4,False,,2,1,3,0,,0,55.053651008559,4,55.053651008559
7.011295700000001,100.4667479,,3,False,,1,0,1,1,,0,103.01576428597608,5,103.01576428597608
7.0059709,100.4705028,,4,False,,1,0,1,2,,0,196.10319972256673,2,196.10319972256673
7.005109999999999,100.4706208,,3,False,,0,1,1,1,,0,209.4603621953093,5,209.4603621953093
7.007561200000001,100.469684,,3,False,,0,1,1,1,,0,131.93026592286802,3,131.93026592286802
7.0069634,100.4690488,,3,False,,0,1,1,1,,0,85.51867373146693,2,85.51867373146693
7.007150599999999,100.4703267,,4,False,,1,0,1,2,,0,177.14499266387256,4,177.14499266387256
7.004940999999998,100.4693365,,3,False,,1,0,1,1,,0,75.91695640508905,4,75.91695640508905
7.0043929,100.4727667,,4,False,,0,0,0,0,,0,110.66318071767249,5,110.66318071767249
7.005187299999999,100.4713797,,3,False,,1,1,2,0,,0,206.51037314564934,4,206.51037314564934
7.002884499999999,100.4709996,,3,False,,1,1,2,1,,0,179.81823026087096,2,179.81823026087096
7.003627100000001,100.4716016,traffic_signals,4,False,,0,1,1,1,,0,165.17613243502947,2,165.17613243502947
7.007491699999999,100.4690592,,4,False,,0,0,0,0,,0,134.06745876578606,4,134.06745876578606
7.0076598,100.4702926,traffic_signals,4,False,,1,0,1,2,,0,121.333974778168,4,121.333974778168
7.007329599999999,100.4712004,,3,False,,0,1,1,3,,0,101.2811905940999,3,101.2811905940999
7.0049971,100.469721,,1,False,,0,0,0,3,,0,116.6317222810761,4,116.6317222810761
7.0044432,100.4732391,,3,False,,0,3,3,7,,0,58.53580014990677,5,58.53580014990677
7.0048972,100.4726679,,3,False,,1,0,1,2,,0,124.49314237087322,5,124.49314237087322
7.0060497999999995,100.4712646,,3,False,,0,0,0,2,,0,145.75699573066746,3,145.75699573066746
7.0028085,100.4703374,,4,False,,0,0,0,3,,0,115.63666192124838,2,115.63666192124838
7.0037123999999995,100.47244800000001,,3,False,,1,2,3,1,,0,102.09956224430054,2,102.09956224430054
7.007419299999999,100.4689898,,5,False,,0,1,1,1,,0,124.24997338021666,4,124.24997338021666
7.008083899999999,100.4713155,,3,False,,1,0,1,1,,0,112.3499192701388,4,112.3499192701388
7.007388699999999,100.4715142,,4,False,,0,0,0,0,,0,71.37443920415757,3,71.37443920415757
7.006616199999999,100.4636817,,3,False,,0,0,0,3,,0,132.86171338297686,2,132.86171338297686
7.0089896,100.46940960000002,,3,False,,0,0,0,3,,0,32.71792215114273,3,32.71792215114273
7.008306899999999,100.47194930000002,,4,False,,0,1,1,2,,0,51.188050314049576,4,51.188050314049576
7.006723499999998,100.4636627,,3,False,,0,1,1,2,,0,144.83425363124167,4,144.83425363124167
7.006570900000001,100.463529,,3,False,,1,1,2,2,,0,129.952391072631,2,129.952391072631
7.0087884,100.4678755,,4,False,,1,1,2,0,,0,6.222429871124172,4,6.222429871124172
7.009593500000002,100.4696179,,3,False,,2,4,6,0,,0,3.981177988209966,4,3.981177988209966
7.008798999999999,100.471862,,3,False,,1,2,3,0,,0,25.047143092000017,4,25.047143092000017
7.0084292,100.4723864,,3,False,,0,0,0,1,,0,48.78191693676114,4,48.78191693676114
7.006818100000002,100.4645525,,3,False,,1,2,3,1,,0,178.5449356056705,2,178.5449356056705
7.005453700000001,100.4638537,,1,False,,0,0,0,0,,0,12.16728694685307,4,12.16728694685307
7.006395999999999,100.46320170000001,,3,False,,0,1,1,4,,0,124.08894710861487,2,124.08894710861487
7.008723100000001,100.4674586,,1,False,,0,1,1,0,,0,50.69676394399936,4,50.69676394399936
7.009307800000001,100.4678037,,3,False,,0,0,0,1,,0,62.93304493088679,4,62.93304493088679
7.0101143,100.4698017,,3,False,,0,1,1,1,,0,41.23192081595445,1,41.23192081595445
7.006641499999998,100.4716838,,1,False,,0,2,2,0,,0,65.8466702733476,3,65.8466702733476
7.007501,100.4720857,,4,False,,1,0,1,5,,0,46.18750952650313,3,46.18750952650313
7.008685100000001,100.4712546,,3,False,,2,2,4,2,,0,91.84349293459036,4,91.84349293459036
7.009438900000001,100.4717569,,3,False,,0,0,0,2,,0,84.28654803761198,4,84.28654803761198
7.0085628,100.4730775,,4,False,,0,0,0,1,,0,27.281820442915322,3,27.281820442915322
7.0044641,100.4735222,,3,False,,1,1,2,2,,0,28.41323429532465,5,28.41323429532465
7.004942399999999,100.4731341,,4,False,,2,0,2,1,,0,78.78577501804682,5,78.78577501804682
7.006291300000002,100.4723468,,4,False,,1,1,2,0,,0,63.12752894959478,4,63.12752894959478
7.0009887,100.4712661,,4,False,,0,0,0,1,,0,94.80431633834866,2,94.80431633834866
7.0020489999999995,100.4717988,,3,False,,1,0,1,1,,0,93.7817250854349,2,93.7817250854349
7.002936,100.4725423,,3,False,,1,1,2,0,,0,41.41765550041924,2,41.41765550041924
7.003745099999999,100.4728685,,4,False,,3,1,4,3,,0,91.76493993902153,2,91.76493993902153
7.004492399999999,100.473691,,3,False,,1,2,3,2,,0,11.98367405710701,5,11.98367405710701
7.003803099999998,100.4735586,,4,False,,0,1,1,0,,0,88.83410890069685,5,88.83410890069685
7.0063903,100.4728006,,3,False,,1,1,2,1,,0,20.12848062441273,4,20.12848062441273
7.004948500000001,100.4735681,,3,False,,0,0,0,1,,0,45.10594623716739,5,45.10594623716739
7.0060549,100.471297,,3,False,,1,0,1,1,,0,143.114248231985,3,143.114248231985
7.0045161,100.4739438,,4,False,,1,2,3,1,,0,22.66630767087398,5,22.66630767087398
7.003031499999999,100.4736599,,4,False,,1,1,2,4,,0,16.135467822594205,3,16.135467822594205
7.003837399999998,100.4739745,,4,False,,2,0,2,1,,0,67.9585500697751,1,67.9585500697751
7.006506599999999,100.4731951,,3,False,,2,1,3,1,,0,41.85131727595299,4,41.85131727595299
7.0075899,100.4725064,,3,False,,2,0,2,1,,0,72.95789753179334,3,72.95789753179334
7.001608100000001,100.4688942,,3,False,,0,0,0,1,,0,54.914471194786636,3,54.914471194786636
7.000710799999999,100.4690132,,3,False,,1,0,1,3,,0,86.73688163261924,4,86.73688163261924
7.0016772,100.4693542,,1,False,,0,0,0,1,,0,51.5550814138685,2,51.5550814138685
7.0007589,100.469339,,3,False,,1,1,2,2,,0,60.646681561951034,4,60.646681561951034
6.999536999999999,100.4695463,,3,False,,1,1,2,4,,0,87.12467416236558,3,87.12467416236558
7.0007982,100.4695726,,1,False,,0,1,1,3,,0,49.975256560087125,4,49.975256560087125
7.000336099999999,100.4713553,,3,False,,0,2,2,0,,0,84.05209341064956,1,84.05209341064956
7.002844700000001,100.47170660000002,,3,False,,0,0,0,0,,0,133.93266786691714,2,133.93266786691714
7.002974199999999,100.472975,,3,False,,0,1,1,0,,0,9.056330752262195,2,9.056330752262195
6.997783299999998,100.4739017,,4,False,,1,1,2,1,,0,22.325689464999318,3,22.325689464999318
6.997963199999999,100.4731256,,3,False,,4,1,5,1,,0,23.651182694905792,1,23.651182694905792
6.995974799999999,100.474307,,3,False,,0,1,1,2,,0,68.65523513754974,4,68.65523513754974
6.9978692,100.474297,,3,False,,0,0,0,1,,0,60.66436154140566,3,60.66436154140566
6.995660899999999,100.4743975,,3,False,,1,2,3,2,,0,76.46948876923437,2,76.46948876923437
6.9963657,100.4747009,,3,False,,0,0,0,3,,0,105.83941145301557,4,105.83941145301557
6.997512599999999,100.4743928,,3,False,,1,1,2,1,,0,83.90840879620801,3,83.90840879620801
6.998080799999999,100.47455,,3,False,,2,0,2,1,,0,90.23453517194315,3,90.23453517194315
6.995132599999999,100.4735466,,3,False,,0,0,0,3,,0,38.62403429084318,2,38.62403429084318
6.9958718,100.4748039,,3,False,,0,1,1,1,,0,84.36158768631199,5,84.36158768631199
6.996634299999998,100.4749629,,3,False,,0,2,2,0,,0,140.58794807610062,4,140.58794807610062
6.997468700000001,100.4752768,,3,False,,1,0,1,0,,0,115.66361316838756,1,115.66361316838756
6.994877099999999,100.4731298,,4,False,,0,1,1,1,,0,90.86130821390398,2,90.86130821390398
6.9956686999999995,100.4734079,,3,False,,0,2,2,4,,0,46.96231806709709,2,46.96231806709709
6.9949299,100.4753132,,4,False,,0,2,2,1,,0,55.028558343460254,5,55.028558343460254
6.996066299999999,100.4751233,,3,False,,2,2,4,1,,0,78.81235717781912,5,78.81235717781912
6.996532799999999,100.47522200000002,,3,False,,2,0,2,1,,0,125.28529099726524,5,125.28529099726524
6.9981727,100.4759138,,4,False,,1,1,2,0,,0,73.86000553249856,4,73.86000553249856
6.997313200000001,100.4712056,,1,False,,1,1,2,0,,0,90.79823752449464,5,90.79823752449464
7.0089826,100.4701012,,3,False,,0,2,2,1,,0,43.317679510275745,4,43.317679510275745
7.0088778,100.4701216,,3,False,,0,1,1,1,,0,35.53187917364826,4,35.53187917364826
7.008916200000001,100.4695471,,3,False,,0,0,0,3,,0,18.809799704220627,3,18.809799704220627
7.0089958999999995,100.4706272,,1,False,,0,0,0,0,,0,35.78390533321564,4,35.78390533321564
7.0084964,100.4701957,,3,False,,0,1,1,1,,0,37.181566099371494,4,37.181566099371494
6.999174399999999,100.4700979,,3,False,,2,0,2,1,,0,58.67683417923139,2,58.67683417923139
7.0096127,100.4677754,,3,False,,0,0,0,3,,0,90.26428010639634,2,90.26428010639634
7.0084381,100.4686692,,1,False,,0,1,1,0,,0,35.62724718097966,2,35.62724718097966
7.0105593,100.46995930000001,,3,False,,0,0,0,1,,0,44.43235281293045,2,44.43235281293045
7.010163599999999,100.4677243,,3,False,,2,0,2,2,,0,35.140523734728,2,35.140523734728
7.007011099999997,100.465446,,3,False,,1,3,4,3,,0,197.42916913608715,5,197.42916913608715
7.0052582,100.4636401,,1,False,,0,1,1,0,,0,21.319281396153123,4,21.319281396153123
7.005876799999999,100.46244460000001,,3,False,,0,2,2,3,,0,57.413713924113544,5,57.413713924113544
7.0095962,100.4675789,,1,False,,0,0,0,2,,0,98.10418804811975,2,98.10418804811975
7.0107398,100.470007,,4,False,,0,3,3,2,,0,58.88885942780898,2,58.88885942780898
7.010527500000001,100.47009390000001,,4,False,,0,2,2,4,,0,57.725918425932306,1,57.725918425932306
7.0102516999999995,100.4677101,,3,False,,2,0,2,1,,0,29.217229937284596,2,29.217229937284596
6.9962061,100.43150180000002,,3,False,,1,0,1,1,,0,2688.858493591501,1,108.39216487688599
6.998635699999999,100.436266,,3,False,,0,0,0,3,,0,2106.563360189253,1,120.3197404310158
6.998498800000001,100.4352508,,3,False,,0,1,1,2,,0,2204.8790429826527,4,78.80367684497716
6.9987158,100.4362567,,3,False,,1,1,2,2,,0,2101.967081669167,1,127.08453628012316
6.9987327,100.4390213,,3,False,,0,0,0,1,,0,1840.741998292959,5,95.08613304445228
6.9988466,100.4389881,,3,False,,1,0,1,0,,0,1836.8948058417313,5,106.14466201549132
6.9985391,100.43904100000002,,3,False,,0,1,1,1,,0,1850.8366232454814,1,75.96843426238785
6.9987103,100.4421222,,3,False,,0,2,2,3,,0,1568.0554965232373,3,96.46587877916643
6.9988505,100.4421246,,4,False,,2,0,2,0,,0,1557.8314080050204,3,81.16576059228298
6.9985,100.43813040000002,,3,False,,1,0,1,1,,0,1937.3119078129878,2,36.35801904811102
6.9986407999999996,100.4433909,,3,False,,1,1,2,2,,0,1469.6283203134237,4,41.472444183487504
6.9999139,100.44179330000001,,3,False,,3,1,4,4,,0,1514.4332359489695,3,48.61156208811662
6.9988079,100.4426079,,3,False,,1,0,1,2,,0,1520.4670031304197,3,103.49796331425307
6.998512900000001,100.4376234,,3,False,,3,1,4,2,,0,1984.0281853346958,2,41.68089586345962
6.9983847,100.4381343,,4,False,,0,1,1,0,,0,1943.8329205190748,2,47.01018719339089
6.998794099999999,100.44341,,3,False,,0,4,4,2,,0,1456.3241249027587,4,37.880453548508356
6.9984451,100.4468693,,3,False,,1,2,3,0,,0,1242.3471042086928,3,120.53142143894918
7.000697099999997,100.4415462,,3,False,,2,0,2,1,,0,1488.478096064777,3,136.713956597193
7.0000562,100.4422001,,4,False,,2,2,4,0,,0,1468.826805531078,3,53.85820790147929
6.9988089,100.4430397,,3,False,,0,0,0,0,,0,1484.9912707376793,4,78.74804596587396
6.9984807999999985,100.4372401,,3,False,,0,1,1,1,,0,2022.045517070712,1,64.7423715473576
6.998375699999999,100.4376278,,4,False,,2,0,2,4,,0,1991.609896072012,2,52.266412095059245
6.998665899999999,100.4453144,,1,False,,2,2,4,2,,0,1323.6138942083826,1,14.63404268135561
6.9993848,100.4496259,,3,False,,1,2,3,0,,0,938.9495778267415,4,22.452203246709416
6.998195600000001,100.4845471,,4,False,,0,0,0,1,,0,151.27764430906674,3,151.27764430906674
6.998334500000001,100.4845477,,4,False,,0,0,0,0,,0,164.0458598397273,3,164.0458598397273
6.997586399999999,100.4845671,,3,False,,2,0,2,2,,0,106.04379882108498,3,106.04379882108498
6.9981684,100.4838664,,3,False,,3,0,3,2,,0,120.67754641495338,3,120.67754641495338
6.999532699999999,100.4843975,,3,False,,0,1,1,5,,0,99.88502356070516,3,99.88502356070516
6.998596199999999,100.4868002,,3,True,โรงเรียนเทศบาล 4 (วัดคลองเรียน),0,0,0,1,,0,81.39666651195371,5,81.39666651195371
6.997619299999999,100.4850319,,3,False,,0,1,1,4,,0,153.5360844591224,3,153.5360844591224
6.996743099999999,100.4846194,,3,False,,1,1,2,3,,0,103.16421693082604,3,103.16421693082604
6.996321299999999,100.4843007,,3,False,,0,1,1,0,,0,61.35486786668156,2,61.35486786668156
6.998180999999999,100.4828655,,3,False,,0,0,0,1,,0,106.8999169480213,5,106.8999169480213
7.000128700000001,100.4843142,,3,False,,1,1,2,1,,0,43.569273017549186,5,43.569273017549186
6.9992007,100.4833321,,3,False,,2,2,4,1,,0,144.31591825680044,4,144.31591825680044
6.9984844,100.4868149,,3,False,,0,0,0,0,,0,69.4349529638683,5,69.4349529638683
6.998848299999998,100.4887028,traffic_signals,3,False,,1,1,2,1,,0,81.44967807203764,3,81.44967807203764
6.997978299999999,100.48503610000002,,1,False,,1,3,4,2,,0,173.16730202550315,3,173.16730202550315
6.997230399999999,100.4850438,,1,False,,2,2,4,0,,0,115.97953954543502,1,115.97953954543502
6.996775,100.4849428,,1,False,,0,2,2,2,,0,78.17783634127632,3,78.17783634127632
6.9962858,100.4844419,,1,False,,1,1,2,0,,0,76.54958119382562,2,76.54958119382562
6.9961979,100.4837306,,1,False,,0,0,0,0,,0,6.147156074685299,2,6.147156074685299
6.9962031,100.4842949,,1,False,,0,0,0,3,,0,60.4282830889392,2,60.4282830889392
6.997559099999999,100.4831873,,1,False,,0,1,1,1,,0,60.515535404056855,1,60.515535404056855
6.998192399999999,100.4818363,,4,False,,0,0,0,0,,0,67.43197597054524,5,67.43197597054524
7.0002469000000005,100.4843025,,3,False,,1,0,1,2,,0,36.265848133782306,5,36.265848133782306
7.000739099999999,100.4834364,,3,False,,1,0,1,2,,0,131.6426244893597,5,131.6426244893597
6.9989128,100.4826697,,1,False,,0,1,1,0,,0,67.24134282232654,5,67.24134282232654
6.9995592,100.48321650000001,,3,False,,2,1,3,4,,0,125.2295806475899,4,125.2295806475899
6.998449099999999,100.4865589,,3,False,,1,0,1,4,,0,82.60833118664206,5,82.60833118664206
6.9988155,100.48891640000001,,7,False,,0,2,2,3,,0,86.87735820871522,4,86.87735820871522
6.999031399999998,100.4890569,,3,False,,0,0,0,1,,0,69.82153686903281,3,69.82153686903281
6.9983557,100.4818326,,3,False,,0,1,1,1,,0,51.659176536208726,5,51.659176536208726
6.998222099999998,100.4798651,traffic_signals,4,False,,0,1,1,0,,0,45.93471974002181,2,45.93471974002181
7.000717,100.4842535,,3,False,,0,0,0,1,,0,49.30602848070614,5,49.30602848070614
7.000394000000001,100.4847076,,3,False,,0,0,0,0,,0,13.95689430981473,5,13.95689430981473
7.000732299999999,100.4830486,,3,False,,2,1,3,2,,0,121.04396466451041,5,121.04396466451041
7.0014449999999995,100.4830727,,3,False,,1,0,1,0,,0,111.41918930364739,5,111.41918930364739
7.0001427,100.4834575,,1,False,,1,3,4,1,,0,128.02696374712832,5,128.02696374712832
6.999441999999999,100.48260610000001,,3,False,,0,3,3,2,,0,59.83655735307606,4,59.83655735307606
6.9981325,100.4865996,,3,False,,0,0,0,1,,0,58.53402819214052,5,58.53402819214052
6.9983859,100.4861273,,3,False,,1,2,3,2,,0,117.68738180472096,5,117.68738180472096
6.9987495,100.4887355,,3,False,,0,2,2,2,,0,90.47154534800006,1,90.47154534800006
6.9985888,100.4889053,,3,False,,0,0,0,3,,0,110.67745068706083,1,110.67745068706083
6.9987744,100.48902050000001,,4,False,,2,0,2,5,,0,94.3153189738237,4,94.3153189738237
6.999206499999999,100.4891637,,3,False,,0,0,0,2,,0,61.853282722710205,3,61.853282722710205
6.9983746,100.4798729,,3,False,,0,2,2,0,,0,59.89972411807853,2,59.89972411807853
6.9982341,100.4795858,,4,False,,0,0,0,1,,0,35.103853003812446,2,35.103853003812446
6.997348299999998,100.4797389,,3,False,,0,0,0,3,,0,33.97027044986345,5,33.97027044986345
6.9981824,100.4758359,,3,False,,0,1,1,0,,0,77.67242557978605,4,77.67242557978605
6.998113099999999,100.4750057,traffic_signals,3,False,,0,0,0,5,,0,83.79846929303211,3,83.79846929303211
6.9979876999999995,100.4758931,,3,False,,1,0,1,2,,0,93.0645114016562,4,93.0645114016562
6.997023699999999,100.4753561,,3,False,,0,0,0,1,,0,98.98514843367545,1,98.98514843367545
6.997027599999998,100.4759806,,3,False,,0,0,0,2,,0,30.396811569782503,1,30.396811569782503
6.9980495,100.4763059,,4,False,,0,1,1,1,,0,77.70913655768318,4,77.70913655768318
6.996611,100.47526300000001,,3,False,,2,2,4,1,,0,120.91507872110914,1,120.91507872110914
6.9970663,100.476439,,3,False,,0,1,1,2,,0,20.96706070963454,1,20.96706070963454
6.998242399999999,100.47628490000001,,4,False,,1,0,1,2,,0,56.26414877044078,4,56.26414877044078
6.9980753,100.4766638,,1,False,,1,1,2,1,,0,49.56166070941099,2,49.56166070941099
6.996640099999996,100.4764592,,4,False,,0,0,0,1,,0,54.190740837748386,1,54.190740837748386
7.000526099999999,100.4741073,,3,False,,0,1,1,2,,0,53.96978464529534,4,53.96978464529534
6.998354199999999,100.4762656,,3,False,,1,0,1,4,,0,43.802610883698456,4,43.802610883698456
6.9971237,100.4764354,,3,False,,0,0,0,2,,0,20.965263052972897,1,20.965263052972897
6.996191599999999,100.4765304,,3,False,,0,0,0,4,,0,61.43301795358083,1,61.43301795358083
6.996703799999999,100.4771321,,1,False,,0,1,1,1,,0,42.31434109497278,3,42.31434109497278
7.000483299999999,100.47360130000001,,3,False,,1,3,4,2,,0,108.75197545123254,4,108.75197545123254
7.000598800000001,100.4747528,,4,False,,0,0,0,2,,0,27.499817719784776,4,27.499817719784776
6.998429300000001,100.4770089,,3,False,,0,0,0,1,,0,57.28197673194662,2,57.28197673194662
6.9956925,100.4752709,,1,False,,2,0,2,0,,0,34.49330200748037,5,34.49330200748037
6.9960393,100.47652,,3,False,,0,2,2,1,,0,66.45985308318043,1,66.45985308318043
6.996347899999999,100.4773373,,3,False,,0,0,0,2,,0,30.076400274054915,1,30.076400274054915
6.9951683,100.4757563,,4,False,,0,0,0,2,,0,46.50269533563683,5,46.50269533563683
6.9945536000000015,100.47557,,3,False,,1,1,2,0,,0,96.93234343458582,5,96.93234343458582
6.994690100000001,100.4747356,,3,False,,3,0,3,1,,0,105.31145821968454,2,105.31145821968454
6.999372799999999,100.4894042,,3,False,,0,1,1,2,,0,75.9383072102152,4,75.9383072102152
6.9989481,100.48913540000001,traffic_signals,3,False,,1,2,3,4,,0,82.14492530096007,4,82.14492530096007
6.9990853,100.4902604,,3,False,,1,1,2,5,,0,175.73441809388538,4,175.73441809388538
6.998754599999999,100.4901647,,3,False,,1,0,1,3,,0,181.19267463003507,3,181.19267463003507
6.9990353999999995,100.4904075,,3,False,,1,2,3,1,,0,192.89788578450583,3,192.89788578450583
6.9986022,100.4892827,,3,False,,1,0,1,2,,0,123.43337772079124,4,123.43337772079124
6.998490499999999,100.49023010000002,,1,False,,3,1,4,2,,0,203.34172485357985,4,203.34172485357985
6.9989483,100.4907475,,3,False,,0,0,0,2,,0,231.60323751258753,3,231.60323751258753
6.997113699999999,100.48800220000001,,3,False,,2,3,5,2,,0,10.029392351336186,3,10.029392351336186
6.998534399999998,100.4893923,,1,False,,2,0,2,2,,0,135.98178335061783,3,135.98178335061783
6.998247199999999,100.4891928,,1,False,,0,1,1,1,,0,151.56491266914102,1,151.56491266914102
6.998979,100.4908541,,3,False,,0,0,0,0,,0,241.8932246830492,3,241.8932246830492
7.0000864,100.4897059,,3,False,,1,3,4,0,,0,111.75191943625481,4,111.75191943625481
6.9992016,100.4869933,,1,False,,1,0,1,0,,0,113.58810240335043,1,113.58810240335043
6.996800999999999,100.4878108,,3,False,,1,0,1,1,,0,33.340582691966745,3,33.340582691966745
6.9966553,100.4894036,,3,False,,2,0,2,1,,0,170.9721301712805,3,170.9721301712805
6.9990228,100.4910795,,3,False,,1,1,2,1,,0,264.74123968136996,3,264.74123968136996
7.0002748,100.4907777,,1,False,,0,1,1,1,,0,224.58512314104595,4,224.58512314104595
7.001387599999999,100.4907371,,4,False,,2,1,3,1,,0,220.07691548356794,1,220.07691548356794
7.0014601999999995,100.4906187,,3,False,,2,0,2,0,,0,207.77282955624602,1,207.77282955624602
7.0009105,100.4903609,,3,False,,0,0,0,2,,0,181.90130355021213,1,181.90130355021213
7.0015974,100.4907153,,3,False,,0,0,0,4,,0,220.51373838666404,1,220.51373838666404
7.000677999999998,100.4909198,,1,False,,0,1,1,2,,0,241.47231996779303,4,241.47231996779303
7.000704099999999,100.4902219,,3,False,,1,0,1,0,,0,165.704320122245,4,165.704320122245
7.0015252,100.4908338,,4,False,,1,0,1,2,,0,232.23698720207136,1,232.23698720207136
7.003322099999999,100.4916819,,3,False,,1,2,3,1,,0,147.40941235392813,1,147.40941235392813
7.0003569,100.4911382,,3,False,,0,0,0,1,,0,263.9501919422638,4,263.9501919422638
7.001623699999999,100.491933,,3,False,,0,1,1,3,,0,335.87431816951386,1,335.87431816951386
7.002990699999999,100.4901751,,3,False,,2,1,3,1,,0,157.6682593284193,1,157.6682593284193
7.0048536,100.4923165,,4,False,,0,1,1,0,,0,121.56564060611844,2,121.56564060611844
7.000445200000001,100.4911391,,1,False,,0,0,0,1,,0,263.98570644909967,4,263.98570644909967
6.999708999999999,100.4911985,,1,False,,2,1,3,0,,0,270.8869803505739,3,270.8869803505739
7.001554799999999,100.4919398,,4,False,,1,2,3,1,,0,343.4689398355515,1,343.4689398355515
7.002922399999999,100.4899152,,4,False,,1,0,1,1,,0,128.74146376197928,1,128.74146376197928
7.0024432,100.49030080000001,,1,False,,1,1,2,2,,0,175.904709860641,3,175.904709860641
7.004913099999999,100.4911924,,3,False,,4,0,4,2,,0,37.01799667282866,1,37.01799667282866
7.004957599999999,100.4923631,traffic_signals,4,False,,2,0,2,5,,0,129.76059333376205,2,129.76059333376205
6.995876399999999,100.476568,,1,False,,0,0,0,1,,0,61.798590288271036,2,61.798590288271036
6.9965226,100.4762126,,1,False,,0,1,1,2,,0,62.145024379888234,1,62.145024379888234
6.996629900000001,100.4772313,,3,False,,1,2,3,1,,0,45.07948223389072,1,45.07948223389072
6.996161,100.4773842,,3,False,,0,0,0,0,,0,34.66860344395167,1,34.66860344395167
6.9971614,100.4769654,,1,False,,0,0,0,1,,0,15.630501356254163,3,15.630501356254163
6.997048599999999,100.4770955,,1,False,,0,1,1,3,,0,4.069337777925716,3,4.069337777925716
6.996350400000001,100.4782467,,3,False,,2,1,3,3,,0,56.70627486211506,1,56.70627486211506
6.995880399999999,100.4774545,,3,False,,1,0,1,0,,0,57.898737662355664,1,57.898737662355664
7.0001075,100.4893111,,3,False,,1,1,2,1,,0,70.79708834152609,4,70.79708834152609
7.000723999999999,100.490114,,3,False,,0,0,0,3,,0,154.49017739412795,4,154.49017739412795
6.996453199999999,100.4875979,,3,False,,1,1,2,3,,0,78.077384005685,3,78.077384005685
6.996162299999999,100.4887365,,3,False,,1,0,1,0,,0,136.30412917189466,3,136.30412917189466
6.996468899999999,100.489398,,3,False,,1,1,2,2,,0,177.21396695050367,3,177.21396695050367
7.000764000000001,100.4896622,,3,False,,0,0,0,2,,0,107.85787254219896,4,107.85787254219896
7.000108099999999,100.4889106,,3,False,,2,1,3,1,,0,38.46036166405288,4,38.46036166405288
7.0013634,100.4905506,,3,False,,1,0,1,1,,0,199.3391167886565,1,199.3391167886565
7.001511899999998,100.4896641,,1,False,,3,0,3,2,,0,105.06738128956378,1,105.06738128956378
6.9981675,100.4868624,,1,False,,0,0,0,0,,0,36.94960866187132,5,36.94960866187132
6.9974193,100.4867855,,1,False,,0,2,2,1,,0,64.09314629858552,5,64.09314629858552
6.996069500000001,100.4887027,,3,False,,0,1,1,1,,0,141.81654708252242,3,141.81654708252242
6.995724999999999,100.4871723,,3,False,,1,0,1,3,,0,171.2509774294178,3,171.2509774294178
6.996573499999999,100.4888811,,1,False,,1,1,2,2,,0,120.5547167733155,3,120.5547167733155
6.9983906000000005,100.4794398,,4,False,,0,0,0,0,,0,54.755873041451984,2,54.755873041451984
6.9983835999999995,100.4795413,,4,False,,3,1,4,1,,0,51.84339644736797,2,51.84339644736797
7.004241599999999,100.4803944,,3,False,,2,1,3,1,,0,37.86990654704696,5,37.86990654704696
7.0042517,100.4796545,,3,False,,1,2,3,1,,0,37.50648491041226,3,37.50648491041226
7.004813000000001,100.4804894,,3,False,,1,0,1,2,,0,26.638349942665123,5,26.638349942665123
6.9982394,100.4794629,,3,False,,0,0,0,1,,0,38.08880140284442,2,38.08880140284442
6.997045199999998,100.4784928,,3,False,,1,0,1,1,,0,92.41341070392188,1,92.41341070392188
7.004254099999999,100.4793799,,1,False,,0,1,1,1,,0,42.786816749976154,3,42.786816749976154
7.0047448999999995,100.4796058,,3,False,,0,1,1,0,,0,18.038197814937707,3,18.038197814937707
7.0047995,100.4797866,,3,False,,2,1,3,2,,0,32.799305169898496,3,32.799305169898496
7.005120099999998,100.4805404,traffic_signals,4,False,,1,2,3,0,,0,60.911356537116454,5,60.911356537116454
6.9964112,100.47845650000001,,3,False,,0,0,0,0,,0,37.00488801356032,1,37.00488801356032
6.9975217999999995,100.4783499,,1,False,,0,0,0,0,,0,62.13588452593538,3,62.13588452593538
7.004614000000001,100.4779563,,3,False,,2,0,2,0,,0,95.64407419257194,5,95.64407419257194
7.005029399999999,100.479772,,3,False,,0,1,1,1,,0,47.628880134813144,2,47.628880134813144
7.0051541,100.4805461,traffic_signals,4,False,,1,0,1,1,,0,64.71701862356079,5,64.71701862356079
6.996115300000001,100.4791971,,3,False,,1,1,2,1,,0,45.19923180115495,3,45.19923180115495
6.996553999999999,100.47959620000002,,3,False,,1,0,1,3,,0,33.64734006332024,3,33.64734006332024
6.996539600000001,100.4801906,,3,False,,1,1,2,3,,0,74.3469153701477,3,74.3469153701477
7.004305499999999,100.4780565,,3,False,,0,1,1,2,,0,63.34197417040086,5,63.34197417040086
7.0047489,100.476776,,3,False,,0,1,1,3,,0,60.93164812546736,3,60.93164812546736
7.004785299999999,100.4772087,,3,False,,1,1,2,0,,0,108.25225658536088,3,108.25225658536088
7.005161099999999,100.480653,traffic_signals,4,False,,0,1,1,4,,0,69.02114128603729,5,69.02114128603729
7.006534199999999,100.4807754,,3,False,,0,0,0,2,,0,72.51515146486737,5,72.51515146486737
7.0193712,100.489695,,3,False,,0,0,0,2,,0,265.267150162053,5,69.79370593587237
7.019256800000001,100.4897079,,3,False,,0,0,0,2,,0,252.7847858092927,5,57.70894288861235
7.019518600000001,100.491756,,3,False,,0,0,0,2,,0,271.7185443922738,3,92.36887765028877
7.019185399999999,100.4891308,,3,False,,1,0,1,3,,0,272.43008105398513,5,69.41175747535885
7.0195293,100.4921809,,3,False,,0,0,0,1,,0,270.6990428251001,3,86.8495594673043
7.020576599999998,100.4916996,,3,False,,1,0,1,1,,0,388.6182401782681,1,89.5141446542445
7.0191552,100.4888148,,3,False,,1,1,2,2,,0,289.50914020193574,5,96.00811675485424
7.018091299999999,100.4892127,,3,False,,1,1,2,4,,0,173.5465744057111,5,83.56246755184779
7.0195295,100.4923539,,3,False,,1,1,2,2,,0,272.1531772451962,3,91.23631768305442
7.020579799999999,100.4921746,,3,False,,2,1,3,2,,0,386.7840825432199,1,126.20606357751255
7.021289999999999,100.4917164,,3,False,,1,1,2,3,,0,466.9523405810492,1,51.71887890417205
7.019120600000001,100.488491,,3,False,,1,2,3,0,,0,309.87019125594276,3,75.5381525506006
7.0186634,100.4888186,,1,False,,0,1,1,3,,0,248.4030038896295,5,85.03146411136117
7.017152699999998,100.4892415,,3,False,,0,1,1,1,,0,113.6381125061872,2,113.6381125061872
7.0168430000000015,100.4898595,,4,False,,1,1,2,3,,0,67.05013865167167,3,67.05013865167167
7.019569899999999,100.4932808,,3,False,,0,0,0,1,,0,305.14629362297956,2,104.44097227556922
7.0210649,100.4926078,,1,False,,1,1,2,0,,0,444.0934181787389,5,127.84321890334063
7.020875500000001,100.492176,,1,False,,0,1,1,2,,0,419.4772147954666,1,110.37166903526119
7.0217037,100.4917104,,4,False,,1,0,1,1,,0,512.5963669169334,1,71.44658975606197
7.021250899999999,100.4909832,,1,False,,2,3,5,1,,0,465.0962295663258,1,29.47702808749959
7.0190841,100.488251,,3,False,,1,0,1,1,,0,315.57431733988005,3,52.24414594312325
7.017745700000001,100.4884917,,1,False,,1,2,3,1,,0,167.84386377306004,3,127.9469163887734
7.0168593999999995,100.4892521,,3,False,,0,2,2,1,,0,87.28545089538606,2,87.28545089538606
7.0171553,100.4887164,,3,False,,1,1,2,0,,0,100.18019549575776,2,100.18019549575776
7.0168303000000005,100.4902623,,4,False,,0,0,0,2,,0,32.76932294864958,3,32.76932294864958
7.0162467,100.4899594,,1,False,,0,3,3,2,,0,50.52204815588339,1,50.52204815588339
7.0196037,100.4940953,,3,False,,2,2,4,2,,0,283.8798156158888,2,101.82253293143914
7.021707699999999,100.4934254,,3,False,,0,0,0,4,,0,467.4589813761085,3,54.878262526349545
7.0221652,100.4916813,,3,False,,0,1,1,0,,0,563.7247968471421,3,95.79276426430236
7.021669,100.4908751,mini_roundabout,3,False,,2,1,3,0,,0,509.6233353345202,1,62.14917623288964
6.994826699999998,100.4727214,,3,False,,0,1,1,1,,0,121.00336898595359,1,121.00336898595359
6.9941766,100.4731619,,3,False,,1,1,2,3,,0,54.402338974514464,3,54.402338974514464
6.9955241,100.47302670000002,,3,False,,2,0,2,4,,0,80.79440057098846,2,80.79440057098846
6.994170399999998,100.4727516,,3,False,,1,0,1,3,,0,49.938481165311714,1,49.938481165311714
6.9958618,100.4724864,,3,False,,1,2,3,2,,0,64.05323361112521,2,64.05323361112521
6.9941204,100.4732049,,3,False,,0,1,1,1,,0,51.883669830345305,1,51.883669830345305
6.996016099999999,100.472851,,3,False,,0,0,0,1,,0,26.863584933747234,2,26.863584933747234
6.993379299999998,100.4727148,,3,False,,3,1,4,3,,0,46.66788044832053,1,46.66788044832053
6.9939792999999995,100.4735127,,3,False,,2,0,2,1,,0,36.474553429676426,5,36.474553429676426
6.9944199,100.4741913,,3,False,,1,1,2,0,,0,85.81360383060208,2,85.81360383060208
6.9933541,100.4725464,,3,False,,1,1,2,2,,0,59.91918275031321,1,59.91918275031321
6.9922775999999995,100.4732314,,3,False,,1,3,4,0,,0,166.49406114873204,3,166.49406114873204
6.996454699999999,100.4727327,,3,False,,1,1,2,2,,0,30.422903310667227,2,30.422903310667227
6.993853699999999,100.4738634,,3,False,,0,2,2,0,,0,16.98500057912012,5,16.98500057912012
6.992651600000001,100.47374600000002,,3,False,,0,0,0,3,,0,121.46488913856714,5,121.46488913856714
6.994106599999999,100.4744008,,4,False,,2,1,3,1,,0,44.29189361762487,2,44.29189361762487
6.993179600000002,100.4720856,,3,False,,2,0,2,1,,0,111.40097121186704,1,111.40097121186704
6.991698099999999,100.4742783,,1,False,,0,0,0,1,,0,132.79564320319943,3,132.79564320319943
6.9965847,100.473036,,1,False,,2,1,3,1,,0,39.290421585182635,2,39.290421585182635
6.9924369,100.4737955,,1,False,,2,0,2,2,,0,145.29320876835078,5,145.29320876835078
6.9928184,100.474926,,4,False,,1,0,1,2,,0,55.291572174642305,4,55.291572174642305
7.040229599999999,100.5032315,,3,False,,1,2,3,4,,0,818.5846231320531,3,409.33378570730264
7.0409084,100.5033312,,3,False,,0,0,0,1,,0,894.4497892190029,3,439.22451418161893
7.040363199999999,100.5026938,,1,False,,2,0,2,2,,0,826.22776504571,3,354.2982855306907
7.040832799999999,100.5025462,,3,False,,1,0,1,2,,0,876.8932116911934,3,355.30206253634884
7.041966400000001,100.5034698,,3,False,,1,2,3,1,,0,1012.4143403132332,3,503.79489193838583
7.0407808,100.5020069,,3,False,,1,1,2,1,,0,869.6913551771431,3,298.7094245755796
7.0412614,100.502546,,1,False,,0,0,0,1,,0,924.2119385388127,3,376.2566855501454
7.041871999999999,100.5022412,,3,False,,4,3,7,1,,0,990.4736822536311,3,387.65769850084627
7.042568499999997,100.5035478,,3,False,,0,0,0,4,,0,1079.5356679789934,1,531.4504732272777
7.040746399999999,100.5016846,,3,False,,1,0,1,0,,0,866.9660941975825,3,265.3943439687417
7.041023299999998,100.502004,,1,False,,1,1,2,0,,0,896.509920355694,3,311.25093438023436
7.041835099999999,100.5018684,,4,False,,1,0,1,3,,0,986.525285869882,3,354.5955825505134
7.042597,100.5022365,,1,False,,0,0,0,1,,0,1070.6275466528887,1,386.8020629134463
7.042578599999999,100.5028041,,3,False,,1,3,4,1,,0,1071.4224254475498,1,449.4485304074058
7.0431936,100.5036289,,3,False,,4,3,7,4,,0,1149.2250749406996,1,539.882716654189
7.041149300000002,100.5016732,,1,False,,1,0,1,2,,0,911.5275404351091,3,288.6121057315083
7.041231999999998,100.5018817,,1,False,,0,1,1,1,,0,919.8158024613302,3,312.5947830225791
7.0426777,100.5028345,,1,False,,1,0,1,3,,0,1082.6036240595135,1,452.02262158043266
7.042576899999999,100.50269000000002,,1,False,,0,0,0,0,,0,1070.3716981967234,1,436.9039893383107
7.043179199999999,100.50378,,5,False,,2,2,4,3,,0,1150.2526090900265,1,556.4646160221303
7.044089900000001,100.5037649,,3,False,,1,1,2,2,,0,1249.474232187966,1,569.0262787578248
6.9955476,100.4764703,,3,False,,1,0,1,1,,0,28.32153280283422,2,28.32153280283422
6.99538,100.4756302,,1,False,,2,0,2,1,,0,23.938882173543544,5,23.938882173543544
6.994755,100.4759298,,3,False,,3,2,5,4,,0,81.27318623302992,2,81.27318623302992
6.9942383999999995,100.4758225,,3,False,,0,1,1,0,,0,137.79583762968895,5,137.79583762968895
7.0243279,100.50007190000001,,4,False,,1,1,2,2,,0,60.9223802399772,3,60.9223802399772
7.0243159,100.5001722,,3,False,,0,0,0,1,,0,71.46590286167778,3,71.46590286167778
7.0245313000000005,100.5001457,,3,False,,0,0,0,2,,0,62.39773918441041,3,62.39773918441041
7.0243392,100.4994628,,1,False,,2,0,2,0,,0,30.102979190681044,3,30.102979190681044
7.021831399999998,100.4989898,,3,False,,0,0,0,1,,0,121.79261449328233,5,121.79261449328233
7.024631799999999,100.4997141,,1,False,,1,2,3,2,,0,15.409621303971807,3,15.409621303971807
7.0250516,100.5003521,,3,False,,0,3,3,1,,0,40.99598001687808,2,40.99598001687808
7.0218771,100.4988971,,3,False,,0,1,1,1,,0,110.69633378127006,5,110.69633378127006
7.0206669999999995,100.498405,,3,False,,0,0,0,0,,0,60.64039735491733,1,60.64039735491733
7.025308400000001,100.5005215,,3,False,,1,0,1,1,,0,16.658079388316096,2,16.658079388316096
7.0245999,100.4990754,,1,False,,0,0,0,1,,0,56.147727685829956,3,56.147727685829956
7.0222914,100.4990738,,3,False,,0,1,1,1,,0,77.851034115016,5,77.851034115016
7.0207043,100.4983191,,4,False,,1,2,3,0,,0,54.668361462897465,1,54.668361462897465
7.0199314,100.4980641,traffic_signals,3,False,,1,0,1,3,,0,56.080496125763716,1,56.080496125763716
7.0260767,100.5007549,,3,False,,1,2,3,3,,0,41.99643135918064,3,41.99643135918064
7.026156899999999,100.4991227,,3,False,,0,0,0,1,,0,143.33071720078007,1,133.64254732265135
7.0224979,100.498537,,3,False,,0,1,1,2,,0,51.945279419149855,5,51.945279419149855
7.0239877,100.49989950000001,,3,False,,0,0,0,2,,0,74.55680985926004,3,74.55680985926004
7.0208052,100.497758,,3,False,,0,1,1,1,,0,46.40418662793001,1,46.40418662793001
7.019499799999999,100.4978484,,3,False,,1,0,1,0,,0,85.03078925650937,3,85.03078925650937
7.0196776,100.4978596,,6,False,,0,0,0,2,,0,81.97181507972658,1,81.97181507972658
7.026367799999999,100.5008686,,3,False,,2,1,3,1,,0,51.60208988301857,1,51.60208988301857
7.0261366,100.5000647,,3,False,,0,0,0,2,,0,40.858106999085905,1,40.858106999085905
7.026165099999999,100.4992895,,3,False,,1,1,2,1,,0,124.88543073091412,3,124.88543073091412
7.019730199999999,100.497509,,3,False,,1,0,1,0,,0,49.7547079584866,3,49.7547079584866
7.0199785,100.4979777,,3,False,,3,1,4,2,,0,48.92119675073739,1,48.92119675073739
7.019613599999999,100.4972114,,3,False,,0,1,1,1,,0,14.53981697916419,5,14.53981697916419
7.018319100000001,100.4973222,,4,False,,1,0,1,0,,0,54.47079537234925,4,54.47079537234925
7.0196119999999995,100.4971312,,3,False,,0,1,1,2,,0,6.165886101820229,5,6.165886101820229
7.018338,100.4972146,,3,False,,0,1,1,5,,0,47.81319978347072,4,47.81319978347072
7.017985000000001,100.4989437,,3,False,,0,1,1,1,,0,222.26953208638278,4,222.26953208638278
7.0150754,100.4956558,,3,False,,1,2,3,2,,0,46.06788468689325,5,46.06788468689325
7.0195953,100.4966099,,3,False,,0,3,3,1,,0,52.32341432495606,5,52.32341432495606
7.0191636,100.4971258,,1,False,,1,1,2,0,,0,45.97762816351207,4,45.97762816351207
7.020975399999999,100.4974613,,3,False,,1,1,2,1,,0,58.7644252980354,3,58.7644252980354
7.020085000000001,100.4976028,,1,False,,0,0,0,2,,0,50.474803445815766,1,50.474803445815766
7.019244799999999,100.4976281,,3,False,,1,0,1,0,,0,70.88068705417172,3,70.88068705417172
7.0173553,100.4987862,,3,False,,0,1,1,3,,0,155.464759142238,5,155.464759142238
7.015114900000001,100.49556,,3,False,,1,3,4,3,,0,36.93746056913111,5,36.93746056913111
7.013221799999999,100.494872,,3,False,,0,2,2,2,,0,195.02956440609213,3,195.02956440609213
7.019582200000001,100.4963029,,3,False,,3,0,3,3,,0,86.22528910712704,3,86.22528910712704
7.0186393,100.4963984,,1,False,,0,0,0,2,,0,76.65789441476544,3,20.461703865447664
7.021072199999999,100.4970381,,3,False,,0,0,0,1,,0,99.03836985892862,3,72.66363089851929
7.021350099999999,100.4984001,,1,False,,2,1,3,2,,0,54.54644134606471,3,54.54644134606471
6.9984318000000005,100.47732330000001,,3,False,,2,1,3,3,,0,62.8329141197531,2,62.8329141197531
6.999078999999999,100.4767315,,3,False,,0,1,1,0,,0,64.45045136900401,4,64.45045136900401
7.0008564,100.4746307,,3,False,,0,1,1,0,,0,48.907815396294225,4,48.907815396294225
7.036859899999998,100.5023703,,3,False,,1,1,2,2,,0,437.2110851166596,3,430.7052851817166
7.037095300000001,100.5011216,,1,False,,0,0,0,1,,0,474.1499458253293,3,323.3923032295574
7.037173499999999,100.5024528,,3,False,,0,0,0,3,,0,472.50576544241324,3,414.14596834949435
7.037281299999999,100.5024837,,3,False,,1,0,1,0,,0,484.6829162793517,3,409.2449896841818
7.0372071,100.5022879,,3,False,,0,3,3,0,,0,474.9929350227427,3,397.9086738464326
7.0372755,100.5025866,,4,False,,0,2,2,2,,0,485.2151685081182,3,418.59673200292536
7.0389168999999985,100.5029306,,3,False,,1,0,1,1,,0,670.1023563219744,3,377.0758875489453
7.037223899999998,100.5036445,,3,False,,1,0,1,1,,0,506.5795077096578,1,506.5795077096578
7.035417,100.5023058,,3,False,,0,0,0,1,,0,277.58809126278106,1,277.58809126278106
7.0391653,100.501269,,1,False,,0,0,0,1,,0,696.8333853415014,3,191.88308941306818
7.039400099999998,100.5030623,,3,False,,1,1,2,0,,0,725.0786160065294,3,384.88764763392567
7.0369187,100.5036295,,3,False,,0,1,1,2,,0,474.3854060417631,1,474.3854060417631
7.037616,100.5043872,,3,False,,0,1,1,1,,0,578.6595019430293,3,573.5888396959415
7.033974699999999,100.5022243,,3,False,,0,2,2,2,,0,118.03397501872544,1,118.03397501872544
7.035424599999999,100.5024621,,3,False,,1,0,1,3,,0,280.4775402948143,1,280.4775402948143
7.039461099999998,100.5013572,,1,False,,1,1,2,3,,0,728.144810807142,3,196.44113333650046
7.0348847,100.5021609,,3,False,,0,0,0,3,,0,217.80242349353784,1,217.80242349353784
7.035525000000001,100.5021911,,3,False,,1,0,1,1,,0,288.6865712257817,1,288.6865712257817
7.035860899999999,100.5022144,,3,False,,0,1,1,0,,0,325.90808773041107,1,325.90808773041107
7.0359549999999995,100.5009242,,3,False,,1,0,1,5,,0,359.569872222994,1,359.569872222994
7.0366851,100.5008948,,1,False,,0,0,0,2,,0,436.9278217544204,3,351.7283819689659
7.0194963999999995,100.4940909,,3,False,,3,1,4,3,,0,272.3361945214144,2,90.7270689354863
7.019660499999999,100.4955911,,3,False,,0,0,0,3,,0,165.08821656090234,2,21.076826196252618
7.0194792999999995,100.493886,,3,False,,0,2,2,3,,0,275.92962119053135,2,82.03667057786559
7.019550399999999,100.4955997,,3,False,,1,2,3,1,,0,163.95783276272564,2,20.547561803300958
7.0196746,100.4958733,,3,False,,2,0,2,0,,0,134.06943449970873,2,51.45020945210418
7.019433200000001,100.4930334,,3,False,,1,0,1,1,,0,280.25684139351876,2,109.43603932631433
7.0175612,100.493776,,4,False,,0,0,0,3,,0,103.67608990515346,2,103.67608990515346
7.019536099999999,100.4953713,,3,False,,1,0,1,1,,0,189.22397202489952,2,7.23909657171932
7.0205934,100.4960378,,3,False,,1,1,2,1,,0,160.68553299498825,3,117.15587573925103
7.0193981,100.4917299,,3,False,,0,1,1,2,,0,258.9369803706226,3,81.61674650923659
7.0187278,100.4930459,,1,False,,1,0,1,2,,0,210.66536334279544,2,77.83035258263239
7.017558299999998,100.4934562,,3,False,,0,0,0,0,,0,135.15381832622182,2,135.15381832622182
7.0175725,100.4940319,,3,False,,0,1,1,0,,0,81.47375022048045,2,81.47375022048045
7.016452799999999,100.4937133,,3,False,,0,1,1,3,,0,22.79005075460619,5,22.79005075460619
7.0194986,100.4943018,,3,False,,1,0,1,0,,0,268.8948007193137,2,102.80942449493571
7.0183692,100.4952827,,3,False,,1,0,1,4,,0,118.00744483681459,3,114.86826568361073
7.0211058,100.4961529,,3,False,,1,0,1,1,,0,195.51831915447528,3,127.96429842610571
7.0206096,100.4957864,,1,False,,2,0,2,4,,0,182.7886466835895,2,120.61660747291495
7.018753,100.4917955,,3,False,,1,0,1,0,,0,187.35668879038235,3,31.8026006084476
7.016350400000001,100.4932859,,3,False,,1,0,1,3,,0,42.27841912962088,3,42.27841912962088
7.0175598,100.4930855,,3,False,,0,0,0,0,,0,122.62092071971806,1,122.62092071971806
7.0175871,100.4942183,,3,False,,0,0,0,2,,0,68.77484617873002,2,68.77484617873002
7.017228,100.4950899,,3,False,,0,2,2,0,,0,58.20921773223856,2,58.20921773223856
7.015388699999999,100.4936481,,4,False,,1,2,3,0,,0,11.675388968791411,4,11.675388968791411
7.0165816,100.4941515,,1,False,,1,0,1,3,,0,57.55372162749195,5,57.55372162749195
7.0187209,100.4942945,,1,False,,2,0,2,2,,0,183.87879307721076,2,60.24450321151192
7.018278999999999,100.495271,,3,False,,0,0,0,2,,0,115.3468535129478,4,115.3468535129478
7.018012000000001,100.4956574,,3,False,,1,1,2,0,,0,66.31619382052898,4,66.31619382052898
7.021547,100.4962696,,3,False,,1,3,4,4,,0,184.91359315205435,1,107.70500632606148
7.0211738,100.4958326,,1,False,,1,0,1,1,,0,223.67182804742725,4,110.58045520505061
7.018632300000001,100.4827199,,3,False,,0,0,0,3,,0,71.52424650399476,3,71.52424650399476
7.0200871,100.4825667,,3,False,,0,1,1,2,,0,53.13389881976031,5,53.13389881976031
7.018691699999997,100.4833441,,3,False,,0,0,0,2,,0,45.30619302467506,4,45.30619302467506
7.020462299999998,100.4825316,,3,False,,0,0,0,2,,0,42.841486531803184,5,42.841486531803184
7.020169,100.48325910000001,,3,False,,2,1,3,2,,0,46.705805742722134,5,46.705805742722134
7.018732299999999,100.4838175,,3,False,,0,0,0,3,,0,7.710234553860516,4,7.710234553860516
7.020848199999998,100.4824815,,4,False,,1,1,2,4,,0,62.52522688315697,3,62.52522688315697
7.0201527,100.4819119,,3,False,,1,1,2,0,,0,65.74963436447244,2,65.74963436447244
7.020223399999999,100.4837239,,3,False,,0,1,1,0,,0,91.71056828725483,5,91.71056828725483
7.018776000000001,100.4843389,,3,False,,0,0,0,6,,0,65.12718351702482,4,65.12718351702482
7.0213036,100.4824238,,4,False,,3,0,3,2,,0,38.0798396023981,3,38.0798396023981
7.021004800000001,100.483672,,3,False,,0,0,0,2,,0,87.74594787222574,4,87.74594787222574
7.020820200000001,100.479319,,3,False,,2,0,2,1,,0,55.78399730982757,2,55.78399730982757
7.0185816999999995,100.4821833,,3,False,,2,2,4,2,,0,21.64161057395241,3,21.64161057395241
7.020107699999999,100.4799509,,1,False,,1,1,2,1,,0,61.76888984124662,5,61.76888984124662
7.020248799999999,100.4839403,,3,False,,2,2,4,2,,0,114.60742935842545,5,114.60742935842545
7.018800399999998,100.4845954,,3,False,,2,1,3,0,,0,93.56880894338597,4,93.56880894338597
7.021511699999999,100.4823926,,3,False,,0,1,1,2,,0,44.777244418574746,3,44.777244418574746
7.021053199999999,100.47996950000001,,1,False,,0,0,0,2,,0,47.89463111785393,2,47.89463111785393
7.0214515,100.4836655,,3,False,,1,0,1,0,,0,85.68133678418808,4,85.68133678418808
7.020576299999999,100.483796,,3,False,,0,0,0,1,,0,98.74212075971091,5,98.74212075971091
7.020813399999999,100.478941,,1,False,,1,1,2,3,,0,52.690762122833576,1,52.690762122833576
7.020438699999999,100.4793369,,1,False,,1,1,2,1,,0,93.75641142859995,2,93.75641142859995
7.0185967,100.4823756,,3,False,,1,3,4,3,,0,36.4700897164,3,36.4700897164
7.0206352999999995,100.4841529,,3,False,,0,0,0,0,,0,138.70606861631472,1,82.95905151840302
7.0190238,100.4864569,,4,False,,3,0,3,0,,0,243.42299241603845,3,65.96261969224282
7.0073565,100.480912,,4,False,,1,2,3,0,,0,62.51072798597844,5,62.51072798597844
7.006352099999998,100.4793298,,4,False,,1,0,1,3,,0,65.04722181815788,5,65.04722181815788
7.007358199999999,100.4810194,,3,False,,2,2,4,1,,0,66.80610116694541,3,66.80610116694541
7.0089478,100.4811765,,3,False,,0,1,1,2,,0,114.3148763649907,3,114.3148763649907
7.0072938,100.4793429,,4,False,,0,0,0,3,,0,69.51879177076606,2,69.51879177076606
7.0064172,100.4782496,,4,False,,1,1,2,3,,0,41.16992106735968,2,41.16992106735968
7.005674699999999,100.4793325,,3,False,,0,0,0,0,,0,39.77740693426545,2,39.77740693426545
7.0067613,100.4809199,,3,False,,0,1,1,1,,0,66.02699270668921,5,66.02699270668921
7.0090558000000005,100.481193,,3,False,,1,0,1,0,,0,126.12638592429286,3,126.12638592429286
7.007297899999998,100.47907420000001,,3,False,,0,0,0,0,,0,42.96548795152679,2,42.96548795152679
7.008635199999998,100.4793306,,3,False,,0,1,1,1,,0,65.39200905071004,2,65.39200905071004
7.006504899999999,100.4782574,,2,False,,1,1,2,2,,0,47.02964426932823,2,47.02964426932823
7.0066732,100.4767217,,3,False,,1,1,2,2,,0,61.53498031830486,1,61.53498031830486
7.005723899999999,100.4781878,,3,False,,0,1,1,1,,0,65.43727386396532,2,65.43727386396532
7.005066199999997,100.4797255,,3,False,,1,2,3,1,,0,41.817785329970015,2,41.817785329970015
7.006751099999999,100.4810494,,4,False,,0,1,1,1,,0,78.97429435055072,5,78.97429435055072
7.0090399,100.4813022,,4,False,,3,1,4,2,,0,124.34461745051306,3,124.34461745051306
7.009247399999997,100.4812263,,4,False,,0,0,0,1,,0,129.3277489275418,1,129.3277489275418
7.0072982,100.4783271,,3,False,,0,0,0,2,,0,51.19498967171665,3,51.19498967171665
7.006960999999999,100.4788156,,1,False,,1,0,1,3,,0,15.347244683997726,2,15.347244683997726
7.009120500000001,100.4793166,,3,False,,2,0,2,3,,0,59.059583221520846,2,59.059583221520846
7.0086418,100.479582,,3,False,,2,2,4,1,,0,92.69939503903659,2,92.69939503903659
7.007295499999999,100.4770573,,4,False,,1,0,1,1,,0,68.75063298677523,3,68.75063298677523
7.005171999999999,100.4808105,,3,False,,0,3,3,0,,0,78.30058534338204,5,78.30058534338204
7.006684,100.4815503,,3,False,,0,1,1,1,,0,73.60988974172051,2,73.60988974172051
7.0051282,100.4806475,traffic_signals,4,False,,1,0,1,2,,0,65.42852505874801,5,65.42852505874801
7.008931099999999,100.4812836,,4,False,,1,2,3,6,,0,112.24074806279384,3,112.24074806279384
7.009014,100.4814405,,4,False,,1,0,1,2,,0,123.15851186377354,3,123.15851186377354
7.011282099999998,100.4815644,,3,False,,0,1,1,1,,0,34.917424865286485,2,34.917424865286485
7.0092345,100.4813323,,4,False,,1,0,1,2,,0,131.04362195174087,1,131.04362195174087
7.009161899999999,100.4797938,,3,False,,1,0,1,3,,0,52.08264425547675,2,52.08264425547675
7.0090881,100.478884,,4,False,,0,0,0,0,,0,40.212767446055246,2,40.212767446055246
7.0091231999999986,100.47935270000002,,3,False,,1,1,2,0,,0,56.90680744368658,2,56.90680744368658
7.008729699999999,100.4801772,,1,False,,0,0,0,5,,0,114.96096942624827,2,114.96096942624827
7.008545300000001,100.4802608,,1,False,,0,1,1,1,,0,129.52739530210027,3,129.52739530210027
7.009067099999999,100.4786303,,4,False,,1,0,1,1,,0,37.47695596112789,2,37.47695596112789
7.007254500000001,100.4767552,,3,False,,1,2,3,2,,0,81.7077424299094,3,81.7077424299094
7.033529299999999,100.5020819,,3,False,,3,1,4,1,,0,67.74789125642552,1,67.74789125642552
7.0335528,100.5017494,,3,False,,2,1,3,0,,0,79.43379971848019,1,79.43379971848019
7.033975100000001,100.5020949,,3,False,,1,1,2,1,,0,117.05319465585228,1,117.05319465585228
7.033408800000001,100.5009578,,4,False,,2,2,4,0,,0,135.73747020420222,1,135.73747020420222
7.033619899999998,100.500945,,4,False,,0,0,0,1,,0,147.86553942477667,1,147.86553942477667
7.034053600000001,100.5009665,,4,False,,1,2,3,3,,0,176.15909623174622,1,176.15909623174622
7.0344179,100.5021335,,3,False,,1,1,2,0,,0,166.10547441719038,1,166.10547441719038
7.0329644,100.5010457,,4,False,,0,1,1,1,,0,114.76007152354099,1,114.76007152354099
7.034515699999997,100.5009893,,3,False,,1,0,1,0,,0,214.19060332966,1,214.19060332966
7.0331749,100.5020957,,3,False,,2,2,4,2,,0,28.589274126530636,1,28.589274126530636
7.0324739,100.5011535,,3,False,,0,1,1,2,,0,111.4390317020418,4,111.4390317020418
7.0326766,100.5021352,,3,False,,1,1,2,1,,0,27.15898918796257,1,27.15898918796257
7.0302822,100.5021551,,4,False,,2,0,2,4,,0,77.68942588141479,3,77.68942588141479
7.030282700000001,100.50227370000002,,3,False,,1,0,1,0,,0,80.14783832294816,3,80.14783832294816
7.030397700000001,100.5021544,,3,False,,2,1,3,0,,0,90.3978733498653,3,90.3978733498653
7.030198000000001,100.5022774,,3,False,,0,2,2,4,,0,71.27396293628384,3,71.27396293628384
7.031297199999998,100.5021576,,3,False,,0,0,0,0,,0,9.72462492576496,1,9.72462492576496
7.0301948,100.5021321,,4,False,,1,1,2,1,,0,67.83299533990626,3,67.83299533990626
7.031253599999999,100.501704,,3,False,,2,0,2,1,,0,41.91109289445853,1,41.91109289445853
7.0317794000000005,100.5021488,,3,False,,2,0,2,1,,0,34.37968062296175,4,34.37968062296175
7.0302104,100.5019644,,3,False,,0,0,0,1,,0,70.57775357008146,3,70.57775357008146
7.0312126,100.5013468,,3,False,,0,0,0,5,,0,11.466471143032882,3,11.466471143032882
7.0303047,100.5017631,,3,False,,2,0,2,0,,0,87.26562747273111,3,87.26562747273111
7.031738,100.5016722,,3,False,,1,0,1,2,,0,59.342684004866676,4,59.342684004866676
7.032255499999999,100.502148,,3,False,,0,1,1,3,,0,20.33534595011066,4,20.33534595011066
7.0302536999999985,100.5014111,,4,False,,0,3,3,1,,0,104.93573037818261,3,104.93573037818261
7.0311827,100.5009873,,3,False,,0,0,0,0,,0,29.962391631641058,3,29.962391631641058
7.0303059999999995,100.5018613,,3,False,,1,1,2,2,,0,83.5958188577799,3,83.5958188577799
7.032180699999999,100.5016724,,3,False,,1,0,1,2,,0,46.65965633612102,4,46.65965633612102
7.031693899999999,100.5012491,,3,False,,2,0,2,3,,0,49.08851594450221,3,49.08851594450221
6.9951483,100.47660560000001,,3,False,,2,1,3,2,,0,49.238126078909296,2,49.238126078909296
6.995322799999999,100.4771756,,3,False,,0,1,1,0,,0,14.548932854235405,3,14.548932854235405
6.995057199999999,100.4765895,,3,False,,2,0,2,1,,0,54.65524556672852,2,54.65524556672852
6.9941832,100.4758592,,3,False,,1,0,1,3,,0,143.0715036356649,2,143.0715036356649
6.9945981,100.4768368,,4,False,,0,0,0,1,,0,94.52905967525378,3,94.52905967525378
6.995440800000001,100.4775646,,4,False,,1,0,1,0,,0,38.990737427065085,2,38.990737427065085
6.993940800000001,100.4760301,,3,False,,2,0,2,0,,0,115.8285755195443,3,115.8285755195443
6.993958699999999,100.4755768,,3,False,,2,0,2,1,,0,112.16688762238792,2,112.16688762238792
6.994715799999999,100.4772399,,3,False,,0,0,0,2,,0,79.41096019816727,3,79.41096019816727
6.993984199999999,100.4765327,,3,False,,0,1,1,0,,0,122.11336868444616,3,122.11336868444616
6.994924400000001,100.4776941,,3,False,,0,0,0,0,,0,59.732973649509994,2,59.732973649509994
6.9957257,100.4792748,,3,False,,0,0,0,4,,0,48.26945675623555,2,48.26945675623555
6.993853899999999,100.4760893,,3,False,,1,2,3,1,,0,105.15191946955704,3,105.15191946955704
6.993564999999999,100.4751353,,1,False,,0,0,0,1,,0,64.32600861244401,2,64.32600861244401
6.994281699999998,100.4753589,,1,False,,2,1,3,2,,0,103.9235239392695,2,103.9235239392695
6.994873599999999,100.4777775,,3,False,,1,1,2,1,,0,61.99113720752141,2,61.99113720752141
6.993764699999998,100.4775276,,3,False,,1,1,2,0,,0,43.01825084432936,2,43.01825084432936
6.993324,100.47697370000002,,3,False,,1,1,2,0,,0,91.77542306540035,3,91.77542306540035
7.022940099999999,100.4980459,,3,False,,1,0,1,1,,0,77.83425623866842,5,77.83425623866842
7.022991499999999,100.4985659,,1,False,,0,0,0,1,,0,21.95891859753781,5,21.95891859753781
7.023951499999999,100.4992571,,3,False,,1,0,1,2,,0,78.61951910956148,3,78.61951910956148
7.0203741,100.4968567,,1,False,,1,0,1,1,,0,90.96046045046673,3,25.477843891849126
6.992837700000001,100.4756351,,1,False,,1,1,2,1,,0,25.665711765196747,4,25.665711765196747
6.992462599999998,100.4749567,,3,False,,0,0,0,2,,0,65.89235914707695,3,65.89235914707695
6.9930490999999995,100.4715477,,4,False,,0,1,1,1,,0,84.19802663497653,5,84.19802663497653
6.992805699999999,100.4720952,,3,False,,0,0,0,1,,0,138.35497534878712,3,138.35497534878712
6.9939943,100.4721634,,1,False,,0,2,2,0,,0,87.50216477573726,3,87.50216477573726
7.017630199999999,100.4952239,,4,False,,0,4,4,3,,0,93.09105194301783,2,93.09105194301783
7.0181297,100.4950051,,1,False,,0,0,0,2,,0,124.74193274438753,2,124.74193274438753
7.017657400000002,100.49685870000002,,3,False,,1,0,1,0,,0,73.10821501558517,4,73.10821501558517
7.0217457,100.49588260000002,,3,False,,0,1,1,3,,0,227.8107344123902,4,63.592490558723746
7.003480699999998,100.4784093,,3,False,,0,1,1,3,,0,62.04361883191136,5,62.04361883191136
7.0041916,100.4780609,,1,False,,1,0,1,4,,0,51.36792256820945,5,51.36792256820945
7.004523899999998,100.4753458,,3,False,,0,4,4,3,,0,85.9375763416404,5,85.9375763416404
7.004832199999999,100.4772008,,4,False,,2,0,2,0,,0,108.59542366384508,3,108.59542366384508
7.018616599999999,100.4825298,,3,False,,1,0,1,3,,0,51.485745390564574,3,51.485745390564574
7.0184925,100.4825501,,4,False,,1,2,3,1,,0,58.90921825533973,3,58.90921825533973
7.018468299999999,100.4823974,,4,False,,1,1,2,1,,0,46.630827448186615,3,46.630827448186615
7.0179862,100.4825957,,3,False,,1,2,3,2,,0,36.28555208049009,1,36.28555208049009
7.018398799999998,100.4817328,,3,False,,0,1,1,3,,0,54.84669065506139,3,54.84669065506139
7.018015899999998,100.4829569,,1,False,,2,0,2,3,,0,11.83972558687726,1,11.83972558687726
7.017713799999998,100.4826167,,3,False,,2,0,2,0,,0,40.0201965530379,1,40.0201965530379
7.0183574,100.4813016,,3,False,,2,0,2,1,,0,96.66625665770263,3,96.66625665770263
7.0179084,100.4817874,,3,False,,0,0,0,2,,0,98.64303378882907,3,98.64303378882907
7.017738500000001,100.4828773,,3,False,,1,2,3,1,,0,20.17658248773551,1,20.17658248773551
7.016610899999999,100.48260730000001,,4,False,,1,1,2,1,,0,52.545638356298404,3,52.545638356298404
7.017948599999999,100.4796474,,4,False,,0,0,0,2,,0,85.06445575955648,1,85.06445575955648
7.0180708,100.4795991,,3,False,,1,0,1,0,,0,91.92153138738283,1,91.92153138738283
7.0178153,100.47933660000001,,3,False,,0,0,0,0,,0,119.85469211263282,1,119.85469211263282
7.016135300000002,100.4796074,,4,False,,0,2,2,4,,0,90.3059781786037,4,90.3059781786037
7.0181176999999995,100.479705,,3,False,,0,1,1,1,,0,81.70962419729878,1,81.70962419729878
7.0169934,100.479275,,1,False,,0,0,0,2,,0,100.6108187426223,2,100.6108187426223
7.0176144,100.4788622,,3,False,,3,0,3,1,,0,151.38804855120753,2,151.38804855120753
7.0160885,100.4802418,,3,False,,1,2,3,1,,0,26.30983830908097,4,26.30983830908097
7.015696799999999,100.4795779,,3,False,,1,2,3,2,,0,110.04092885586229,2,110.04092885586229
7.016155899999999,100.4790772,,3,False,,2,1,3,0,,0,37.618161154175475,2,37.618161154175475
7.018950899999999,100.4792525,,1,False,,4,0,4,2,,0,172.11496128070948,1,172.11496128070948
7.016152,100.4787683,,3,False,,2,1,3,3,,0,11.024109045610945,2,11.024109045610945
7.017427999999999,100.478351,,3,False,,1,1,2,1,,0,137.52374630637772,2,137.52374630637772
7.016032299999999,100.4806032,,3,False,,1,0,1,0,,0,31.690421497335542,4,31.690421497335542
7.017062600000001,100.4801197,,1,False,,0,1,1,2,,0,95.66243756192745,4,95.66243756192745
7.015435599999999,100.4795571,,3,False,,2,0,2,1,,0,126.73657938088031,2,126.73657938088031
7.015597799999998,100.4805634,,3,False,,2,1,3,4,,0,73.92192069403865,4,73.92192069403865
7.015497800000001,100.4791119,,3,False,,0,0,0,4,,0,92.29161164382745,2,92.29161164382745
7.016444299999999,100.4783255,,3,False,,1,0,1,1,,0,51.58777409409822,2,51.58777409409822
7.016848399999999,100.4783316,,3,False,,1,0,1,0,,0,80.72009601153535,2,80.72009601153535
7.0168048999999995,100.4770885,traffic_signals,4,False,,2,1,3,3,,0,178.7146769142452,1,178.7146769142452
7.0163019,100.4811222,,3,False,,0,2,2,0,,0,15.241660310712387,1,15.241660310712387
7.0152419,100.4795427,,3,False,,0,1,1,0,,0,113.9037689692968,2,113.9037689692968
7.0151262,100.4807883,,3,False,,3,2,5,3,,0,130.88070736034393,4,130.88070736034393
7.014710899999998,100.4794878,,3,False,,1,1,2,1,,0,82.7268251651828,2,82.7268251651828
7.0159863,100.4773535,,4,False,,2,1,3,1,,0,88.5403401785889,1,88.5403401785889
7.016345799999999,100.4772394,,3,False,,1,2,3,0,,0,127.1058562733817,1,127.1058562733817
7.0169461,100.4770337,traffic_signals,4,False,,0,0,0,1,,0,195.2470957406095,1,195.2470957406095
7.016530799999997,100.4766086,,3,False,,2,1,3,1,,0,189.90872955105127,1,189.90872955105127
7.016609099999999,100.4818652,,3,False,,0,1,1,1,,0,46.45149482762451,2,46.45149482762451
7.016342899999998,100.4819066,,3,False,,1,2,3,1,,0,22.06375505500934,2,22.06375505500934
7.014813500000001,100.4795108,,3,False,,0,0,0,2,,0,87.8253904189011,2,87.8253904189011
7.0146703000000015,100.480958,,3,False,,2,0,2,2,,0,160.6718687100096,1,160.6718687100096
7.0143721,100.4794703,,3,False,,0,1,1,2,,0,82.93906852633177,2,82.93906852633177
7.0182902,100.4807267,,3,False,,1,2,3,2,,0,53.66132495626481,1,53.66132495626481
7.017035599999999,100.4818254,,4,False,,0,0,0,1,,0,91.428882927591,2,91.428882927591
7.0179665,100.4824688,,3,False,,0,0,0,3,,0,49.78775362032014,1,49.78775362032014
7.017493099999999,100.4818057,,3,False,,1,2,3,1,,0,130.8407084348255,4,130.8407084348255
7.016570099999999,100.4824846,,4,False,,1,3,4,1,,0,56.7314838455177,2,56.7314838455177
7.016203800000001,100.4824994,,3,False,,1,0,1,1,,0,46.251720107838004,2,46.251720107838004
7.018629,100.484356,,3,False,,0,1,1,0,,0,68.27692421968938,4,68.27692421968938
7.018601799999999,100.4839999,,3,False,,2,1,3,0,,0,32.10736883405894,4,32.10736883405894
7.017679799999999,100.4840329,,1,False,,0,0,0,1,,0,72.99016412737565,3,72.99016412737565
7.017093399999999,100.4825618,,3,False,,1,1,2,1,,0,39.22274271390524,4,39.22274271390524
7.0161926999999995,100.4823996,,4,False,,1,1,2,2,,0,35.512268395672464,2,35.512268395672464
7.0153783,100.482357,,3,False,,1,0,1,5,,0,101.02614620377182,2,101.02614620377182
7.017547699999998,100.4825091,,3,False,,0,0,0,0,,0,60.765192461334316,1,60.765192461334316
7.0140297,100.48113490000001,,4,False,,0,1,1,0,,0,109.2565743109557,1,109.2565743109557
7.015363499999999,100.4824872,,4,False,,1,1,2,0,,0,107.70934510038263,2,107.70934510038263
7.0137995,100.48209370000001,,3,False,,0,1,1,2,,0,5.5924597851545785,1,5.5924597851545785
7.0141017,100.4808389,,4,False,,1,0,1,2,,0,142.88530300641304,1,142.88530300641304
7.013624,100.4809111,,3,False,,1,1,2,1,,0,130.26083857457928,3,130.26083857457928
7.0138198,100.4819861,,3,False,,0,0,0,3,,0,13.228204937584756,3,13.228204937584756
7.015291699999999,100.4829427,,3,False,,0,1,1,3,,0,106.010998185005,3,106.010998185005
7.013774899999999,100.48222,,4,False,,1,1,2,2,,0,15.348593886808022,3,15.348593886808022
7.016550700000001,100.48364490000002,,3,False,,1,0,1,2,,0,60.034040074921904,3,60.034040074921904
7.011888899999999,100.481775,,3,False,,3,2,5,3,,0,91.41222613109707,2,91.41222613109707
7.017860599999999,100.491917,,3,False,,2,2,4,1,,0,87.89573531322972,1,87.89573531322972
7.0176221,100.49212200000001,,3,False,,1,0,1,1,,0,59.73186798019015,1,59.73186798019015
7.0175834,100.4928045,,3,False,,0,1,1,1,,0,96.98720321807225,1,96.98720321807225
7.016596799999999,100.4922432,,3,False,,0,2,2,1,,0,56.62773780973675,1,56.62773780973675
7.018188100000001,100.4929471,,1,False,,0,1,1,1,,0,155.02486016430214,2,108.30525290150277
7.0161764,100.4922857,,3,False,,0,1,1,5,,0,70.18543250771643,3,70.18543250771643
7.016594099999999,100.4926555,,1,False,,2,0,2,0,,0,47.75508807367741,3,47.75508807367741
7.018938999999998,100.48698750000001,,3,False,,1,0,1,3,,0,268.7557728105684,5,23.429227177823268
7.0172004,100.4880659,,3,False,,0,0,0,0,,0,106.38413622341052,5,106.38413622341052
7.018885600000001,100.4865069,traffic_signals,4,False,,0,0,0,3,,0,232.87292911460526,5,65.42784469134662
7.018132,100.48698750000001,,3,False,,0,1,1,1,,0,208.38742238025728,2,26.06019741747705
7.016919500000001,100.4879674,,3,False,,0,0,0,1,,0,74.24763169611458,5,74.24763169611458
7.018816199999999,100.4858653,,3,False,,0,1,1,3,,0,197.93320783499888,3,94.8841860177538
7.017009100000001,100.4863472,,3,False,,0,2,2,3,,0,103.13615269349665,2,103.13615269349665
7.017979799999999,100.4875637,,1,False,,0,0,0,0,,0,195.22214425036947,2,53.52995967357578
7.017761400000001,100.486878,,3,False,,1,0,1,0,,0,168.66859879220524,2,28.45097559608999
7.016851399999999,100.4879467,,3,False,,1,0,1,0,,0,66.58773432787586,5,66.58773432787586
7.017039799999998,100.4875367,,1,False,,1,2,3,3,,0,96.90422933317178,5,96.90422933317178
7.016762099999999,100.4886977,,1,False,,1,1,2,1,,0,56.923943300535406,2,56.923943300535406
7.018785199999998,100.4855721,,3,False,,0,1,1,0,,0,188.98023582893234,3,97.56863760748719
7.0179174,100.4859534,,3,False,,1,1,2,3,,0,109.65238971002067,3,59.30034376774547
7.0199869999999995,100.486551,,3,False,,0,0,0,3,,0,338.3485708530809,3,55.664716841413664
7.017071699999999,100.4860121,,3,False,,2,1,3,1,,0,65.79837316373602,2,65.79837316373602
7.016332099999998,100.4871295,,1,False,,0,0,0,3,,0,10.413673223891386,3,10.413673223891386
7.0175841,100.48750230000002,,1,False,,1,0,1,2,,0,154.46962013370015,2,59.12002433194056
7.0173645,100.4867554,,3,False,,1,4,5,2,,0,128.4606367519924,2,71.00063842588004
7.016688099999999,100.4878891,,3,False,,1,2,3,2,,0,48.54234339113164,5,48.54234339113164
7.016747999999998,100.4884592,,1,False,,1,1,2,2,,0,63.75763374058803,2,63.75763374058803
7.008906700000001,100.4814243,traffic_signals,4,False,,1,1,2,2,,0,111.16191913644504,3,111.16191913644504
7.0088921,100.48525470000001,traffic_signals,4,False,,3,2,5,0,,0,75.82267819743323,2,75.82267819743323
7.008331299999999,100.4813212,,3,False,,1,1,2,0,,0,46.52145771423223,3,46.52145771423223
7.0093217999999995,100.4852835,,3,False,,0,1,1,2,,0,99.91279404684202,2,99.91279404684202
7.008794699999999,100.4852537,traffic_signals,4,False,,0,2,2,1,,0,74.23077207245763,2,74.23077207245763
7.008807099999999,100.48781410000001,,4,False,,0,0,0,2,,0,172.9262925326664,5,172.9262925326664
7.007975899999999,100.4812598,,4,False,,0,1,1,0,,0,6.639142672516461,3,6.639142672516461
7.0084701,100.4820755,,1,False,,2,0,2,2,,0,61.20661570025155,1,61.20661570025155
7.007984199999999,100.4811238,,3,False,,1,0,1,1,,0,15.817302329841889,3,15.817302329841889
7.009820399999998,100.4852886,,4,False,,1,0,1,1,,0,67.43825653393277,5,67.43825653393277
7.008200399999999,100.4851551,,3,False,,0,1,1,2,,0,87.66136617625926,2,87.66136617625926
7.008811199999999,100.4847675,,3,False,,1,0,1,1,,0,21.443796366058145,2,21.443796366058145
7.0087127,100.4878101,,4,False,,1,2,3,3,,0,172.41838893618615,5,172.41838893618615
7.0098712,100.4878597,,3,False,,2,0,2,0,,0,104.86279593507332,5,104.86279593507332
7.008757,100.4897065,,3,False,,0,0,0,1,,0,270.85130983252395,1,270.85130983252395
7.007083999999999,100.4811021,,3,False,,1,2,3,3,,0,75.73082490029563,5,75.73082490029563
7.0084994,100.4832208,,1,False,,0,0,0,1,,0,43.55554382140115,5,43.55554382140115
7.0104409,100.4853091,,3,False,,2,0,2,1,,0,12.18290137428923,5,12.18290137428923
7.009764499999999,100.4850268,,1,False,,1,2,3,2,,0,84.00319548557711,5,84.00319548557711
7.0098560999999995,100.4857995,,3,False,,1,0,1,0,,0,58.20018134936576,1,58.20018134936576
7.007409699999998,100.4850281,,3,False,,1,1,2,3,,0,60.969990680847374,3,60.969990680847374
7.008119599999999,100.4858401,,3,False,,0,0,0,1,,0,50.543264719788006,2,50.543264719788006
7.008823999999999,100.4839976,,3,False,,0,0,0,1,,0,28.554015421341926,4,28.554015421341926
7.007500699999999,100.4845654,,3,False,,1,1,2,0,,0,46.196361022894074,3,46.196361022894074
7.008743299999999,100.4868002,,3,False,,2,0,2,1,,0,60.79386189021195,5,60.79386189021195
7.007735699999998,100.4878787,,3,False,,0,0,0,3,,0,72.2629056243189,1,72.2629056243189
7.0103791000000015,100.4878815,,3,False,,0,2,2,1,,0,88.28367394281481,5,88.28367394281481
7.0098317,100.4862249,,4,False,,0,1,1,2,,0,27.604931156078784,1,27.604931156078784
7.012073499999998,100.4944362,,3,False,,2,0,2,1,,0,287.7156188650789,3,287.7156188650789
7.0085871,100.4937663,,4,False,,0,0,0,2,,0,522.8028255041162,2,522.8028255041162
7.0075743,100.4834965,,3,False,,1,1,2,2,,0,74.41441887145426,4,74.41441887145426
7.010632799999999,100.485311,,3,False,,2,0,2,1,,0,26.599703781126482,5,26.599703781126482
7.0104756,100.4857097,,3,False,,0,0,0,1,,0,33.02535287345741,5,33.02535287345741
7.009452399999998,100.4858309,,1,False,,2,1,3,1,,0,48.51544345775929,1,48.51544345775929
7.0064575,100.4848887,,3,False,,1,1,2,3,,0,76.99273390042474,3,76.99273390042474
7.0081731,100.4865471,,1,False,,0,0,0,2,,0,43.377950336963345,2,43.377950336963345
7.007672800000001,100.4858801,,3,False,,0,1,1,2,,0,48.96432597739545,2,48.96432597739545
7.008828599999999,100.48356,,3,False,,2,2,4,2,,0,22.720546273050484,4,22.720546273050484
7.0082498,100.4839734,,1,False,,1,1,2,4,,0,60.57094923024557,4,60.57094923024557
7.0081726,100.4873313,,1,False,,3,0,3,1,,0,122.77518032664881,2,122.77518032664881
7.0069726,100.4879773,,3,False,,0,1,1,0,,0,13.957981136965717,1,13.957981136965717
7.0109072,100.4878889,,3,False,,2,2,4,2,,0,104.23110706549316,5,104.23110706549316
7.010498199999999,100.4861835,,4,False,,2,0,2,2,,0,11.63078775656396,3,11.63078775656396
7.0093185,100.4862502,,1,False,,0,0,0,3,,0,29.286160139098502,1,29.286160139098502
7.014054699999999,100.4950436,,3,False,,0,0,0,0,,0,154.41648451645474,5,154.41648451645474
7.008568599999998,100.4938961,,4,False,,1,1,2,1,,0,528.8622689116694,1,528.8622689116694
7.0112901,100.4942998,,3,False,,1,0,1,2,,0,369.2098047051893,3,369.2098047051893
7.018936999999999,100.4961037,,1,False,,1,1,2,1,,0,110.19152835507913,3,26.24687554624695
7.0141003,100.4941702,,3,False,,2,0,2,3,,0,70.77136919044709,5,70.77136919044709
7.0140622,100.4935863,,3,False,,1,0,1,0,,0,60.400377614680266,3,60.400377614680266
7.014520499999997,100.49420040000001,,1,False,,1,2,3,1,,0,50.245165229417125,3,50.245165229417125
7.015943099999999,100.4959871,,3,False,,2,0,2,2,,0,44.67092816419805,3,44.67092816419805
7.0139339,100.4930244,,3,False,,0,1,1,0,,0,72.7965013520324,1,72.7965013520324
7.0149851000000005,100.4936254,,3,False,,1,1,2,0,,0,46.51283872063695,5,46.51283872063695
7.016220599999999,100.4953172,,3,False,,1,0,1,0,,0,11.460311540748114,2,11.460311540748114
7.016548099999998,100.4963014,,3,False,,1,1,2,1,,0,33.45070979386854,3,33.45070979386854
7.0138148,100.492578,,3,False,,2,0,2,1,,0,92.8596387923509,1,92.8596387923509
7.015010400000001,100.4932087,,1,False,,1,1,2,2,,0,57.19623212325541,1,57.19623212325541
7.011279600000001,100.4944142,,4,False,,1,0,1,0,,0,372.636927183599,5,372.636927183599
7.0131594,100.4950849,,1,False,,0,1,1,0,,0,215.74799433986152,5,215.74799433986152
7.016381499999999,100.4949291,,3,False,,0,2,2,0,,0,55.79679011092929,2,55.79679011092929
7.016015899999999,100.4952462,,1,False,,0,0,0,1,,0,32.01385376048129,2,32.01385376048129
7.016890199999999,100.495303,,1,False,,0,1,1,2,,0,71.90111070677477,2,71.90111070677477
7.013692899999999,100.49216820000001,,3,False,,0,3,3,1,,0,98.9128788922785,1,98.9128788922785
7.016058199999999,100.4922888,,3,False,,0,0,0,2,,0,72.53950557110217,3,72.53950557110217
7.0159449,100.4947888,,3,False,,1,0,1,1,,0,62.67013211392893,1,62.67013211392893
7.016162799999999,100.4948588,,3,False,,2,1,3,1,,0,62.38534367020359,2,62.38534367020359
7.017996400000001,100.4970365,,3,False,,0,1,1,4,,0,83.4965822122476,4,83.4965822122476
7.017797400000001,100.4802921,,1,False,,0,0,0,4,,0,19.061809520848872,1,19.061809520848872
7.013697999999999,100.4806302,,3,False,,1,0,1,1,,0,144.37170022167507,3,144.37170022167507
7.014274399999999,100.4799142,,3,False,,0,1,1,0,,0,133.0851662669865,2,133.0851662669865
7.013452299999999,100.4819247,,3,False,,1,2,3,1,,0,37.29535950489393,1,37.29535950489393
7.012719599999999,100.4798711,,3,False,,0,2,2,4,,0,38.545387417527195,3,38.545387417527195
7.015240000000001,100.4833896,,3,False,,1,1,2,1,,0,123.30732069563051,3,123.30732069563051
7.014063200000001,100.4833494,,3,False,,0,0,0,0,,0,144.10473554853976,1,144.10473554853976
7.012562900000001,100.4820136,,3,False,,1,0,1,4,,0,131.499263013295,3,131.499263013295
7.013687899999999,100.4826451,,3,False,,1,1,2,5,,0,62.445271088944864,1,62.445271088944864
7.016659,100.4843092,,3,False,,0,0,0,0,,0,77.58199554763966,1,55.84978042739105
7.0159595,100.4844742,,3,False,,0,2,2,1,,0,61.227371761208886,2,61.227371761208886
7.011883199999999,100.4818992,,4,False,,1,1,2,4,,0,100.23837082180992,2,100.23837082180992
7.0117036,100.48174410000001,,3,False,,0,0,0,0,,0,74.13652591242787,2,74.13652591242787
7.013870999999999,100.48003340000001,,3,False,,3,1,4,1,,0,116.66138596872143,3,116.66138596872143
7.013245099999998,100.4802259,,3,False,,1,0,1,1,,0,79.74453475918038,3,79.74453475918038
7.012333500000002,100.4800029,,3,False,,0,1,1,3,,0,79.42040588281166,3,79.42040588281166
7.012508,100.479391,,4,False,,3,0,3,1,,0,49.938329300184606,3,49.938329300184606
7.0149614,100.4833875,,3,False,,0,1,1,2,,0,141.3876729897177,2,141.3876729897177
7.015221099999999,100.4839468,,3,False,,2,4,6,3,,0,73.5769211647828,2,73.5769211647828
7.014497899999999,100.4833681,,3,False,,1,0,1,2,,0,164.28338388019046,1,164.28338388019046
7.014065099999999,100.4837621,,1,False,,1,0,1,0,,0,156.08010186241827,2,156.08010186241827
7.012751299999999,100.4852434,,3,False,,0,1,1,2,,0,26.473990237381756,3,26.473990237381756
7.012897599999999,100.4827128,,1,False,,2,0,2,0,,0,117.14037114466883,1,117.14037114466883
7.013615199999999,100.4833871,,3,False,,1,1,2,2,,0,144.81528328904108,1,144.81528328904108
7.0159729,100.4851451,,3,False,,1,2,3,2,,0,68.43782370373451,5,68.43782370373451
7.0177321,100.4845946,,3,False,,1,2,3,2,,0,115.74201353788703,1,71.75367390638664
7.015206,100.4844766,,3,False,,0,0,0,1,,0,26.110755862912733,2,26.110755862912733
7.011695300000001,100.4818636,,3,False,,1,2,3,0,,0,83.79034443924041,2,83.79034443924041
7.012390600000001,100.4852601,,3,False,,2,1,3,3,,0,60.69158403675816,3,60.69158403675816
7.0112676,100.4816714,,4,False,,0,2,2,0,,0,46.599078891628196,2,46.599078891628196
6.9957028999999995,100.4796735,,3,False,,3,0,3,3,,0,33.18338451716537,2,33.18338451716537
6.996606,100.4804997,,1,False,,1,0,1,2,,0,108.63220384448483,3,108.63220384448483
7.008503999999999,100.4937332,,4,False,,2,0,2,0,,0,513.0787481154538,2,513.0787481154538
7.008485,100.4938745,,4,False,,0,2,2,5,,0,519.8485933520296,2,519.8485933520296
7.007963999999999,100.4936795,,3,False,,1,1,2,1,,0,460.23344695688604,1,460.23344695688604
7.0069725,100.487923,,3,False,,0,1,1,3,,0,12.276266660016926,1,12.276266660016926
7.006394600000001,100.488074,,3,False,,1,0,1,2,,0,23.619284663629454,3,23.619284663629454
7.0071263,100.4858574,,3,False,,1,0,1,0,,0,97.57334982820008,2,97.57334982820008
7.0059356,100.4928806,,3,False,,0,1,1,1,,0,234.1355915756122,1,234.1355915756122
7.006983299999999,100.4875585,,2,False,,0,0,0,1,,0,41.08952048862332,1,41.08952048862332
7.0066188,100.4875535,,2,False,,1,0,1,2,,0,57.21263063399524,3,57.21263063399524
7.006371699999999,100.4881474,,3,False,,1,1,2,3,,0,28.827242040159554,1,28.827242040159554
7.007212400000001,100.4867961,,1,False,,0,0,0,1,,0,98.5181324544603,2,98.5181324544603
7.006397299999999,100.4860101,,4,False,,0,0,0,2,,0,31.110774062345268,1,31.110774062345268
7.005420900000001,100.4841412,,3,False,,1,0,1,2,,0,48.85197965633947,1,48.85197965633947
7.000602900000001,100.4898625,,1,False,,1,0,1,1,,0,124.63116064229995,4,124.63116064229995
7.0011848,100.4894161,,3,False,,3,1,4,1,,0,73.94825264037227,1,73.94825264037227
7.0000957999999995,100.4887129,,3,False,,0,0,0,2,,0,35.718522792500934,4,35.718522792500934
7.001627199999999,100.49010870000001,,3,False,,2,0,2,2,,0,155.80701191265288,1,155.80701191265288
7.013485799999999,100.4913901,,3,False,,0,1,1,1,,0,143.51588655249478,1,143.51588655249478
7.0141716,100.49207860000001,,3,False,,1,0,1,0,,0,45.533994785366644,1,45.533994785366644
7.015336100000001,100.4918599,,3,False,,1,0,1,1,,0,86.82699977647098,1,86.82699977647098
7.013249299999999,100.4905238,,3,False,,0,1,1,1,,0,117.73910627448815,3,117.73910627448815
7.014282800000003,100.4912275,,3,False,,3,3,6,1,,0,100.22691864503503,1,100.22691864503503
7.0141279,100.4918816,,1,False,,1,1,2,0,,0,55.07500584298687,1,55.07500584298687
7.0149194999999995,100.4904048,,3,False,,2,0,2,1,,0,98.07766219413355,5,98.07766219413355
7.013014599999999,100.48969120000001,,3,False,,1,1,2,3,,0,82.19179444430776,3,82.19179444430776
7.0139355000000005,100.4904444,,3,False,,0,1,1,0,,0,97.32127860659195,3,97.32127860659195
7.014098700000001,100.4904402,,3,False,,0,0,0,1,,0,102.22266267302203,3,102.22266267302203
7.014527999999998,100.4904178,,3,False,,1,1,2,0,,0,92.39862063037438,5,92.39862063037438
7.0146539,100.4904095,,3,False,,1,1,2,1,,0,91.611717455411,5,91.611717455411
7.015044399999999,100.4903581,,3,False,,0,1,1,0,,0,94.98421801791861,4,94.98421801791861
7.0167677,100.4929534,,1,False,,2,0,2,1,,0,57.392963777942406,3,57.392963777942406
7.015985400000001,100.4942727,,1,False,,0,1,1,2,,0,64.74000688600262,5,64.74000688600262
7.0133764,100.4852179,,3,False,,0,1,1,2,,0,46.78793175834679,5,46.78793175834679
7.0138254,100.4852033,,4,False,,0,1,1,1,,0,25.004833586025317,5,25.004833586025317
7.013148800000001,100.4833918,,3,False,,0,2,2,0,,0,124.2918634935428,3,124.2918634935428
7.013854499999998,100.4860951,,3,False,,1,1,2,2,,0,20.65021817208189,4,20.65021817208189
7.0143495,100.4851811,,3,False,,0,1,1,0,,0,36.68805464923637,2,36.68805464923637
7.013169899999999,100.4829596,,1,False,,0,0,0,2,,0,116.13818643131891,3,116.13818643131891
7.0138793,100.486722,,3,False,,1,2,3,1,,0,42.40510942498029,3,42.40510942498029
7.013046899999999,100.486111,,3,False,,0,0,0,3,,0,78.05345753783152,3,78.05345753783152
7.014670899999999,100.4851657,,3,False,,0,0,0,2,,0,29.37011779875935,2,29.37011779875935
7.014368300000001,100.48670460000001,,3,False,,1,0,1,3,,0,80.16180336980955,3,80.16180336980955
7.0118588,100.4852694,,3,False,,2,0,2,3,,0,118.10859473060897,3,118.10859473060897
7.0139405,100.4878822,,3,False,,1,1,2,3,,0,21.40761465858503,1,21.40761465858503
7.0141234,100.4867123,,3,False,,0,1,1,2,,0,58.18492602238854,3,58.18492602238854
7.0117126,100.486155,,3,False,,1,0,1,0,,0,110.4569285771514,1,110.4569285771514
7.0131212,100.4868502,,1,False,,0,1,1,1,,0,74.15224884118365,3,74.15224884118365
7.0149139,100.4851711,,3,False,,2,1,3,2,,0,45.52350636127551,2,45.52350636127551
7.014600300000001,100.4843518,,3,False,,1,1,2,2,,0,93.83087918564554,2,93.83087918564554
7.014383200000001,100.4872118,,1,False,,0,1,1,1,,0,71.44560051150755,3,71.44560051150755
7.0114505,100.4852841,,3,False,,1,0,1,2,,0,115.25927483356115,5,115.25927483356115
7.011698999999998,100.4843382,,1,False,,0,0,0,4,,0,77.65095340830783,3,77.65095340830783
7.013946499999999,100.4879956,,3,False,,3,1,4,3,,0,23.414428387536546,1,23.414428387536546
7.014401199999998,100.4879065,,3,False,,1,0,1,1,,0,72.02081845407085,1,72.02081845407085
7.0141087,100.486024,,1,False,,1,2,3,0,,0,46.871025264594074,4,46.871025264594074
7.0113144,100.4861607,,3,False,,1,0,1,0,,0,99.76357851673232,3,99.76357851673232
7.011694199999998,100.4879,,3,False,,1,0,1,1,,0,99.96551410381187,5,99.96551410381187
7.015163300000001,100.485158,,3,False,,2,0,2,0,,0,40.021854968852374,5,40.021854968852374
7.0149390999999985,100.4879587,,3,False,,0,0,0,1,,0,95.87054285616966,1,95.87054285616966
7.014197799999999,100.4843733,,1,False,,0,3,3,1,,0,122.90693878720427,2,122.90693878720427
7.0110180999999985,100.485303,,3,False,,1,0,1,1,,0,67.68388692584442,5,67.68388692584442
7.011309699999999,100.483171,,3,False,,1,0,1,1,,0,106.82331334029986,3,106.82331334029986
7.0112538,100.481793,,4,False,,0,0,0,1,,0,59.99486596069842,2,59.99486596069842
7.0135112,100.4879937,,3,False,,1,1,2,2,,0,27.74499002655374,1,27.74499002655374
7.0139999999999985,100.4887793,,3,False,,1,3,4,0,,0,64.58825030271889,1,64.58825030271889
7.014437899999999,100.4887608,,3,False,,2,1,3,1,,0,16.12671471574483,1,16.12671471574483
7.011294699999999,100.4878944,,3,False,,0,0,0,0,,0,125.04266147896172,1,125.04266147896172
7.010897899999999,100.4861777,,3,False,,0,1,1,2,,0,53.812673547620435,3,53.812673547620435
7.0125683,100.4879123,,3,False,,2,0,2,1,,0,38.52661195357814,4,38.52661195357814
7.012860199999999,100.4879231,,3,False,,0,0,0,2,,0,6.284577146979386,4,6.284577146979386
7.013466299999999,100.4875747,,1,False,,3,1,4,2,,0,49.109261787900806,1,49.109261787900806
7.0140842,100.4894704,,3,False,,0,1,1,1,,0,39.00655944137282,3,39.00655944137282
7.015032200000001,100.4879672,,3,False,,1,1,2,1,,0,99.71913474381077,1,99.71913474381077
7.0147243,100.4887482,,1,False,,0,0,0,0,,0,15.589908708658804,1,15.589908708658804
7.012819899999999,100.4888321,,3,False,,2,3,5,3,,0,14.02807475126036,2,14.02807475126036
7.012889099999999,100.4874736,,3,False,,2,1,3,0,,0,49.0469724426416,4,49.0469724426416
7.014365299999999,100.4894005,,3,False,,2,0,2,0,,0,31.454481725114135,5,31.454481725114135
7.0139926,100.4895016,,3,False,,0,1,1,0,,0,28.306664395299755,3,28.306664395299755
7.013262599999999,100.4874989,,1,False,,1,0,1,1,,0,59.94888215660904,4,59.94888215660904
7.012918199999999,100.4870218,,1,False,,0,0,0,2,,0,92.23423413193622,3,92.23423413193622
7.014729899999999,100.4893028,,3,False,,0,0,0,2,,0,34.97656546605525,5,34.97656546605525
7.014303199999999,100.4904268,,3,False,,2,1,3,1,,0,98.20414318202262,5,98.20414318202262
7.013320200000002,100.48971370000001,,1,False,,1,0,1,2,,0,49.66338427706004,3,49.66338427706004
7.015456600000001,100.4880208,,3,False,,0,0,0,3,,0,88.48810826555264,5,88.48810826555264
7.015125199999999,100.4892362,,4,False,,2,0,2,2,,0,50.09791401129663,4,50.09791401129663
7.0120357,100.4890648,,1,False,,1,0,1,1,,0,103.44294232863088,4,103.44294232863088
7.0147714,100.4894675,,1,False,,0,1,1,1,,0,24.419328154345642,5,24.419328154345642
7.0049480000000015,100.4924861,traffic_signals,4,False,,1,0,1,3,,0,142.402282129177,2,142.402282129177
7.004844399999999,100.4924486,traffic_signals,4,False,,0,0,0,1,,0,135.540109668697,2,135.540109668697
7.004336199999999,100.4911984,,1,False,,1,1,2,0,,0,27.917202280892585,2,27.917202280892585
7.004942899999999,100.4906946,,3,False,,2,1,3,1,,0,73.12066027869677,2,73.12066027869677
7.0063915,100.4929148,,3,False,,0,1,1,2,,0,271.68908934741734,1,271.68908934741734
7.005518300000001,100.4940305,,3,False,,0,0,0,2,,0,324.14106011649045,2,324.14106011649045
7.006138399999999,100.4940287,,4,False,,0,0,0,0,,0,351.8909292700119,2,351.8909292700119
7.005432599999999,100.4941292,,3,False,,1,2,3,1,,0,331.6877419550604,1,331.6877419550604
7.007327499999999,100.4939758,,3,False,,0,1,1,4,,0,427.5377271342515,2,427.5377271342515
7.0056424999999996,100.4937517,,3,False,,0,1,1,1,,0,300.1975623757729,1,300.1975623757729
7.005338100000001,100.4940392,,3,False,,0,0,0,5,,0,319.2733163551678,2,319.2733163551678
7.007832799999998,100.4939164,,3,False,,0,0,0,2,,0,464.66578415319185,2,464.66578415319185
7.0052315,100.49377,,3,False,,1,2,3,1,,0,287.5054202273708,1,287.5054202273708
7.0048898,100.4926246,,3,False,,1,0,1,1,,0,155.6108318642094,2,155.6108318642094
7.0078901,100.4953921,,2,False,,1,1,2,0,,0,585.7978873724948,2,585.7978873724948
7.017230099999998,100.4859971,,3,False,,1,0,1,1,,0,66.15044348001899,2,66.15044348001899
7.015887199999998,100.4851514,,3,False,,0,0,0,0,,0,59.71934716012805,5,59.71934716012805
7.0175630999999985,100.48595880000002,,3,False,,0,0,0,3,,0,80.0150409158647,3,71.52860598322742
7.0173648,100.4853613,,1,False,,2,0,2,1,,0,31.720992484678288,2,31.720992484678288
7.0177699,100.48596120000002,,3,False,,0,0,0,3,,0,96.86990202329888,3,62.31280268557405
7.0175469,100.485606,,1,False,,2,0,2,2,,0,55.36654761649825,3,45.93005662873904
7.018737100000001,100.4851588,,3,False,,0,1,1,3,,0,155.6555622583093,3,95.09446709705831
7.017942099999999,100.48566260000001,,3,False,,1,1,2,0,,0,98.77617805502106,3,27.316819445433236
7.0209044,100.4865574,,3,False,,1,3,4,1,,0,391.1067787300737,4,63.737510825855345
7.0203711,100.4867238,,1,False,,1,0,1,2,,0,374.2793690724052,5,40.040648379244345
7.018654799999999,100.4845923,,3,False,,0,0,0,0,,0,93.6537588703865,4,93.6537588703865
7.021308299999998,100.48651170000001,,3,False,,1,1,2,0,,0,397.2416931029685,4,102.75186470790025
7.020980499999999,100.487079,,3,False,,0,1,1,1,,0,442.8489011144975,5,62.35257247964464
7.017207399999999,100.48739260000002,,1,False,,2,1,3,1,,0,111.2499836809312,2,85.55282429287016
7.0168491999999985,100.4872022,,1,False,,2,1,3,1,,0,67.55061601815905,3,67.55061601815905
7.016509200000001,100.4878257,,3,False,,0,1,1,2,,0,30.374233214700627,5,30.374233214700627
7.0164670000000005,100.4890118,,3,False,,0,1,1,1,,0,37.583033683875584,2,37.583033683875584
7.0164493,100.489241,,4,False,,2,1,3,2,,0,58.55384920008598,2,58.55384920008598
7.005433600000003,100.4846966,traffic_signals,4,False,,1,1,2,1,,0,12.653802668221294,1,12.653802668221294
7.0053803000000014,100.4846992,,3,False,,1,0,1,2,,0,13.418539334078364,1,13.418539334078364
7.006102099999998,100.4848306,,3,False,,1,0,1,2,,0,80.57068270489893,1,80.57068270489893
7.005122,100.4885379,traffic_signals,4,False,,0,0,0,0,,0,129.9619077270667,2,129.9619077270667
7.0053447,100.4839871,,3,False,,0,1,1,0,,0,66.35468045454346,1,66.35468045454346
7.0050326,100.4885038,traffic_signals,4,False,,1,1,2,2,,0,129.2075991593441,2,129.2075991593441
7.0050417,100.49004040000001,,3,False,,1,1,2,4,,0,71.55071372058093,2,71.55071372058093
7.006301199999999,100.4881021,,3,False,,1,1,2,2,,0,21.2558696762721,3,21.2558696762721
7.005230000000001,100.4840759,,3,False,,0,4,4,0,,0,59.74386993918553,1,59.74386993918553
7.0053122,100.4834698,,4,False,,2,0,2,3,,0,108.22726416227387,1,108.22726416227387
7.0063681,100.4880526,,3,False,,1,0,1,1,,0,19.90295796436888,3,19.90295796436888
7.002778799999999,100.4883595,,3,False,,1,2,3,1,,0,45.75966452723519,1,45.75966452723519
7.005160599999999,100.4864757,,3,False,,0,1,1,2,,0,37.731726158608694,4,37.731726158608694
7.0058453,100.4900833,,1,False,,1,1,2,2,,0,150.08811199985215,2,150.08811199985215
7.0050194,100.490482,,3,False,,0,1,1,3,,0,97.59890923456044,2,97.59890923456044
7.004676899999998,100.4842136,,1,False,,0,1,1,1,,0,91.43830289207915,1,91.43830289207915
7.0040657,100.4845811,,3,False,,1,2,3,3,,0,108.62508975780445,1,108.62508975780445
7.0053806,100.4834639,,3,False,,1,0,1,0,,0,101.2043043052175,1,101.2043043052175
7.004748000000001,100.483561,,3,False,,0,1,1,2,,0,135.00460910487888,1,135.00460910487888
7.0052277,100.481981,,3,False,,1,2,3,3,,0,163.7995708838278,5,163.7995708838278
7.0027961,100.4889019,,4,False,,1,1,2,2,,0,21.434340337385517,1,21.434340337385517
7.0027444,100.4880154,,3,False,,0,0,0,1,,0,83.36955818623382,1,83.36955818623382
7.0026026,100.4871697,,3,False,,0,0,0,4,,0,58.20983691177149,3,58.20983691177149
7.005641999999999,100.4905463,,1,False,,1,0,1,2,,0,140.53714410202707,2,140.53714410202707
7.0039916,100.4842076,,3,False,,1,3,4,1,,0,129.17513414528,5,129.17513414528
7.0041370999999994,100.4849406,,3,False,,0,0,0,2,,0,72.12269917123268,1,72.12269917123268
7.0053985,100.4837655,,3,False,,0,2,2,3,,0,90.38184442133236,1,90.38184442133236
7.004417499999999,100.4824126,,1,False,,0,2,2,0,,0,82.29238446587814,5,82.29238446587814
7.003902900000001,100.4837406,,4,False,,0,0,0,2,,0,109.06593493326774,5,109.06593493326774
7.004886299999998,100.4807529,,4,False,,0,2,2,2,,0,50.025226540402564,5,50.025226540402564
7.005139100000001,100.4808031,,3,False,,1,1,2,0,,0,74.83358980830928,5,74.83358980830928
7.003874800000002,100.48889070000001,,3,False,,0,2,2,1,,0,20.7877079451663,2,20.7877079451663
7.002827600000001,100.4892689,,3,False,,3,1,4,0,,0,58.1717933247279,1,58.1717933247279
7.0016857,100.48889270000001,,3,False,,1,1,2,3,,0,46.71289093774865,3,46.71289093774865
7.002724200000001,100.4879121,,3,False,,1,0,1,0,,0,94.99235567723427,1,94.99235567723427
7.0040354,100.4880856,,1,False,,1,0,1,2,,0,36.666764473636555,3,36.666764473636555
7.002650699999999,100.4874989,,3,False,,1,2,3,1,,0,77.74744391314418,3,77.74744391314418
7.0025447,100.4870426,,3,False,,0,2,2,2,,0,51.21767812692989,3,51.21767812692989
7.015905299999999,100.4880895,,3,False,,0,1,1,3,,0,42.63361679536514,5,42.63361679536514
7.015387,100.48895340000001,,1,False,,0,0,0,3,,0,69.67505131726892,4,69.67505131726892
7.015800399999998,100.4892273,,3,False,,0,1,1,3,,0,57.86215124516165,4,57.86215124516165
7.015581499999999,100.4901327,,3,False,,1,1,2,3,,0,63.3744503757288,4,63.3744503757288
7.0161244,100.4881145,,3,False,,1,0,1,0,,0,25.897129626690166,5,25.897129626690166
7.0161205,100.48815490000001,,3,False,,2,2,4,5,,0,29.96456804612942,5,29.96456804612942
7.0162045,100.4877306,,3,False,,2,2,4,0,,0,21.164167828482036,5,21.164167828482036
7.016079799999999,100.4886095,,1,False,,0,0,0,3,,0,24.39681283781817,2,24.39681283781817
7.016384,100.4882269,,1,False,,1,1,2,1,,0,37.34189825679596,5,37.34189825679596
7.016171299999999,100.4877192,,3,False,,0,1,1,2,,0,23.48866541122322,5,23.48866541122322
7.0162589,100.4874691,,1,False,,2,0,2,1,,0,42.63248614147739,3,42.63248614147739
7.0161399,100.4877084,,1,False,,1,0,1,2,,0,26.032708052095604,5,26.032708052095604
7.016673400000001,100.487433,,1,False,,0,0,0,3,,0,60.70170199092168,3,60.70170199092168
7.0161071,100.4892349,,3,False,,2,1,3,2,,0,55.85579785496782,2,55.85579785496782
7.0160944,100.4897382,,1,False,,0,1,1,2,,0,76.87463214701351,4,76.87463214701351
7.0160365,100.4889934,,1,False,,0,0,0,2,,0,35.785272179395974,2,35.785272179395974
7.0164538,100.4897439,,1,False,,2,3,5,2,,0,77.67158416946056,3,77.67158416946056
7.0157908,100.4906644,,3,False,,0,1,1,1,,0,57.686768847802675,1,57.686768847802675
7.004892099999998,100.4806081,,3,False,,1,0,1,1,,0,40.16466070493019,5,40.16466070493019
7.005293099999998,100.4823578,,3,False,,0,0,0,1,,0,173.3146492121686,5,173.3146492121686
7.002536300000002,100.4802152,,3,False,,1,0,1,2,,0,47.58888136908328,1,47.58888136908328
7.006045900000001,100.4822272,,3,False,,1,3,4,1,,0,115.81866132252358,2,115.81866132252358
7.002521800000001,100.48037420000001,,4,False,,0,0,0,1,,0,43.916921123571406,1,43.916921123571406
7.001651100000001,100.4800676,,3,False,,3,0,3,2,,0,58.7775701081798,5,58.7775701081798
7.006272600000001,100.4821874,,3,False,,0,0,0,1,,0,90.38778470522261,2,90.38778470522261
7.0062024,100.48299990000001,,3,False,,0,0,0,3,,0,83.04271267114197,1,83.04271267114197
7.010387499999999,100.4843733,,3,False,,1,1,2,1,,0,115.32182836468938,5,115.32182836468938
7.0108411,100.4843392,,1,False,,1,0,1,2,,0,127.96268257991164,5,127.96268257991164
7.0096878,100.4836964,,3,False,,0,1,1,0,,0,103.87404277752259,4,103.87404277752259
7.0101749,100.4857501,,1,False,,2,1,3,0,,0,45.51848449174184,5,45.51848449174184
7.0094216,100.4836684,,3,False,,1,0,1,0,,0,74.8130220604178,4,74.8130220604178
7.0113665,100.4835735,,1,False,,2,1,3,1,,0,81.63315777240362,3,81.63315777240362
7.0105513,100.4816799,,4,False,,2,2,4,2,,0,49.77632853507258,1,49.77632853507258
7.0149213,100.48989,,1,False,,1,1,2,1,,0,50.44577828260244,5,50.44577828260244
7.0168584,100.4905826,,4,False,,1,0,1,5,,0,30.9000369485921,3,30.9000369485921
7.0155332999999995,100.4906893,,3,False,,1,0,1,2,,0,84.7863446711916,3,84.7863446711916
7.01497,100.4844231,,1,False,,2,1,3,3,,0,52.47056182536814,2,52.47056182536814
7.021399199999999,100.4864918,,3,False,,0,0,0,3,,0,395.33516554872386,4,111.88809975820736
7.0213039,100.4862056,,3,False,,0,0,0,1,,0,363.4194486003572,4,98.2359734452072
7.020492899999999,100.4870725,,1,False,,1,1,2,1,,0,414.6025571446945,5,8.514727811380563
7.0210235,100.4877107,,3,False,,1,2,3,2,,0,504.07147777148026,5,96.47561643985702
7.0026311,100.4812195,,3,False,,0,2,2,2,,0,31.758125698101043,5,31.758125698101043
7.001629400000001,100.4802204,,4,False,,0,0,0,1,,0,47.22797492977921,5,47.22797492977921
7.0000323,100.4798053,,3,False,,1,0,1,1,,0,49.07220129377601,1,49.07220129377601
7.0064097,100.4821668,,3,False,,1,0,1,1,,0,75.06118117952056,2,75.06118117952056
7.006516699999998,100.4829633,,3,False,,2,0,2,2,,0,91.7867721531079,1,91.7867721531079
7.006283199999999,100.4835987,,3,False,,0,2,2,1,,0,17.114959848958513,1,17.114959848958513
7.005415999999999,100.4840329,,3,False,,0,1,1,1,,0,60.815469754277935,1,60.815469754277935
7.005855799999998,100.4837398,,1,False,,3,1,4,2,,0,43.60647544081453,1,43.60647544081453
7.005023399999999,100.4889568,,3,False,,1,0,1,2,,0,84.61751227304009,2,84.61751227304009
7.001862499999999,100.4874099,,3,False,,0,0,0,2,,0,43.56878641238252,3,43.56878641238252
7.0014554,100.4892441,,3,False,,0,0,0,2,,0,59.128751001499026,1,59.128751001499026
7.002000999999999,100.4879643,,1,False,,1,0,1,3,,0,83.21485222882426,3,83.21485222882426
7.003913,100.4874995,,1,False,,1,0,1,1,,0,49.49071307849379,3,49.49071307849379
7.0025304,100.4870079,,3,False,,1,0,1,2,,0,50.13581566944338,3,50.13581566944338
7.0029147,100.4869183,,3,False,,2,0,2,1,,0,93.726239982764,3,93.726239982764
7.006713699999999,100.4817773,,1,False,,0,0,0,3,,0,53.04771566850604,2,53.04771566850604
7.006337099999998,100.4816036,,3,False,,0,0,0,1,,0,98.07699966715487,2,98.07699966715487
7.013029,100.4818547,,3,False,,1,0,1,0,,0,83.63636444069792,1,83.63636444069792
7.009220199999999,100.4814688,,3,False,,1,2,3,1,,0,134.49941891218145,1,134.49941891218145
7.010551499999999,100.4798697,,3,False,,0,2,2,2,,0,111.64014731293598,2,111.64014731293598
7.008599399999999,100.4788935,,1,False,,0,0,0,2,,0,22.99391034899303,2,22.99391034899303
7.011791199999999,100.4788701,,3,False,,3,0,3,1,,0,34.92398152119234,1,34.92398152119234
7.0302422,100.5010442,,3,False,,2,0,2,0,,0,100.57535258803362,2,100.57535258803362
7.007732900000001,100.4733037,,3,False,,0,1,1,2,,0,120.32826481516321,3,120.32826481516321
7.006658399999998,100.4735976,,4,False,,1,0,1,0,,0,48.198860435045304,3,48.198860435045304
7.0056495,100.4738292,,3,False,,0,0,0,1,,0,27.193761442780563,2,27.193761442780563
7.006549100000001,100.473278,,3,False,,0,0,0,1,,0,51.84363271158108,4,51.84363271158108
7.0067946,100.4740473,,4,False,,4,2,6,2,,0,67.28249291012541,2,67.28249291012541
7.0059695999999985,100.474283,,3,False,,2,1,3,3,,0,45.41520192112726,5,45.41520192112726
7.007655699999999,100.4729263,,3,False,,0,0,0,1,,0,112.6071211856412,3,112.6071211856412
7.008142499999999,100.4737477,,1,False,,0,0,0,3,,0,95.64318376564704,4,95.64318376564704
7.0069454,100.47452720000001,,4,False,,2,1,3,2,,0,16.465671254417366,2,16.465671254417366
7.004536099999998,100.4741483,,3,False,,2,3,5,2,,0,44.315577882600685,5,44.315577882600685
7.0061954,100.4746862,,4,False,,2,3,5,3,,0,12.869577331368678,5,12.869577331368678
7.007839099999999,100.4744019,,3,False,,0,0,0,1,,0,21.803761741428858,4,21.803761741428858
7.007187799999999,100.47536,,4,False,,0,0,0,0,,0,86.58468025081744,2,86.58468025081744
7.004602399999999,100.4745803,,3,False,,0,0,0,1,,0,91.76096477433636,5,91.76096477433636
7.003856899999999,100.4741259,,4,False,,0,0,0,5,,0,51.90422628572016,1,51.90422628572016
7.0060454,100.4747542,,3,False,,1,1,2,1,,0,29.466831778014797,5,29.466831778014797
7.0063169,100.4754109,,3,False,,2,0,2,2,,0,91.73324799724617,5,91.73324799724617
7.008675799999999,100.4742638,,4,False,,0,0,0,2,,0,91.06855866455994,4,91.06855866455994
7.007917,100.4752638,,4,False,,0,1,1,0,,0,75.18172166000004,4,75.18172166000004
7.006701799999999,100.4753863,,3,False,,0,1,1,3,,0,98.23786642205323,2,98.23786642205323
7.007214799999999,100.4760142,,3,False,,0,1,1,2,,0,81.87023255300626,2,81.87023255300626
7.030208999999999,100.5007115,,3,False,,0,0,0,1,,0,76.47321749311442,2,76.47321749311442
7.0046686,100.4753243,,3,False,,0,0,0,1,,0,102.09283337743081,5,102.09283337743081
7.003883999999999,100.4745281,,4,False,,0,2,2,1,,0,16.025534387524694,1,16.025534387524694
7.0059548,100.4745585,,1,False,,0,0,0,2,,0,32.75912752670068,5,32.75912752670068
7.005816699999999,100.4755734,,1,False,,1,0,1,2,,0,88.79287409914173,3,88.79287409914173
7.0060349,100.4759068,,3,False,,0,1,1,2,,0,44.76182952036393,3,44.76182952036393
7.0086454,100.4738754,,3,False,,1,0,1,0,,0,106.55555894213659,3,106.55555894213659
7.008711699999999,100.47472250000001,,3,False,,1,1,2,2,,0,89.25154818989449,4,89.25154818989449
7.010956299999998,100.4742706,,5,False,,0,0,0,3,,0,82.88173436553865,3,82.88173436553865
7.008754599999999,100.47519590000002,,4,False,,0,0,0,3,,0,114.74592087629343,4,114.74592087629343
7.007989099999998,100.4760178,,4,False,,2,2,4,2,,0,26.87605990642883,2,26.87605990642883
7.006727,100.4763647,,3,False,,1,1,2,3,,0,54.24907501759917,3,54.24907501759917
7.0072325,100.4765604,,4,False,,0,1,1,3,,0,83.06705332805053,2,83.06705332805053
7.0090525,100.478391,,3,False,,1,0,1,0,,0,51.88688045649316,2,51.88688045649316
7.009316699999999,100.4784333,,3,False,,4,2,6,1,,0,45.757151855479954,3,45.757151855479954
7.012629400000001,100.478907,,3,False,,2,0,2,0,,0,62.82779220877311,1,62.82779220877311
7.0117873,100.4785174,,3,False,,0,2,2,1,,0,41.61832915858628,1,41.61832915858628
7.012775399999999,100.4794044,,3,False,,0,1,1,1,,0,25.196489716408685,3,25.196489716408685
7.008825699999999,100.4760274,,3,False,,0,0,0,1,,0,25.979627468038093,5,25.979627468038093
7.0080445,100.4765438,,4,False,,1,2,3,1,,0,35.405209663772375,2,35.405209663772375
7.0063144,100.4762745,,3,False,,1,0,1,3,,0,7.6186893939230895,3,7.6186893939230895
7.010769199999998,100.4748007,,3,False,,0,0,0,3,,0,122.45743533888277,3,122.45743533888277
7.008892699999999,100.4765344,,3,False,,0,0,0,0,,0,35.16193434472664,5,35.16193434472664
7.0080654000000004,100.4768967,,3,False,,1,2,3,1,,0,26.376356220555316,3,26.376356220555316
7.0050442,100.4794879,,3,False,,1,1,2,1,,0,42.51668332244695,2,42.51668332244695
7.010633799999999,100.4753495,,3,False,,0,2,2,2,,0,120.58931717651511,1,120.58931717651511
7.0088968000000005,100.4765956,,3,False,,0,1,1,0,,0,41.49132772137548,5,41.49132772137548
7.007717099999999,100.4768992,,3,False,,2,1,3,3,,0,30.015082180994426,3,30.015082180994426
7.008638499999998,100.4737868,,3,False,,1,0,1,1,,0,96.92435369214836,3,96.92435369214836
7.0081934,100.473946,,1,False,,1,0,1,0,,0,76.7782156391679,4,76.7782156391679
7.0109889999999995,100.4740867,,3,False,,0,2,2,0,,0,73.41335427398829,3,73.41335427398829
7.011333,100.4742789,,3,False,,2,0,2,3,,0,116.97277102809535,3,116.97277102809535
7.010558999999999,100.48155320000001,,3,False,,2,1,3,1,,0,37.01258253514054,1,37.01258253514054
7.0131585,100.4810528,,1,False,,0,0,0,1,,0,131.3091250035217,1,131.3091250035217
7.010925199999998,100.4799006,,3,False,,1,1,2,3,,0,152.4719519516256,2,152.4719519516256
7.010484699999999,100.4807211,,1,False,,0,1,1,2,,0,58.91788219441615,1,58.91788219441615
7.009972099999999,100.4814553,,3,False,,1,0,1,1,,0,54.142072199745655,1,54.142072199745655
7.011633999999999,100.4799488,,3,False,,1,0,1,1,,0,141.46286477007231,1,141.46286477007231
7.010863999999999,100.4807645,,1,False,,1,1,2,4,,0,68.55153921740273,2,68.55153921740273
7.0099696,100.4815863,,4,False,,0,1,1,0,,0,61.84419902627443,1,61.84419902627443
7.010574299999999,100.4820566,,3,False,,1,1,2,4,,0,90.80622994492907,1,90.80622994492907
7.012743699999999,100.4785183,,3,False,,0,1,1,0,,0,69.16838258377452,1,69.16838258377452
7.013127800000001,100.4794188,,3,False,,0,0,0,1,,0,29.59008574511355,3,29.59008574511355
7.012117899999999,100.4799702,,3,False,,1,3,4,1,,0,98.12827965400639,3,98.12827965400639
7.011554099999999,100.4810311,,1,False,,1,0,1,2,,0,41.42208277662671,2,41.42208277662671
7.0067521,100.4728311,,1,False,,1,0,1,1,,0,56.322748215928065,4,56.322748215928065
7.0137451,100.4713034,,3,False,,1,0,1,0,,0,86.1717673219682,5,86.1717673219682
7.011911999999998,100.470556,,3,False,,2,1,3,3,,0,78.98220400078151,5,78.98220400078151
7.013824600000001,100.4710024,,3,False,,0,0,0,3,,0,65.23781318678205,4,65.23781318678205
7.010710000000001,100.4701457,traffic_signals,3,False,,1,0,1,0,,0,70.0906195161473,2,70.0906195161473
7.010682000000001,100.4710191,,4,False,,1,0,1,2,,0,67.79394660021437,4,67.79394660021437
7.013946199999999,100.4709568,,3,False,,1,0,1,1,,0,63.49774347120522,4,63.49774347120522
7.0108468,100.4715861,,4,False,,3,1,4,3,,0,58.02516771109249,4,58.02516771109249
7.010108699999999,100.470702,,3,False,,1,2,3,3,,0,128.20162414444732,1,128.20162414444732
7.010536899999998,100.4703752,,3,False,,3,1,4,3,,0,88.49363764022401,1,88.49363764022401
7.014202499999999,100.4711353,,3,False,,0,1,1,0,,0,43.97889116120202,1,43.97889116120202
7.0135982,100.4682451,,3,False,,0,0,0,0,,0,39.98124389153115,2,39.98124389153115
7.0100311999999985,100.469925,,3,False,,1,1,2,0,,0,56.938132770887485,1,56.938132770887485
7.0108975,100.4721743,,3,False,,1,0,1,2,,0,90.8116741456971,1,90.8116741456971
7.011646899999998,100.4714697,,1,False,,0,0,0,4,,0,50.155381216140164,4,50.155381216140164
7.01006,100.4702142,,4,False,,3,3,6,0,,0,80.086511514917,1,80.086511514917
7.009643,100.4705138,,3,False,,0,1,1,1,,0,99.33181104403901,4,99.33181104403901
7.0145059,100.4711096,,3,False,,1,0,1,4,,0,17.718326319492263,1,17.718326319492263
7.014191599999999,100.4712994,,3,False,,1,1,2,4,,0,43.661393290402216,1,43.661393290402216
7.013485000000001,100.4672637,,4,False,,0,1,1,2,,0,77.86679717942148,2,77.86679717942148
7.014129799999998,100.4681743,,1,False,,0,0,0,3,,0,50.73617308159936,2,50.73617308159936
7.009537400000002,100.4697662,,3,False,,2,1,3,0,,0,20.83273762936195,4,20.83273762936195
7.0119356999999995,100.4720861,,3,False,,0,0,0,0,,0,93.20552890868856,2,93.20552890868856
7.010931,100.4724426,,4,False,,1,0,1,0,,0,63.14856346201121,1,63.14856346201121
7.009565099999999,100.4700595,,3,False,,0,0,0,3,,0,52.64784918573407,4,52.64784918573407
7.0097094,100.4710568,,3,False,,0,0,0,4,,0,127.50602561854954,4,127.50602561854954
7.0148119,100.4710752,,3,False,,0,1,1,3,,0,31.80923359814499,1,31.80923359814499
7.014960200000001,100.4719759,,1,False,,1,0,1,3,,0,90.38179289431861,1,90.38179289431861
7.014864300000001,100.4728066,,3,False,,1,0,1,4,,0,33.365124455337416,4,33.365124455337416
7.0139598,100.4714477,,3,False,,1,0,1,2,,0,72.32897483077879,1,72.32897483077879
7.0134216999999985,100.466817,,3,False,,1,1,2,1,,0,72.4037565296464,1,72.4037565296464
7.013848899999999,100.4672086,,3,False,,1,0,1,2,,0,78.99058149572734,2,78.99058149572734
7.013092,100.4673184,,3,False,,0,1,1,2,,0,68.88380762713356,5,68.88380762713356
7.0121213,100.47045680000001,,3,False,,1,0,1,1,,0,87.73660607168367,5,87.73660607168367
7.012717100000001,100.4706904,,3,False,,2,2,4,0,,0,65.64742954296361,2,65.64742954296361
7.0135385999999995,100.4709912,,3,False,,0,0,0,1,,0,67.64455380825899,4,67.64455380825899
7.012679199999998,100.4693424,,3,False,,1,0,1,4,,0,135.29657200784177,5,135.29657200784177
7.012678499999999,100.46913390000002,,3,False,,0,0,0,1,,0,125.85197444889924,5,125.85197444889924
7.0120936999999985,100.46935010000001,,3,False,,2,1,3,0,,0,182.65708488200318,5,182.65708488200318
7.0126832,100.46875900000002,,3,False,,2,0,2,1,,0,96.57905236305639,5,96.57905236305639
7.0132931,100.4690713,,3,False,,1,0,1,2,,0,61.74897436545149,5,61.74897436545149
7.012679299999999,100.4673857,,4,False,,1,1,2,2,,0,64.26792437321116,3,64.26792437321116
7.0132515,100.46871,,3,False,,0,0,0,1,,0,55.30226146733456,5,55.30226146733456
7.013433099999999,100.4701188,,3,False,,0,1,1,0,,0,48.073757232497584,4,48.073757232497584
7.011276999999999,100.4701876,,3,False,,2,0,2,2,,0,116.22573940776476,2,116.22573940776476
7.011331199999999,100.4675226,,4,False,,0,0,0,5,,0,44.45445976455485,4,44.45445976455485
7.0120816,100.4674841,,3,False,,3,2,5,0,,0,103.63775823389817,4,103.63775823389817
7.012204500000001,100.4666081,,3,False,,0,2,2,1,,0,41.771661192856705,5,41.771661192856705
7.0122473,100.4674512,,3,False,,1,2,3,0,,0,90.13151958910154,3,90.13151958910154
7.009555799999999,100.4700054,,3,False,,0,1,1,1,,0,46.73128765456623,4,46.73128765456623
7.012617500000003,100.4665786,,2,False,,2,0,2,0,,0,69.33446113817922,5,69.33446113817922
7.0102311,100.4671093,,1,False,,0,0,0,1,,0,20.719977310218297,5,20.719977310218297
7.0171578,100.4930273,,1,False,,0,0,0,3,,0,101.12946091716456,3,101.12946091716456
7.018266499999999,100.4942961,,1,False,,0,2,2,0,,0,134.632821178709,2,80.61698577667755
7.015057699999999,100.4710613,,3,False,,2,0,2,1,,0,56.44789747938409,1,56.44789747938409
7.014625799999999,100.4697814,,3,False,,0,0,0,2,,0,70.34347461312898,3,70.34347461312898
7.014734700000001,100.4728718,,3,False,,0,1,1,0,,0,17.457156551679514,4,17.457156551679514
7.015492100000002,100.4741117,,3,False,,0,2,2,2,,0,165.92601219267186,4,165.92601219267186
7.0149333,100.47009150000001,,1,False,,2,1,3,2,,0,52.80490905404735,3,52.80490905404735
7.015744100000002,100.4710111,,3,False,,0,2,2,1,,0,86.2723238462257,2,86.2723238462257
7.014585199999998,100.469441,,3,False,,0,0,0,0,,0,107.79537270802449,3,107.79537270802449
7.015246199999999,100.4697104,,1,False,,1,1,2,2,,0,107.06043967279459,3,107.06043967279459
7.0141933000000005,100.47176280000001,,3,False,,0,0,0,2,,0,60.475023974617166,5,60.475023974617166
7.015922999999999,100.4749804,,3,False,,0,2,2,0,,0,271.90950254329863,4,271.90950254329863
7.0166285,100.4736597,,3,False,,1,0,1,1,,0,164.4109701149727,2,164.4109701149727
7.016390699999999,100.4709398,,3,True,โรงเรียนเทศบาล 1 (เอ็งเสียงสามัคคี),1,1,2,2,,0,59.855130938063425,2,59.855130938063425
7.016339199999998,100.4721965,,3,False,,1,1,2,4,,0,191.7298708259295,2,191.7298708259295
7.015295599999999,100.46934690000002,,1,False,,1,0,1,2,,0,108.72469273830396,1,108.72469273830396
7.014538199999999,100.4690762,,3,False,,2,1,3,2,,0,94.3183729113758,5,94.3183729113758
7.014045199999999,100.4720768,,4,False,,1,0,1,3,,0,32.65205483391104,5,32.65205483391104
7.0160466999999995,100.4752922,,3,False,,1,0,1,2,,0,255.63206954617476,5,255.63206954617476
7.015793599999999,100.475041,,3,False,,0,1,1,2,,0,262.34963997954503,5,262.34963997954503
7.0172151,100.4749227,,3,False,,0,2,2,4,,0,234.81905783618313,2,234.81905783618313
7.017022800000001,100.4735108,,4,False,,1,2,3,3,,0,118.6567700071705,2,118.6567700071705
7.016200199999998,100.4944703,,1,False,,0,0,0,4,,0,79.77230572910842,5,79.77230572910842
7.016319599999999,100.4762197,,3,False,,0,1,1,1,,0,212.4176790779779,1,212.4176790779779
7.016142199999999,100.4758201,,3,False,,0,2,2,2,,0,221.79990001372576,5,221.79990001372576
7.0159698,100.4754228,,3,False,,3,1,4,3,,0,239.09250379976476,5,239.09250379976476
7.0148923,100.4757773,,3,False,,0,1,1,3,,0,148.28549176105406,5,148.28549176105406
7.015305899999999,100.4740319,,3,False,,1,1,2,4,,0,146.85555759097463,4,146.85555759097463
7.014558599999998,100.4758831,,3,False,,0,0,0,1,,0,132.63471262308363,5,132.63471262308363
7.014886899999999,100.4755559,,1,False,,1,0,1,1,,0,172.0632352365533,5,172.0632352365533
7.015154300000001,100.473724,,3,False,,0,0,0,2,,0,109.28267335400294,4,109.28267335400294
7.0148912,100.4741889,,3,False,,1,1,2,1,,0,144.62537573635686,4,144.62537573635686
7.013757799999999,100.4764742,,4,False,,0,1,1,0,,0,67.30508768022607,1,67.30508768022607
7.017233999999999,100.465979,,3,False,,1,2,3,0,,0,34.264353305526164,5,34.264353305526164
7.017291600000001,100.4662906,,3,False,,0,1,1,1,,0,23.463452959079728,5,23.463452959079728
7.013915799999999,100.4677723,,1,False,,0,1,1,0,,0,24.301548336934708,2,24.301548336934708
7.014120999999999,100.4671719,,3,False,,1,0,1,2,,0,91.94503812634818,2,91.94503812634818
7.017085100000001,100.4652573,,2,False,,1,1,2,3,,0,93.62714494282369,4,93.62714494282369
7.017373600000001,100.4667451,,4,False,,0,0,0,1,,0,63.42248697985068,5,63.42248697985068
7.0141748,100.467651,,1,False,,0,1,1,2,,0,53.87443364154273,5,53.87443364154273
7.0145957,100.4671157,,3,False,,0,2,2,0,,0,88.50415266499434,5,88.50415266499434
7.013916200000001,100.472443,,4,False,,1,0,1,0,,0,43.7818110642805,5,43.7818110642805
7.0145688,100.4739297,,3,False,,1,0,1,3,,0,111.93536762129455,4,111.93536762129455
7.016578199999999,100.4764207,,3,False,,0,0,0,1,,0,209.32220874751565,1,209.32220874751565
7.0176392,100.4747911,,4,False,,1,0,1,2,,0,209.35388453208267,2,209.35388453208267
7.0167403,100.4729597,,3,False,,0,0,0,2,,0,130.17279431051253,2,130.17279431051253
7.0178522999999995,100.473204,,3,False,,0,0,0,5,,0,32.53366749121635,2,32.53366749121635
7.0119113,100.4723837,,4,False,,0,1,1,1,,0,61.88124263194955,2,61.88124263194955
7.010499099999999,100.4724048,,3,False,,2,0,2,1,,0,100.46571374958889,1,100.46571374958889
7.011000199999998,100.4729942,,3,False,,3,0,3,1,,0,28.921301694358807,1,28.921301694358807
7.0094509,100.4711036,,3,False,,0,0,0,3,,0,108.4785035411508,4,108.4785035411508
7.0097174,100.4711362,,1,False,,0,0,0,2,,0,133.28207952658522,4,133.28207952658522
7.017390899999999,100.4780011,,3,False,,0,0,0,2,,0,150.8758423156486,2,150.8758423156486
7.019034500000001,100.4768506,,4,False,,1,1,2,0,,0,192.9610045977434,3,192.9610045977434
7.0177318,100.4787328,,3,False,,0,1,1,4,,0,163.87313866651704,2,163.87313866651704
7.020820799999999,100.4779169,,1,False,,0,1,1,2,,0,44.69036387672612,3,44.69036387672612
7.019408600000001,100.4768185,,3,False,,2,1,3,0,,0,164.76432789088372,3,164.76432789088372
7.019082199999999,100.477457,,1,False,,1,0,1,3,,0,156.0636759589429,3,156.0636759589429
7.0189922,100.4765167,,1,False,,0,2,2,2,,0,220.76372926440908,3,220.76372926440908
7.0151844,100.4776001,,2,False,,0,1,1,1,,0,43.39341799140393,1,43.39341799140393
7.0197414,100.4783793,,3,False,,1,2,3,4,,0,90.4909290198648,3,90.4909290198648
7.020111599999999,100.4767576,,3,False,,1,0,1,3,,0,132.42579758787258,3,132.42579758787258
7.019453699999999,100.4774554,,1,False,,1,0,1,1,,0,118.05411439087962,3,118.05411439087962
7.015150499999999,100.4775227,,3,False,,0,1,1,1,,0,52.54449025005537,1,52.54449025005537
7.020990699999999,100.4784956,,1,False,,1,1,2,3,,0,40.15215863199233,1,40.15215863199233
7.020712499999999,100.4788118,,1,False,,0,1,1,1,,0,59.82928949188199,1,59.82928949188199
7.020038699999999,100.4763305,,3,False,,1,0,1,0,,0,167.7373872491099,1,167.7373872491099
7.020449899999998,100.4766729,,3,False,,0,1,1,1,,0,137.4637102253105,3,137.4637102253105
7.0149931,100.4771709,,3,False,,0,1,1,2,,0,46.33458965896827,5,46.33458965896827
7.013439599999999,100.4778672,,3,False,,0,0,0,2,,0,34.7573174382892,2,34.7573174382892
7.009266099999998,100.4700538,,3,False,,0,0,0,3,,0,62.70969274277925,4,62.70969274277925
7.010537099999999,100.4757566,,3,False,,1,2,3,0,,0,95.84661652375046,1,95.84661652375046
7.009702499999999,100.4756106,,1,False,,0,0,0,1,,0,126.82695425838497,5,126.82695425838497
7.010493,100.4759344,,3,False,,0,0,0,0,,0,90.68308905036712,1,90.68308905036712
7.0104273,100.4761999,,3,False,,1,1,2,2,,0,91.14481399031277,1,91.14481399031277
7.0098171,100.47582600000001,,1,False,,1,1,2,2,,0,126.96162342911086,5,126.96162342911086
7.0110406,100.4738246,,3,False,,1,0,1,1,,0,69.48692445249992,3,69.48692445249992
7.011004000000002,100.4763135,,3,False,,1,0,1,0,,0,28.093512568042854,1,28.093512568042854
7.012147499999999,100.4723816,,4,False,,3,0,3,2,,0,59.54079366133751,2,59.54079366133751
7.0098637,100.47622020000001,,1,False,,0,0,0,2,,0,100.27665115548592,1,100.27665115548592
7.010370700000001,100.4764769,traffic_signals,3,False,,1,0,1,2,,0,100.4152167268144,1,100.4152167268144
7.01108,100.4733872,,3,False,,2,1,3,0,,0,55.281317850341146,1,55.281317850341146
7.011004700000001,100.476359,,3,False,,2,0,2,1,,0,29.679102040560473,1,29.679102040560473
7.012296599999999,100.4764419,,3,False,,0,0,0,2,,0,71.77188753908294,3,71.77188753908294
7.012808299999999,100.47254000000001,,3,False,,1,1,2,1,,0,51.858047883516775,1,51.858047883516775
7.0119313,100.472383,,2,False,,0,2,2,3,,0,61.311866445796326,2,61.311866445796326
7.012939399999997,100.471796,,3,False,,1,0,1,0,,0,31.84512304799963,1,31.84512304799963
7.008907600000001,100.47675710000001,,3,False,,2,1,3,0,,0,58.67515109693667,5,58.67515109693667
7.009667499999999,100.4765217,,3,False,,0,1,1,0,,0,62.74625592095328,1,62.74625592095328
7.0106817999999995,100.4764688,,3,False,,0,0,0,1,,0,67.32310773000142,1,67.32310773000142
7.010223999999999,100.4723732,,4,False,,0,2,2,0,,0,128.36691998736865,1,128.36691998736865
7.010535600000001,100.4730642,,3,False,,0,1,1,0,,0,76.90340530066,3,76.90340530066
7.0110379,100.4731558,,3,False,,0,1,1,4,,0,35.329377357138426,1,35.329377357138426
7.013815400000001,100.4727813,,3,False,,0,0,0,0,,0,77.45254886177176,5,77.45254886177176
7.0135809,100.4721009,,3,False,,0,2,2,3,,0,18.7999669112823,5,18.7999669112823
7.014594999999999,100.4742373,,4,False,,1,1,2,1,,0,145.91436327070116,4,145.91436327070116
7.010279899999999,100.4730689,,3,False,,0,1,1,2,,0,76.75594146482116,3,76.75594146482116
7.0094928,100.4723627,,4,False,,1,0,1,2,,0,87.74869393177406,4,87.74869393177406
7.011756499999999,100.4730056,,1,False,,0,2,2,4,,0,37.453952849183906,2,37.453952849183906
7.0094407,100.4815012,,3,False,,0,0,0,0,,0,111.4369641708771,1,111.4369641708771
7.010748600000001,100.4764645,,3,False,,1,1,2,2,,0,60.29869868871373,1,60.29869868871373
7.010920299999999,100.4779965,,3,False,,0,2,2,0,,0,37.510970671755636,2,37.510970671755636
7.0108948,100.4764583,,3,False,,0,0,0,2,,0,45.52458717533947,1,45.52458717533947
7.0112233999999996,100.4781114,,4,False,,1,0,1,1,,0,21.71526002921721,4,21.71526002921721
7.0110215,100.4765611,,3,False,,0,1,1,2,,0,42.6603434636965,1,42.6603434636965
7.008435699999999,100.47684350000002,,3,False,,0,1,1,1,,0,63.21774393644664,3,63.21774393644664
7.012028299999999,100.4780766,,3,False,,1,2,3,2,,0,74.64881555211059,1,74.64881555211059
7.0112687,100.4777493,,3,False,,2,1,3,3,,0,18.60671118508656,2,18.60671118508656
7.010928200000001,100.478476,,3,False,,1,1,2,2,,0,71.31140635481623,4,71.31140635481623
7.011059099999999,100.4767109,,3,False,,2,2,4,2,,0,55.12477654700768,1,55.12477654700768
7.008641699999999,100.4784834,,3,False,,0,1,1,1,,0,31.79696693495049,2,31.79696693495049
7.011969499999999,100.4785078,,3,False,,2,1,3,1,,0,29.572298540122308,1,29.572298540122308
7.012080299999999,100.4777187,,3,False,,0,0,0,1,,0,94.38636066283317,2,94.38636066283317
7.0112512,100.47721800000001,,3,False,,0,2,2,2,,0,77.19213058331071,4,77.19213058331071
7.0102104999999995,100.4784443,,3,False,,0,0,0,1,,0,77.14114436995055,3,77.14114436995055
7.0095359,100.47796950000001,,3,False,,0,0,0,1,,0,7.847774269479716,2,7.847774269479716
6.9996779,100.47327380000002,,3,False,,0,1,1,3,,0,166.1574517841307,4,166.1574517841307
6.999632,100.47293140000001,,3,False,,1,0,1,1,,0,185.8512889264629,1,185.8512889264629
7.0004163,100.4727931,,3,False,,3,0,3,2,,0,121.03393730648034,2,121.03393730648034
7.0099925999999995,100.4834593,,1,False,,1,0,1,5,,0,141.11458565676924,4,141.11458565676924
7.0105927,100.4824839,,3,False,,0,0,0,1,,0,137.71052076038964,1,137.71052076038964
7.010246699999999,100.4820745,,1,False,,0,0,0,1,,0,93.01390601862683,1,93.01390601862683
7.0102783,100.482506,,1,False,,1,0,1,0,,0,139.61050271999937,1,139.61050271999937
7.0106043,100.4833385,,3,False,,1,6,7,0,,0,169.7578510598623,3,169.7578510598623
7.000380299999999,100.4723581,,3,False,,0,2,2,3,,0,100.8514405413813,2,100.8514405413813
7.0018998,100.4723161,,3,False,,1,0,1,1,,0,69.38909454996288,3,69.38909454996288
7.0010895,100.4721166,,3,False,,4,0,4,2,,0,18.125086362255047,2,18.125086362255047
7.001971199999998,100.472547,,3,False,,4,2,6,2,,0,42.68405832933186,3,42.68405832933186
7.001767399999999,100.47188740000001,,3,False,,0,0,0,4,,0,61.173970230645516,2,61.173970230645516
7.001163100000001,100.4744325,,4,False,,1,0,1,1,,0,84.20827229585672,4,84.20827229585672
7.020716599999998,100.4761733,,1,False,,1,1,2,2,,0,102.30982614133936,1,102.30982614133936
7.019885399999999,100.475554,,4,False,,1,1,2,1,,0,122.27939119502317,3,122.27939119502317
7.020743899999999,100.4765993,,3,False,,1,0,1,0,,0,142.14181552364346,1,142.14181552364346
7.0204273,100.47741450000001,,1,False,,0,2,2,1,,0,55.49312759954623,3,55.49312759954623
7.019721399999998,100.4751856,,3,False,,0,0,0,2,,0,101.6799738997813,3,101.6799738997813
7.020449,100.4754004,,3,False,,0,0,0,1,,0,88.59516272346679,1,88.59516272346679
7.0192673,100.4756716,,3,False,,1,0,1,2,,0,174.9596050835436,3,174.9596050835436
7.0210126,100.4765329,,4,False,,0,0,0,4,,0,126.0874254629711,1,126.0874254629711
7.020744999999997,100.4774545,,1,False,,2,1,3,0,,0,62.654153029285965,3,62.654153029285965
7.0196658,100.4750439,,3,False,,2,0,2,0,,0,97.38443470988955,3,97.38443470988955
7.020143399999999,100.4750596,,3,False,,0,3,3,1,,0,60.679014381344984,3,60.679014381344984
7.020868699999999,100.4752902,,3,False,,0,0,0,1,,0,44.41997186761975,1,44.41997186761975
7.020514999999998,100.4759934,,1,False,,1,0,1,2,,0,103.27774824470768,1,103.27774824470768
7.018923999999998,100.4757666,,3,False,,0,0,0,0,,0,210.56216111149217,3,210.56216111149217
7.019165299999999,100.4751852,,3,False,,1,0,1,0,,0,153.52740935249565,3,153.52740935249565
7.0212591999999985,100.4764636,,3,False,,0,1,1,1,,0,113.98987580853584,4,113.98987580853584
7.0220549,100.4778403,,3,False,,2,0,2,1,,0,83.69050249543314,4,83.69050249543314
7.0192822999999995,100.4742735,,4,False,,2,1,3,3,,0,66.73355810795188,2,66.73355810795188
7.020466799999999,100.47496040000001,,3,False,,1,2,3,1,,0,42.02657403298971,3,42.02657403298971
7.0199311999999985,100.4744711,,1,False,,2,1,3,1,,0,55.09771407766475,3,55.09771407766475
7.020963799999999,100.4752652,,3,False,,0,1,1,2,,0,35.80064448201593,1,35.80064448201593
7.0190136999999995,100.4762916,,1,False,,1,0,1,1,,0,237.2868269200079,3,237.2868269200079
7.018491000000001,100.47586780000002,,3,False,,1,0,1,3,,0,255.9000158268128,3,255.9000158268128
7.021338499999999,100.4770628,,1,False,,0,0,0,3,,0,82.3971540653474,4,82.3971540653474
7.021859299999999,100.4763217,,3,False,,0,0,0,1,,0,87.71811319684339,4,87.71811319684339
7.023431200000001,100.4791117,,1,False,,0,2,2,4,,0,226.85391412976563,5,226.85391412976563
7.030943099999999,100.47392400000001,,3,False,,1,2,3,2,,0,432.99572270650793,3,116.34979385984053
7.0304891,100.4740656,,3,False,,1,0,1,2,,0,380.9386566419296,3,115.34410418550625
7.0312002,100.4743298,,3,False,,0,1,1,4,,0,456.1162832637469,3,156.21996031524876
7.030069599999999,100.4725988,,3,False,,2,1,3,1,,0,335.1044992600462,3,135.1734884997465
7.030266100000001,100.4741234,,3,False,,1,0,1,2,,0,355.60897300596076,3,91.00893306630806
7.0313095,100.4769312,,3,False,,2,1,3,4,,0,223.8872479546095,2,87.20786446665561
7.032366200000002,100.4761706,,3,False,,1,0,1,0,,0,357.3321719944258,2,105.57876080971839
7.031504999999998,100.4760289,,1,False,,1,0,1,1,,0,323.8229980875215,3,122.80518238365732
7.029694499999998,100.4719881,,3,False,,0,1,1,1,,0,288.94191863063617,3,196.87925751227243
7.029028,100.4729117,,3,False,,0,2,2,1,,0,233.71090221526882,3,153.2275044772286
7.030093,100.4741786,,3,False,,0,2,2,2,,0,335.80828600673675,3,71.94398629341721
7.0301875,100.473872,,1,False,,0,2,2,0,,0,352.14918832522915,3,103.14924000777309
7.031542199999999,100.4769013,,3,False,,0,2,2,1,,0,239.18073659898704,2,63.12921750966151
7.0311810999999995,100.4769477,,3,False,,0,0,0,0,,0,216.3193559741555,2,85.85130922867359
7.032737899999999,100.47673700000001,,4,False,,0,0,0,1,,0,339.6314154778119,2,81.87486076068416
7.0314497,100.4763108,,1,False,,2,2,4,1,,0,292.6962014322293,2,110.42733552122779
7.0293644,100.4714664,,3,False,,0,2,2,1,,0,261.29320758666023,3,173.99971522668287
7.028852099999999,100.47212050000002,,3,False,,1,0,1,1,,0,195.6383996963194,3,103.52439356253983
7.028377099999999,100.4731073,,4,False,,1,1,2,2,,0,182.39150556685715,2,87.37437112997152
7.0296617999999995,100.4742856,,3,False,,1,1,2,2,,0,287.02561357774965,3,34.01887178029736
7.030867500000001,100.4769932,,3,False,,0,0,0,1,,0,200.3922511331592,2,50.839354968048724
7.0320328,100.4768383,,3,False,,0,0,0,0,,0,276.671788588301,2,27.641950069450925
7.031948499999998,100.47946840000002,,3,False,,1,1,2,1,,0,169.87036757415495,2,78.2791603941471
7.0313856999999995,100.4797801,,3,False,,2,0,2,1,,0,109.3416884093219,2,26.415208593813166
7.032591199999999,100.4767604,,3,False,,0,0,0,0,,0,325.79313543003786,2,66.53574022394987
7.034211099999999,100.479354,,3,False,,1,1,2,0,,0,420.36501113803433,5,255.99172921406338
7.029180900000001,100.4712032,,3,False,,0,2,2,1,,0,247.6975150421289,3,164.60785626443496
7.029526,100.4713735,,1,False,,0,2,2,2,,0,281.27093507912133,3,194.47760405753542
7.0282254,100.472219,,3,False,,0,1,1,3,,0,127.17934878799272,3,37.28593837438512
7.0279058999999995,100.4732351,,3,False,,3,0,3,2,,0,156.41650653648657,2,56.898920629389174
7.028628099999998,100.4745504,,3,False,,1,0,1,0,,0,170.86367381725276,3,96.65025632337841
7.030431799999999,100.47697130000002,,3,False,,3,2,5,1,,0,196.518393920206,2,12.490059303461733
7.0307618,100.4769943,,3,False,,0,1,1,2,,0,197.68930581355013,2,39.41312604654384
7.032517600000001,100.4785544,,3,False,,0,1,1,0,,0,233.3308031637105,2,169.4697108040397
7.030893000000001,100.4801524,,3,False,,1,0,1,0,,0,82.0203178426342,2,74.23777310316159
7.0329895,100.4785262,,3,False,,2,0,2,0,,0,285.5845149379152,5,180.23112576249076
7.033640199999999,100.47892510000001,,3,False,,1,0,1,1,,0,356.99321147115353,5,203.83950352770748
7.027934399999999,100.4714188,,4,False,,1,0,1,0,,0,119.36307637777684,3,73.44418160047312
7.028378300000001,100.46984960000002,,3,False,,2,2,4,1,,0,156.3058852202964,3,80.814373527314
7.0277698,100.472309,,3,False,,2,0,2,1,,0,79.90087825766176,3,29.755050678591562
7.027448500000001,100.4733805,,3,False,,1,0,1,1,,0,138.8898875763395,2,65.92982317565864
7.028332399999999,100.4746314,,3,False,,2,0,2,2,,0,138.22759351117608,3,98.281553685079
7.028288799999998,100.4696655,,4,False,,0,0,0,1,yes,0,157.02591646373958,3,92.63184736427193
7.027949200000001,100.4697009,,3,False,,2,0,2,1,,0,124.18305257985315,3,79.16001951161195
7.0263021000000006,100.46664480000001,,3,False,,0,2,2,3,,0,99.04902786584756,1,99.04902786584756
7.0276966,100.4697312,,3,False,,1,1,2,1,,0,101.65755685306426,3,79.54467502470777
7.027854100000001,100.4705089,,3,False,,1,0,1,2,,0,85.84052028318308,3,12.316891815118783
7.025873999999999,100.4659949,,4,False,,0,0,0,0,,0,130.45286785729732,4,130.45286785729732
7.026423399999999,100.4676425,,1,False,,0,1,1,1,,0,35.84931967392909,1,35.84931967392909
7.0272498,100.4697764,,4,False,,0,0,0,1,,0,73.09309493467732,5,73.09309493467732
7.026074800000001,100.4678559,,3,False,,1,2,3,1,,0,20.504261742127053,1,20.504261742127053
7.0252902,100.4656894,,3,False,,1,1,2,1,,0,154.6366985727401,4,154.6366985727401
7.0274291,100.471471,,4,False,,1,1,2,1,,0,77.70870225204533,2,77.70870225204533
7.028051199999999,100.472087,,1,False,,0,1,1,0,,0,107.03025902656765,3,14.88263191454432
7.026300299999999,100.46989620000001,,4,False,,0,3,3,0,,0,35.01050836232887,2,35.01050836232887
7.0270876,100.46850900000001,,1,False,,1,0,1,1,,0,96.37507870815872,3,96.37507870815872
7.026434499999998,100.4678631,,1,False,,1,0,1,1,,0,21.243509614094634,1,21.243509614094634
7.026115199999999,100.4682043,,3,False,,0,1,1,4,,0,35.100503108959025,1,35.100503108959025
7.0248294,100.4657517,,3,False,,0,1,1,6,,0,124.97032620242192,3,124.97032620242192
7.0255073,100.4682722,,3,False,,1,0,1,1,,0,91.03944106769829,1,91.03944106769829
7.027534899999999,100.4723601,,3,False,,0,0,0,1,,0,58.55373681060343,3,52.12712007474592
7.026541899999999,100.4716311,,3,False,,2,1,3,1,,0,59.48326863777853,4,59.48326863777853
7.0259043,100.4699387,,3,False,,2,0,2,1,,0,54.798351162497966,2,54.798351162497966
7.026452499999999,100.4682159,,1,False,,1,0,1,1,,0,39.929720081824335,1,39.929720081824335
7.0243561,100.4658157,,3,False,,0,0,0,2,,0,80.2233176007033,3,80.2233176007033
7.0250471999999995,100.4700284,,4,False,,0,0,0,1,,0,63.93041682337878,4,63.93041682337878
7.025483100000001,100.469311,,1,False,,0,0,0,1,,0,30.97153188330835,4,30.97153188330835
7.0257274,100.4699643,,3,False,,0,1,1,1,,0,54.33478512328789,4,54.33478512328789
7.030128299999999,100.4769172,,3,False,,2,2,4,1,,0,204.98388113996253,2,36.793446622091096
7.028145,100.4746764,,3,False,,0,1,1,0,,0,117.85169173110289,2,105.41793390497244
7.0288156,100.4766685,,3,False,,1,1,2,3,,0,197.06038445492106,2,46.401578982189186
7.029902699999998,100.4768745,,3,False,,0,2,2,2,,0,214.85950407230166,2,61.34039666179367
7.0301476,100.4807813,,3,False,,0,3,3,0,,0,74.27279592625945,3,74.27279592625945
7.027725499999999,100.474791,,3,False,,0,2,2,1,,0,74.62707860057345,5,74.62707860057345
7.0283237000000005,100.4765754,,4,False,,1,0,1,1,,0,141.79664362846094,4,57.60581480804286
7.0290555999999995,100.476714,,3,False,,0,1,1,1,,0,224.04291886234574,2,52.981387675301185
7.0286276,100.47663290000001,,3,False,,1,1,2,1,,0,175.9314481479863,2,51.572030311842816
7.029471,100.47679970000002,,4,False,,1,1,2,3,,0,229.74854261750144,2,85.6672946759976
7.029517399999999,100.4752895,,1,False,,3,2,5,2,,0,280.24513677051465,3,78.35753399124621
7.029766200000001,100.4802634,,3,False,,0,0,0,1,,0,26.375282227727098,3,26.375282227727098
6.9973000999999995,100.47275660000001,,1,False,,1,1,2,2,,0,70.43793960927549,1,70.43793960927549
6.9979132,100.4649967,,3,False,,2,0,2,2,,0,45.67342152404113,2,45.67342152404113
6.9970473,100.46575,,3,False,,0,0,0,2,,0,128.96373904152935,1,128.96373904152935
7.017749900000001,100.4707945,traffic_signals,4,False,,1,0,1,1,,0,135.0780135123987,2,135.0780135123987
7.018350099999998,100.47071080000002,,4,False,,1,0,1,1,,0,133.46884665866384,3,133.46884665866384
7.018124399999999,100.4715893,,3,False,,0,0,0,2,,0,148.43961940129452,2,148.43961940129452
7.0171674,100.4708429,,3,False,,1,1,2,2,,0,111.84564737577296,2,111.84564737577296
7.017580199999999,100.4686817,,3,False,,0,2,2,0,,0,37.96481342964096,4,37.96481342964096
7.019028499999999,100.4706385,,3,False,,0,0,0,0,,0,167.716528341899,4,167.716528341899
7.018571299999999,100.4700575,,3,False,,0,1,1,1,,0,89.35830942684721,2,89.35830942684721
7.019180100000001,100.4727368,,3,False,,0,0,0,1,,0,48.81830847569573,2,48.81830847569573
7.0172953,100.4718713,,3,False,,0,0,0,1,,0,134.389569095934,2,134.389569095934
7.0182932,100.4720089,,3,False,,1,0,1,2,,0,108.59263634969521,2,108.59263634969521
7.0167773,100.470893,,3,False,,0,1,1,3,,0,78.54731648819974,2,78.54731648819974
7.0175126,100.4679422,,3,False,,1,1,2,2,,0,99.80856410585491,4,99.80856410585491
7.019301499999999,100.4686978,,3,False,,0,0,0,2,,0,105.67546756313506,4,105.67546756313506
7.0196411,100.4705733,,3,False,,0,1,1,2,,0,113.7764330054996,4,113.7764330054996
7.019428399999999,100.4726458,,4,False,,1,1,2,0,,0,34.483391338022756,2,34.483391338022756
7.019667199999998,100.4699881,,3,False,,1,1,2,0,,0,94.17329069509103,2,94.17329069509103
7.018631999999998,100.4693576,,3,False,,0,2,2,1,,0,82.94184575235307,3,82.94184575235307
7.018682500000001,100.4728967,,4,False,,0,1,1,1,,0,7.783444936243376,4,7.783444936243376
7.016913000000001,100.4720013,,3,False,,0,1,1,3,,0,150.1538492178656,2,150.1538492178656
7.0165502,100.472598,,3,False,,1,0,1,0,,0,155.1550697301847,2,155.1550697301847
7.018460500000001,100.4723727,,3,False,,0,1,1,0,,0,68.09375416986056,4,68.09375416986056
7.016549800000002,100.4709222,,3,False,,1,0,1,0,,0,64.95123034128618,2,64.95123034128618
7.017803299999999,100.4666857,,3,False,,0,1,1,1,,0,93.03698103722097,5,93.03698103722097
7.0193567,100.4680463,,4,False,,0,0,0,3,,0,68.60220830252482,4,68.60220830252482
7.019749199999999,100.468712,,3,False,,1,0,1,1,,0,73.92949939377502,3,73.92949939377502
7.020057500000001,100.470524,,3,False,,1,0,1,1,,0,89.50506877252788,4,89.50506877252788
7.020045600000001,100.4725998,,3,False,,0,4,4,3,,0,61.95729213497922,2,61.95729213497922
7.0195416,100.4730532,,4,False,,1,1,2,3,,0,15.774754805966028,2,15.774754805966028
7.019712799999999,100.4693848,,3,False,,0,0,0,3,,0,80.86700114334498,2,80.86700114334498
7.018254899999998,100.46934810000002,,1,False,,1,1,2,4,,0,45.545656795785746,3,45.545656795785746
7.018874599999998,100.4693637,,3,False,,1,1,2,1,,0,108.67461413958813,2,108.67461413958813
7.0182247,100.4730177,,3,False,,0,1,1,0,,0,35.845582742153184,2,35.845582742153184
7.016538999999999,100.4721286,,3,False,,0,1,1,0,,0,175.47142553862128,2,175.47142553862128
7.0159592,100.4669448,,3,False,,1,0,1,1,,0,61.91632491720507,5,61.91632491720507
7.017817699999998,100.4666829,,3,False,,0,1,1,0,,0,94.24588503002525,5,94.24588503002525
7.0197735,100.4680601,,3,False,,1,1,2,1,,0,72.86704860380176,4,72.86704860380176
7.019068699999999,100.4680507,,1,False,,0,1,1,0,,0,38.22743811036446,4,38.22743811036446
7.0192356,100.4665175,,4,False,,1,1,2,1,,0,133.90738613863897,3,133.90738613863897
7.020101499999999,100.4698896,,1,False,,2,0,2,0,,0,48.575777826608075,2,48.575777826608075
7.0215796,100.4704035,,3,False,,0,0,0,4,yes,0,36.477124051237794,5,36.477124051237794
7.0204219,100.4725718,,3,False,,0,0,0,2,,0,99.18398401709103,4,99.18398401709103
7.020023599999999,100.4730157,,3,False,,1,1,2,0,,0,49.90031342753319,2,49.90031342753319
7.0193368,100.4731264,,1,False,,0,2,2,0,,0,35.77950129213475,2,35.77950129213475
7.0197127,100.4736763,,3,False,,1,0,1,3,,0,16.46074483966689,2,16.46074483966689
7.0192657,100.4693736,,3,False,,0,0,0,5,,0,129.3690634867655,2,129.3690634867655
7.018896899999999,100.4689368,,1,False,,1,1,2,1,,0,110.34405118974396,4,110.34405118974396
7.0198041,100.4741163,,3,False,,0,0,0,2,,0,47.26313834185588,2,47.26313834185588
7.018812200000001,100.474422,,3,False,,1,0,1,0,,0,113.06598302134044,2,113.06598302134044
7.015687699999999,100.4669821,,3,False,,0,0,0,0,,0,31.9904776175227,5,31.9904776175227
7.0177728,100.4664072,,3,False,,1,1,2,1,,0,78.19616445120921,5,78.19616445120921
7.018840199999999,100.4665686,,4,False,,0,1,1,2,,0,149.27140123844222,4,149.27140123844222
7.0196484,100.4664613,,3,False,,1,0,1,2,,0,88.10590179437612,3,88.10590179437612
7.0191762,100.4658231,,1,False,,1,1,2,5,,0,145.05584213133187,3,145.05584213133187
6.9904253999999995,100.4842058,,3,False,,0,0,0,0,,0,100.27504074806073,1,100.27504074806073
6.992141899999999,100.4852353,,3,False,,1,1,2,3,,0,122.13467733520177,1,122.13467733520177
6.992838699999998,100.4838016,,4,False,,0,1,1,1,,0,195.768053842465,1,195.768053842465
6.992643599999999,100.4855036,,4,False,,1,1,2,0,,0,184.63045489285386,1,184.63045489285386
6.9935713999999995,100.4822776,,3,False,,1,1,2,2,,0,165.9491952329044,1,165.9491952329044
6.9933301,100.4841073,,4,False,,1,0,1,2,,0,235.96104601833468,1,235.96104601833468
6.992603399999999,100.48557660000002,,3,False,,0,0,0,0,,0,185.58908809203928,1,185.58908809203928
6.993117499999999,100.48575340000001,,4,False,,0,0,0,2,,0,243.64237407760416,1,243.64237407760416
6.994078600000001,100.4825263,,3,False,,0,1,1,1,,0,155.85198862397368,2,155.85198862397368
6.994393600000001,100.4807169,,3,False,,1,1,2,3,,0,117.89692196515624,4,117.89692196515624
6.993803400000001,100.48434610000001,,4,False,,1,2,3,1,,0,278.4543445625955,2,278.4543445625955
6.9924663,100.4855119,,3,False,,2,1,3,1,,0,169.1659083548554,1,169.1659083548554
6.993566900000001,100.4859791,,3,False,,1,1,2,0,,0,299.04345173388595,1,299.04345173388595
6.9930921999999995,100.4858308,,3,False,,3,2,5,0,,0,245.96382261277424,1,245.96382261277424
6.994571799999999,100.4827508,,3,False,,1,1,2,3,,0,119.02738199392151,2,119.02738199392151
6.994299299999999,100.4803421,,3,False,,2,0,2,2,,0,123.8362091893093,4,123.8362091893093
6.994691800000001,100.4813223,,3,False,,0,1,1,1,,0,80.55507677972989,1,80.55507677972989
6.9943617,100.4832138,,3,False,,1,2,3,1,,0,170.912113534568,1,170.912113534568
6.9942322,100.4845779,,3,False,,0,0,0,2,,0,241.15692224386063,2,241.15692224386063
6.991965799999999,100.4852525,,3,False,,0,0,0,1,,0,108.31507896759302,1,108.31507896759302
6.9943997,100.4863878,,3,False,,0,1,1,1,,0,231.03989234983,1,231.03989234983
6.9928346,100.4857005,,3,False,,0,2,2,0,,0,214.34085104294817,1,214.34085104294817
6.995757,100.4886113,,3,False,,1,1,2,2,,0,165.53761465820568,3,165.53761465820568
6.9955625999999995,100.4876149,,3,False,,1,1,2,2,,0,171.44135161607085,3,171.44135161607085
6.995251999999999,100.4869039,,4,False,,0,0,0,4,,0,197.94391535788307,1,197.94391535788307
6.998631399999999,100.4888723,traffic_signals,3,False,,0,0,0,2,,0,106.13186823882481,3,106.13186823882481
7.001414799999999,100.4743636,,3,False,,0,1,1,1,,0,100.3071381106364,4,100.3071381106364
7.0017505,100.4731549,,3,False,,0,1,1,1,,0,45.249116194040134,3,45.249116194040134
7.0008523,100.4752186,,3,False,,2,1,3,2,,0,49.12262773470938,1,49.12262773470938
7.001047799999999,100.4717648,,3,False,,0,1,1,1,,0,41.69602659014205,2,41.69602659014205
7.0014894000000005,100.4751872,,4,False,,2,0,2,0,,0,36.655528306659555,1,36.655528306659555
7.001801599999999,100.4743015,,3,False,,1,1,2,2,,0,68.43623101352419,4,68.43623101352419
7.0024918000000005,100.4734594,,3,False,,0,0,0,2,,0,55.41807301088522,3,55.41807301088522
7.002121600000001,100.473628,,3,False,,0,0,0,0,,0,14.127983435044621,3,14.127983435044621
7.0002589,100.4757901,,3,False,,1,0,1,2,,0,53.72467358406536,4,53.72467358406536
7.003022499999998,100.4738712,,3,False,,0,1,1,2,,0,17.78449829764641,3,17.78449829764641
6.999740000000001,100.47617320000002,,3,False,,1,1,2,2,,0,75.3073262149247,4,75.3073262149247
6.9992145,100.4777881,,1,False,,0,0,0,2,,0,87.90323224694306,3,87.90323224694306
6.9992832,100.4714974,,3,False,,1,1,2,5,,0,42.99678764943597,1,42.99678764943597
7.000375999999999,100.4718515,,4,False,,1,0,1,2,,0,99.9859208000414,2,99.9859208000414
6.9994027999999995,100.4719821,,3,False,,1,1,2,1,,0,83.31498728167526,1,83.31498728167526
7.001543999999998,100.4756624,,3,False,,1,2,3,4,,0,42.35723187245815,1,42.35723187245815
7.001884600000002,100.4751469,,3,False,,1,0,1,1,,0,76.24329609436187,1,76.24329609436187
7.0022036,100.4742563,,4,False,,1,0,1,1,,0,57.49871877461124,4,57.49871877461124
7.003043600000001,100.4740108,,4,False,,0,0,0,0,,0,32.05197373744143,3,32.05197373744143
7.0000884,100.4758965,,3,False,,0,2,2,1,,0,53.321709419671684,4,53.321709419671684
7.000448400000001,100.4757767,,3,False,,0,0,0,0,,0,52.4112047700468,4,52.4112047700468
6.9993862,100.47708580000001,,1,False,,2,1,3,3,,0,21.801256589818486,3,21.801256589818486
7.003074099999998,100.4741969,,3,False,,0,0,0,2,,0,46.10866997813603,5,46.10866997813603
7.0025994,100.4742274,,3,False,,2,2,4,1,,0,52.7012752115413,5,52.7012752115413
7.003131299999999,100.4745985,,3,False,,2,0,2,0,,0,23.79388835529692,5,23.79388835529692
7.002703999999997,100.4750632,,3,False,,0,0,0,1,,0,58.00056333142939,5,58.00056333142939
7.003212199999999,100.4754091,,3,False,,0,0,0,0,,0,59.47732499151024,5,59.47732499151024
7.002288599999999,100.4751056,,3,False,,0,0,0,0,,0,90.2965849427502,5,90.2965849427502
7.0027555,100.4755275,,3,False,,1,2,3,0,,0,105.82934031533583,5,105.82934031533583
7.0032896000000004,100.4754676,,3,False,,1,1,2,0,,0,51.222400209446164,5,51.222400209446164
7.002101200000001,100.4751228,,3,False,,2,1,3,0,,0,99.57064535724739,1,99.57064535724739
7.0029456,100.4755105,,3,False,,1,1,2,1,,0,89.55496831703711,5,89.55496831703711
7.002145499999998,100.475596,,4,False,,2,0,2,3,,0,100.98983925827909,1,100.98983925827909
7.003976000000001,100.4754019,,3,False,,1,2,3,2,,0,25.04496927294061,5,25.04496927294061
7.0032247000000005,100.4755204,,3,False,,3,0,3,3,,0,59.209032809695714,5,59.209032809695714
7.002997399999997,100.4761107,,3,False,,0,1,1,0,,0,84.63582816448228,4,84.63582816448228
7.003180999999999,100.47548880000001,,3,False,,0,2,2,1,,0,63.42436562863283,5,63.42436562863283
7.0022112,100.4770978,,1,False,,2,0,2,3,,0,14.229971950443504,2,14.229971950443504
7.001724099999999,100.475642,,3,False,,2,2,4,0,,0,58.03847144854702,1,58.03847144854702
7.003345300000003,100.4770236,,3,False,,0,0,0,2,,0,45.23690808683695,1,45.23690808683695
7.000148199999999,100.4764504,,1,False,,1,1,2,2,,0,37.03538870183671,4,37.03538870183671
7.009234299999999,100.4711429,,3,False,,1,1,2,5,,0,96.46911129265438,4,96.46911129265438
7.0101382,100.4716751,,3,False,,0,2,2,1,,0,131.61150543720942,4,131.61150543720942
7.008180799999999,100.47318940000001,,3,False,,0,2,2,3,,0,69.78473869906378,3,69.78473869906378
7.008616899999999,100.4735109,,4,False,,2,0,2,1,,0,67.28362628902998,3,67.28362628902998
7.009506699999999,100.4730603,,3,False,,1,0,1,2,,0,85.16955603799121,3,85.16955603799121
7.009175099999999,100.4708068,,1,False,,2,1,3,3,,0,63.77906877069521,4,63.77906877069521
7.0082219,100.47359690000002,,3,False,,0,1,1,0,,0,95.17776149901692,3,95.17776149901692
7.0078631,100.4736661,,1,False,,2,1,3,1,,0,101.51385527909837,4,101.51385527909837
6.9873967,100.4664335,,3,False,,1,0,1,1,,0,40.14840504351165,1,40.14840504351165
6.987040699999999,100.4665201,,3,False,,1,0,1,2,,0,30.213457742397793,1,30.213457742397793
6.986764700000002,100.467046,,3,False,,0,2,2,1,,0,94.74563364863388,1,94.74563364863388
6.990031599999999,100.4656318,,3,False,,0,0,0,1,,0,256.01907437739635,1,256.01907437739635
6.986602599999999,100.4666558,,3,False,,2,1,3,1,,0,69.5442001001319,1,69.5442001001319
6.9867976,100.46576110000001,,1,False,,1,0,1,2,,0,62.58091859916288,1,62.58091859916288
6.9880225,100.4688171,,3,False,,0,4,4,4,,0,13.854041383056794,3,13.854041383056794
6.990151699999999,100.4656018,,3,False,,2,1,3,1,,0,257.44062095581467,1,257.44062095581467
6.989925000000001,100.4652909,,3,False,,0,2,2,3,,0,292.74320267412094,3,292.74320267412094
6.986212,100.4667381,,3,False,,0,1,1,4,,0,103.16813650733957,4,103.16813650733957
6.985228500000001,100.462132,,1,False,,1,1,2,2,,0,89.1599429757604,1,89.1599429757604
6.988013100000001,100.46886910000002,,3,False,,0,1,1,3,,0,16.937754499727152,3,16.937754499727152
6.987952399999999,100.4684446,,1,False,,1,0,1,2,,0,33.97414720404677,3,33.97414720404677
6.990070599999998,100.4666586,,3,False,,1,0,1,1,,0,144.17449595521478,1,144.17449595521478
6.991170899999999,100.4653196,,3,False,,0,1,1,1,,0,265.64146647360235,1,265.64146647360235
6.989772099999999,100.4647105,,3,False,,1,0,1,1,,0,228.1620826630183,3,228.1620826630183
6.991080600000001,100.46500520000001,,3,False,,1,2,3,2,,0,231.51881196544167,1,231.51881196544167
6.985988199999999,100.4660041,,3,False,,1,1,2,0,,0,68.7940272903234,4,68.7940272903234
6.9856657,100.46670790000002,,3,False,,2,1,3,3,,0,57.602860085027004,4,57.602860085027004
6.988476999999999,100.4688342,,3,False,,1,0,1,1,,0,62.657618818315164,3,62.657618818315164
6.987924199999998,100.4692688,,3,False,,0,1,1,2,,0,57.32823962455021,2,57.32823962455021
6.9900457000000005,100.4671185,,3,False,,1,1,2,2,,0,97.26305008662135,1,97.26305008662135
6.9905561,100.4666695,,3,False,,1,0,1,0,,0,138.6583647332568,1,138.6583647332568
6.991617499999999,100.4651781,,3,False,,1,2,3,4,,0,253.14641468858065,1,253.14641468858065
6.9909989,100.4645918,,4,False,,0,1,1,0,,0,187.1549190428284,1,187.1549190428284
6.9858829,100.4656443,,3,False,,0,1,1,1,,0,57.3649168370478,2,57.3649168370478
6.9857319,100.4660787,,1,False,,0,0,0,3,,0,39.666096989573106,4,39.666096989573106
6.985466299999999,100.466255,,3,False,,1,0,1,3,,0,5.516345585013871,4,5.516345585013871
6.984644499999999,100.4668284,,1,False,,0,0,0,3,,0,106.65507287708989,4,106.65507287708989
6.988871299999999,100.4688103,,3,False,,0,1,1,2,,0,86.45904089343061,5,86.45904089343061
6.9879536,100.4673049,,1,False,,1,3,4,6,,0,24.819242765065784,5,24.819242765065784
6.989981599999999,100.4686594,,4,False,,0,2,2,0,,0,95.12708711444466,1,95.12708711444466
6.9905777,100.46738060000001,,3,False,,1,0,1,0,,0,61.84857253887727,1,61.84857253887727
6.9905879,100.4659723,,1,False,,1,1,2,1,,0,215.66430312576531,1,215.66430312576531
6.9914380000000005,100.4669451,,3,False,,0,0,0,2,,0,155.81811265107774,1,155.81811265107774
6.991463199999999,100.4645114,,3,False,,1,1,2,0,,0,177.77051713094838,1,177.77051713094838
6.992073099999999,100.4650628,,3,False,,1,1,2,1,,0,253.99274977905645,1,253.99274977905645
6.9909040000000005,100.4636697,,1,False,,1,0,1,1,,0,91.57773155437174,1,91.57773155437174
6.990504499999998,100.4635261,,1,False,,0,1,1,1,,0,106.44380815597762,1,106.44380815597762
6.992930099999999,100.4709743,,3,False,,1,1,2,1,,0,95.64706644988576,5,95.64706644988576
6.992736800000001,100.4715852,,3,False,,2,0,2,0,,0,118.00481338873931,5,118.00481338873931
6.993608199999999,100.4704306,,3,False,,1,1,2,1,,0,91.88224173084681,5,91.88224173084681
6.9912999000000005,100.4716646,,3,False,,0,1,1,1,,0,137.9935541771772,1,137.9935541771772
7.001867300000001,100.4841022,,3,False,,0,0,0,3,,0,86.5202293414671,4,86.5202293414671
7.0014239,100.4841602,,3,False,,1,1,2,2,,0,50.551537312540475,4,50.551537312540475
7.002350099999999,100.4840304,,3,False,,1,1,2,1,,0,69.89400087958599,5,69.89400087958599
7.002322200000001,100.4853337,,3,False,,1,1,2,1,,0,144.67784902688138,4,144.67784902688138
7.0013003,100.4841787,,3,False,,0,1,1,3,,0,45.05159042486041,4,45.05159042486041
7.002240299999999,100.4832773,,3,False,,1,0,1,1,,0,91.2247211883603,5,91.2247211883603
7.0025686,100.4839972,,3,False,,0,2,2,1,,0,47.196140992178094,5,47.196140992178094
7.002536499999999,100.484664,,3,False,,2,0,2,2,,0,109.38644873572291,5,109.38644873572291
7.002514099999998,100.4858264,,3,False,,2,0,2,0,,0,146.81785569372892,3,146.81785569372892
7.002701599999999,100.4852114,,3,False,,0,0,0,3,,0,163.20805795173217,5,163.20805795173217
7.0022628,100.4863649,,4,False,,0,2,2,1,,0,81.82115415476903,3,81.82115415476903
7.0020653,100.4828823,,3,False,,1,1,2,3,,0,88.29815881063298,3,88.29815881063298
7.0027970999999996,100.48395430000001,,3,False,,0,0,0,2,,0,26.159939742551103,5,26.159939742551103
7.0029413,100.4851622,,3,False,,0,0,0,2,,0,156.05371154440024,5,156.05371154440024
7.002644299999999,100.4861675,,3,False,,0,1,1,3,,0,118.6894257397113,3,118.6894257397113
7.0032103999999995,100.4857519,,3,False,,1,1,2,1,,0,156.27633476274332,1,156.27633476274332
7.002424400000001,100.4867509,,3,False,,1,1,2,0,,0,52.64591416761502,3,52.64591416761502
7.001738999999999,100.4866148,,3,False,,1,1,2,3,,0,64.26292587271877,3,64.26292587271877
7.0011557,100.4852521,,3,False,,1,0,1,1,,0,74.62262979843419,4,74.62262979843419
7.0024468,100.4827725,,3,False,,1,0,1,0,,0,86.1012867219953,3,86.1012867219953
7.003016699999999,100.48390770000002,,3,False,,0,0,0,0,,0,20.638787062269753,5,20.638787062269753
7.0031066,100.4851311,,3,False,,0,0,0,2,,0,154.0324696850609,5,154.0324696850609
7.003443900000001,100.4856992,,1,False,,0,1,1,0,,0,129.81162107444524,1,129.81162107444524
7.0037303,100.4850096,,3,False,,0,1,1,4,,0,104.50447323176812,1,104.50447323176812
7.0018095,100.4870112,,3,False,,2,1,3,1,,0,31.312634114812653,3,31.312634114812653
7.001403299999998,100.48514660000001,,1,False,,0,1,1,2,,0,64.50157189377299,4,64.50157189377299
7.002158399999999,100.4821199,,3,False,,1,1,2,0,,0,9.23212904738038,3,9.23212904738038
7.0032763,100.4838523,,3,False,,0,1,1,2,,0,41.34448624435953,5,41.34448624435953
7.0031429,100.4868417,,1,False,,1,1,2,1,,0,120.17362162207448,3,120.17362162207448
7.012266000000001,100.4811774,,1,False,,1,0,1,3,,0,112.63856078067565,2,112.63856078067565
7.012076799999999,100.4807712,,1,False,,0,2,2,0,,0,105.63102007129194,2,105.63102007129194
7.0136552000000005,100.4794472,,3,False,,1,2,3,2,,0,83.04280063368448,3,83.04280063368448
7.012933900000003,100.4775048,,3,False,,1,1,2,1,,0,45.54470266419293,1,45.54470266419293
7.013246,100.47886360000001,,3,False,,1,1,2,2,,0,87.46225595222603,3,87.46225595222603
7.0129809,100.47706,,4,False,,0,2,2,1,,0,7.556488853991718,2,7.556488853991718
7.012121299999999,100.477357,,3,False,,2,0,2,2,,0,93.00604024500998,2,93.00604024500998
7.0140659,100.4791978,,1,False,,0,1,1,1,,0,75.64268067583727,2,75.64268067583727
7.013349,100.4783117,,3,False,,3,0,3,0,,0,62.21943608812204,2,62.21943608812204
7.014348799999998,100.47860800000001,,1,False,,0,0,0,1,,0,30.31138333184961,2,30.31138333184961
7.0130501999999995,100.4765834,,4,False,,0,1,1,0,,0,39.68509052420448,3,39.68509052420448
7.012201299999999,100.4769031,,4,False,,1,0,1,0,,0,81.57513058892013,2,81.57513058892013
7.013240599999999,100.4766265,,3,False,,0,3,3,1,,0,54.89559440708156,3,54.89559440708156
7.0116181,100.4772728,,3,False,,0,1,1,1,,0,81.96025460220697,4,81.96025460220697
7.014353999999999,100.4781308,,1,False,,0,0,0,0,,0,70.8584464454457,2,70.8584464454457
7.0132825,100.4750909,,3,False,,3,0,3,2,,0,54.148239372863245,4,54.148239372863245
7.0116869,100.4768154,,3,False,,3,0,3,2,,0,78.97139061758824,1,78.97139061758824
7.0135968,100.47627730000002,,3,False,,1,2,3,1,,0,75.27167309542463,3,75.27167309542463
7.0124554,100.4777226,,1,False,,0,2,2,1,,0,55.331466954773546,1,55.331466954773546
7.0101754,100.4779658,,3,False,,1,2,3,2,,0,65.69724348586875,2,65.69724348586875
7.0012341000000005,100.4891389,,3,False,,0,1,1,1,,0,43.00467292913826,1,43.00467292913826
7.000737899999999,100.48558220000001,,3,False,,1,1,2,0,,0,115.93866874199821,5,115.93866874199821
7.0008536,100.4889858,,3,False,,0,1,1,2,,0,50.9930773663854,1,50.9930773663854
7.0003016,100.4857903,,3,False,,2,1,3,1,,0,133.96076162470857,3,133.96076162470857
7.000537399999998,100.4850897,,3,False,,0,0,0,1,,0,57.518313138239,3,57.518313138239
7.000835599999999,100.4880613,,1,False,,1,0,1,0,,0,48.53215098198401,3,48.53215098198401
6.9999985,100.4853657,,3,False,,2,0,2,1,,0,98.03347607193997,3,98.03347607193997
7.0004538,100.4863062,,3,False,,1,0,1,4,,0,177.98430546896495,2,177.98430546896495
6.9998486,100.4885638,,1,False,,1,1,2,2,,0,35.829249191566944,3,35.829249191566944
6.999926399999999,100.485261,,1,False,,0,0,0,2,,0,92.44134975297256,5,92.44134975297256
7.000662899999999,100.4866684,,3,False,,2,2,4,1,,0,140.58048840046212,2,140.58048840046212
7.000705499999999,100.4861719,,1,False,,2,0,2,1,,0,178.39966798567713,5,178.39966798567713
6.9997532,100.4850079,,1,False,,2,0,2,1,,0,87.08278134830151,3,87.08278134830151
7.000937400000001,100.4865038,,1,False,,1,0,1,2,,0,141.97980326085573,3,141.97980326085573
7.0008491,100.4875542,,1,False,,1,1,2,1,,0,59.74323076768052,3,59.74323076768052
7.013335799999998,100.4746463,,3,False,,0,2,2,0,,0,96.91497923069225,4,96.91497923069225
7.0143049,100.4752262,,3,False,,0,0,0,3,,0,154.9505574784273,4,154.9505574784273
7.013434499999999,100.4740667,,3,False,,0,3,3,2,,0,159.76491824676694,4,159.76491824676694
7.0142834999999994,100.4748006,,3,False,,1,0,1,2,,0,165.76725535211568,4,165.76725535211568
7.013882099999999,100.4765306,,3,False,,0,1,1,2,,0,62.79112817051852,1,62.79112817051852
7.0013727,100.4899612,,1,False,,0,1,1,3,,0,134.50890196574113,1,134.50890196574113
7.003658700000001,100.4898757,,1,False,,0,1,1,1,,0,107.23050475518122,2,107.23050475518122
7.001168099999999,100.4825926,,3,False,,0,1,1,1,,0,56.9918088382305,5,56.9918088382305
7.001128800000001,100.4823233,,3,False,,1,0,1,0,,0,29.708379535934455,5,29.708379535934455
7.0018095,100.4823932,,1,False,,0,1,1,0,,0,45.706530869557085,3,45.706530869557085
7.013575299999999,100.4735914,,3,False,,0,2,2,3,,0,134.1011125586295,4,134.1011125586295
7.0142485,100.4742818,,4,False,,1,1,2,3,,0,155.30369750977584,4,155.30369750977584
7.013947999999998,100.4765478,,3,False,,3,1,4,2,,0,63.089252633426185,1,63.089252633426185
7.014261799999999,100.4737446,,3,False,,2,1,3,1,,0,98.14069764337978,4,98.14069764337978
6.9966549,100.4810768,,3,False,,2,1,3,6,,0,119.88556757543306,3,119.88556757543306
6.9967292,100.4811769,,3,False,,2,1,3,2,,0,107.5345655799801,2,107.5345655799801
6.996384100000001,100.4807575,,3,False,,0,1,1,1,,0,113.41629497296222,4,113.41629497296222
6.995339099999999,100.4815395,,1,False,,0,0,0,1,,0,33.11664033749961,3,33.11664033749961
6.9976313,100.4811949,,1,False,,1,0,1,2,,0,91.59338349036344,5,91.59338349036344
6.996841700000001,100.4814503,,3,False,,0,0,0,0,,0,74.87310449927348,2,74.87310449927348
6.996322,100.4806844,,3,False,,2,2,4,1,,0,104.39350628851808,4,104.39350628851808
6.9977055,100.4808104,,1,False,,0,2,2,0,,0,49.373994872234164,3,49.373994872234164
6.996955600000001,100.4818512,,3,False,,0,1,1,3,,0,29.28035108657959,2,29.28035108657959
6.995227599999999,100.4811782,,3,False,,0,2,2,0,,0,22.36200065092975,1,22.36200065092975
6.995874299999999,100.480123,,3,False,,1,2,3,4,,0,60.11503391115471,4,60.11503391115471
6.997061,100.4822506,,3,False,,1,0,1,0,,0,18.64534098759175,2,18.64534098759175
6.9950043,100.4823724,,3,False,,1,2,3,2,,0,55.6732502676351,2,55.6732502676351
6.9952762,100.4805842,,1,False,,1,0,1,1,,0,24.16447652096497,4,24.16447652096497
6.9954944999999995,100.4797105,,3,False,,0,0,0,1,,0,16.477217769805236,2,16.477217769805236
6.9967177,100.4823866,,3,False,,1,0,1,2,,0,52.51256141261927,2,52.51256141261927
6.997446100000002,100.4821039,,3,False,,0,0,0,0,,0,40.18024857906757,2,40.18024857906757
6.9951532,100.4829078,,3,False,,0,0,0,0,,0,95.64011494308,1,95.64011494308
6.994868999999998,100.4819548,,3,False,,1,1,2,0,,0,62.20547543336645,1,62.20547543336645
6.9953983,100.4795918,,3,False,,0,1,1,4,,0,2.23610324896643,2,2.23610324896643
6.994236000000001,100.4799938,,4,False,,1,0,1,4,,0,138.2142079679521,2,138.2142079679521
6.9928024,100.4702178,,3,False,,0,0,0,1,,0,154.87775929540877,5,154.87775929540877
6.992011,100.4703444,,3,False,,1,0,1,2,,0,84.53134905919924,1,84.53134905919924
6.992853099999999,100.4705829,,4,False,,0,0,0,2,,0,123.57060753175239,5,123.57060753175239
6.992691299999999,100.4696472,,3,False,,1,0,1,2,,0,180.64007163739765,1,180.64007163739765
6.992086199999999,100.4707375,,4,False,,1,2,3,2,,0,99.03110979960564,1,99.03110979960564
6.9912682,100.4704875,,3,False,,2,1,3,3,,0,8.080997310211824,1,8.080997310211824
6.9921918000000005,100.4697336,,3,False,,0,0,0,1,,0,128.61750542242743,1,128.61750542242743
6.9942808,100.4693818,,4,False,,1,1,2,2,,0,119.13449889608988,3,119.13449889608988
6.992155799999999,100.4711241,,3,False,,0,0,0,2,,0,127.05410567939941,1,127.05410567939941
6.9913418,100.4708763,,4,False,,1,0,1,1,,0,51.78921640241588,1,51.78921640241588
6.9901653,100.4707175,,3,False,,0,0,0,0,,0,43.329961102242116,5,43.329961102242116
6.994229499999999,100.4710702,,1,False,,0,1,1,0,,0,56.623663394850006,5,56.623663394850006
6.9920977,100.46931550000001,,1,False,,1,0,1,4,,0,153.5909076479683,1,153.5909076479683
6.9912773,100.4700892,,1,False,,1,0,1,1,,0,36.30720833303512,1,36.30720833303512
6.994673599999999,100.4693207,,4,False,,0,0,0,0,,0,121.5022313704012,3,121.5022313704012
6.9943401000000005,100.4696762,,1,False,,2,0,2,2,,0,86.12097918013197,3,86.12097918013197
6.994238500000001,100.4690597,,1,False,,1,1,2,3,,0,154.70230032442757,3,154.70230032442757
6.991413399999998,100.4712646,,3,False,,1,2,3,2,,0,95.41405630293879,1,95.41405630293879
6.990478100000001,100.4710517,,3,False,,1,0,1,2,,0,70.49258389953835,5,70.49258389953835
6.9896482,100.4702335,,4,False,,1,4,5,1,,0,21.47159660494776,2,21.47159660494776
6.994611,100.4689834,,1,False,,2,1,3,2,,0,158.38877459859404,3,158.38877459859404
6.994717099999999,100.469626,,1,False,,0,1,1,2,,0,88.60293320551486,3,88.60293320551486
6.9959182,100.4691378,,3,False,,0,1,1,1,,0,139.82059714485536,5,139.82059714485536
6.990837600000001,100.4713804,,3,False,,1,1,2,0,,0,115.83697639084404,1,115.83697639084404
6.990970099999999,100.4699535,,3,False,,0,1,1,2,,0,59.80715419831451,1,59.80715419831451
6.992301599999999,100.4716118,,3,False,,0,1,1,0,,0,165.08102435461456,5,165.08102435461456
6.9971168,100.4687432,,1,False,,0,1,1,2,,0,132.39137713970288,5,132.39137713970288
6.9960283,100.4696971,,1,False,,1,1,2,1,,0,104.38124063377117,3,104.38124063377117
6.994499799999999,100.46448040000001,,3,False,,2,1,3,0,,0,259.4395315410913,1,259.4395315410913
6.9944962,100.4647461,,4,False,,0,0,0,1,,0,280.12326891197523,1,280.12326891197523
6.993922,100.4646158,,3,False,,1,1,2,0,,0,318.6173742861149,1,318.6173742861149
6.994753099999999,100.46473400000002,,1,False,,1,1,2,1,,0,258.21977687002004,1,258.21977687002004
6.9942465,100.4647531,,1,False,,1,1,2,2,,0,300.4247412110909,1,300.4247412110909
6.9945035,100.4649494,,4,False,,1,0,1,3,,0,288.1368238371757,1,288.1368238371757
6.9940896,100.4666531,,3,False,,0,0,0,0,,0,276.70381934207126,5,276.70381934207126
6.993474700000001,100.464708,,3,False,,2,0,2,1,,0,315.7454803235981,1,315.7454803235981
6.995041799999998,100.464868,,3,False,,1,0,1,1,,0,227.93792028125128,1,227.93792028125128
6.994511999999999,100.46516560000002,,4,False,,0,0,0,2,,0,291.5310084638015,1,291.5310084638015
6.994193999999999,100.4649622,,1,False,,2,0,2,1,,0,320.5781314135628,1,320.5781314135628
6.9947735,100.4649442,,1,False,,0,1,1,0,,0,258.5199343477715,1,258.5199343477715
6.9941056,100.4669677,,3,False,,0,1,1,0,,0,259.2787795516313,5,259.2787795516313
6.9945829999999996,100.46664840000001,,4,False,,0,0,0,1,,0,231.5545481184442,5,231.5545481184442
6.9933293,100.4647448,,3,False,,1,2,3,0,,0,306.05337394664843,1,306.05337394664843
6.993624900000001,100.4661664,,3,False,,0,1,1,3,,0,348.80582609608183,5,348.80582609608183
6.995064100000001,100.4654567,,3,False,,3,2,5,2,,0,243.2502149475605,1,243.2502149475605
6.994522699999999,100.465356,,4,False,,0,0,0,1,,0,295.75014105360947,1,295.75014105360947
6.9947832,100.4651583,,1,False,,1,0,1,2,,0,262.16726956018806,1,262.16726956018806
6.9942003,100.4651613,,1,False,,0,1,1,3,,0,325.1451097571416,1,325.1451097571416
6.993595300000001,100.4671096,,3,False,,2,0,2,0,,0,306.8076083303975,5,306.8076083303975
6.9947365999999995,100.4678928,,3,False,,1,1,2,2,,0,167.3762920157511,5,167.3762920157511
6.994587999999999,100.4668323,,3,False,,0,0,0,1,,0,219.39088285242036,5,219.39088285242036
6.994576699999999,100.4663916,,4,False,,1,1,2,0,,0,250.26324491749176,5,250.26324491749176
6.9950411,100.4666209,,1,False,,0,1,1,1,,0,195.8771295591053,5,195.8771295591053
6.992919799999998,100.4648485,,3,False,,1,2,3,0,,0,282.23184078538657,1,282.23184078538657
6.993242400000001,100.4642573,,1,False,,1,2,3,2,,0,265.4876111288115,1,265.4876111288115
6.992619999999998,100.4662032,,1,False,,1,0,1,2,,0,308.55638349575463,1,308.55638349575463
6.993593899999999,100.4670545,,3,False,,1,1,2,2,,0,308.7792417324984,5,308.7792417324984
6.995078399999999,100.4657914,,1,False,,0,1,1,2,,0,258.78841341898305,1,258.78841341898305
6.9955858,100.4653719,,3,False,,0,0,0,0,,0,187.12217854411787,1,187.12217854411787
6.9945308,100.4655539,,4,False,,4,0,4,1,,0,301.9488855856532,1,301.9488855856532
6.994787499999998,100.46532350000001,,1,False,,0,1,1,0,,0,266.7250083996566,1,266.7250083996566
6.994221999999999,100.46536530000002,,1,False,,0,0,0,0,,0,327.9965615157219,1,327.9965615157219
6.9936910999999995,100.4681726,,3,False,,4,0,4,1,,0,266.85347658307023,3,266.85347658307023
6.995074299999999,100.4679479,,1,False,,0,0,0,1,,0,130.05760267359474,5,130.05760267359474
6.993843499999999,100.467471,,1,False,,1,1,2,1,,0,270.6340134943097,5,270.6340134943097
6.9950296000000005,100.4668347,,1,False,,1,1,2,2,,0,180.28765034725342,5,180.28765034725342
6.994247599999998,100.4668175,,1,False,,0,0,0,0,,0,252.5474479059739,5,252.5474479059739
6.994558200000001,100.4661063,,4,False,,0,0,0,0,,0,273.8789930982803,5,273.8789930982803
6.994956899999999,100.466356,,1,False,,1,0,1,1,,0,224.01140802360933,5,224.01140802360933
6.994259999999999,100.46637920000002,,1,False,,3,1,4,3,,0,277.99708246984903,5,277.99708246984903
6.992787600000001,100.4648819,,3,False,,0,1,1,2,,0,275.7874665032175,1,275.7874665032175
6.9927763,100.4641273,,1,False,,3,2,5,0,,0,215.35867811598433,1,215.35867811598433
6.992842699999999,100.4670243,,3,False,,0,0,0,1,,0,285.82112864224626,1,285.82112864224626
6.995656799999999,100.4656455,,1,False,,2,1,3,2,,0,196.61483777732016,1,196.61483777732016
7.011412099999999,100.4553805,,3,False,,2,0,2,1,,0,18.365329577650645,3,18.365329577650645
7.011612099999999,100.455312,,3,False,,1,0,1,0,,0,41.678138068660544,3,41.678138068660544
7.010966400000001,100.4554563,,3,False,,2,2,4,2,,0,31.66523890037817,3,31.66523890037817
7.012122700000001,100.45751710000002,,3,False,,0,0,0,1,,0,165.24766584506534,2,165.24766584506534
7.011676099999999,100.4550528,,3,False,,1,1,2,1,,0,61.93822957009356,3,61.93822957009356
7.0123225,100.45674,,1,False,,0,1,1,1,,0,85.13423326524504,2,85.13423326524504
7.010972499999999,100.4550429,,1,False,,0,1,1,1,,0,51.44846210856336,3,51.44846210856336
7.010553,100.4554353,,3,False,,0,1,1,0,,0,15.215959666571486,1,15.215959666571486
7.013352900000001,100.456848,,3,False,,1,0,1,1,,0,81.80575434570694,2,81.80575434570694
7.011682499999998,100.4549751,,3,False,,2,2,4,1,,0,64.5049349652461,1,64.5049349652461
7.012150399999999,100.4551727,,3,False,,0,1,1,1,,0,103.15195704255078,3,103.15195704255078
7.009133699999998,100.4543869,,3,False,,0,0,0,4,,0,143.52323166255755,3,143.52323166255755
7.0102613,100.4563816,,1,False,,2,0,2,0,,0,22.50735129855212,3,22.50735129855212
7.0133811,100.4553612,,3,False,,0,1,1,0,,0,110.81694963858475,2,110.81694963858475
7.014264699999999,100.45637780000001,,3,False,,0,1,1,2,,0,37.9589083887396,3,37.9589083887396
7.0117345,100.4542228,,3,False,,0,0,0,4,,0,66.76195972713573,1,66.76195972713573
7.011379599999999,100.45498,,1,False,,0,3,3,1,,0,46.109015809551984,1,46.109015809551984
7.012096499999998,100.4555885,,1,False,,0,1,1,2,,0,95.51345072244226,3,95.51345072244226
7.012143999999999,100.4540928,,3,False,,0,2,2,1,,0,112.74103380909641,1,112.74103380909641
7.009202499999999,100.4548968,,1,False,,2,0,2,2,,0,138.6596575363585,3,138.6596575363585
7.008540799999999,100.4544631,,3,False,,0,0,0,1,,0,172.41558981376082,4,172.41558981376082
7.013357599999999,100.45499140000001,,1,False,,0,0,0,0,,0,143.45637194104154,5,143.45637194104154
7.013394499999998,100.4555719,,1,False,,0,2,2,2,,0,91.67799276343523,2,91.67799276343523
7.014183400000001,100.4558685,,4,False,,0,0,0,1,,0,61.09372646399431,3,61.09372646399431
7.0150818,100.455959,,3,False,,1,0,1,2,,0,63.81247538154839,3,63.81247538154839
7.011742299999999,100.4541095,,3,False,,0,0,0,1,,0,75.52658382953139,1,75.52658382953139
7.011432700000001,100.4542727,,1,False,,0,2,2,0,,0,39.82497814183739,1,39.82497814183739
7.0131222,100.4540521,,3,False,,0,1,1,1,,0,127.48868559662007,1,127.48868559662007
7.008558799999999,100.4545298,,3,False,,0,1,1,1,,0,179.47561534237002,4,179.47561534237002
7.0080252000000005,100.4534374,,3,False,,3,0,3,2,,0,58.77145360709703,2,58.77145360709703
7.014068300000001,100.4546673,,3,False,,0,1,1,0,,0,100.48998809825316,5,100.48998809825316
7.013745900000001,100.4546871,,3,False,,1,1,2,1,,0,122.77132679053884,5,122.77132679053884
7.015127299999998,100.456038,,3,False,,0,1,1,0,,0,64.55219088325141,3,64.55219088325141
7.015505600000001,100.4557282,,3,False,,0,1,1,2,,0,100.49688865913406,2,100.49688865913406
6.9951004999999995,100.4784773,,1,False,,0,0,0,1,,0,46.15425378920664,5,46.15425378920664
6.9889225999999995,100.4687902,,3,False,,1,1,2,1,,0,89.68746432612792,5,89.68746432612792
6.989634900000001,100.4686996,,3,False,,1,0,1,2,,0,122.29801586726711,1,122.29801586726711
6.988740299999999,100.4682538,,3,False,,0,2,2,1,,0,98.40231041368257,4,98.40231041368257
6.989539699999998,100.4680409,,1,False,,0,1,1,2,,0,97.94374274182123,1,97.94374274182123
6.988464600000001,100.46758920000002,,3,False,,0,0,0,1,,0,70.57255960710796,4,70.57255960710796
6.989124999999998,100.4684231,,1,False,,4,0,4,0,,0,134.7340586417357,5,134.7340586417357
7.002423899999999,100.45648750000001,,3,False,,1,0,1,5,,0,204.41269818670384,1,204.41269818670384
7.003415900000001,100.4559427,,3,False,,0,1,1,3,,0,323.9297175538452,1,323.9297175538452
7.0028232,100.4574145,,3,False,,1,1,2,4,,0,168.71875565157234,2,168.71875565157234
7.003719800000002,100.4557758,,3,False,,0,0,0,1,,0,361.3046712134575,1,361.3046712134575
7.0039571,100.4562083,,3,False,,0,0,0,1,,0,323.8993241953463,4,323.8993241953463
7.003268499999998,100.4583528,,3,False,,0,2,2,3,,0,138.21052270839186,2,138.21052270839186
7.0034492,100.457136,,3,False,,0,0,0,3,,0,233.69356902382606,2,233.69356902382606
7.004558199999999,100.4553042,,3,False,,0,0,0,0,,0,392.367290606055,4,392.367290606055
7.004240899999999,100.4560814,,1,False,,3,0,3,2,,0,322.23614728408126,4,322.23614728408126
7.003157300000001,100.4584389,,4,False,,0,0,0,2,,0,123.63550317565013,2,123.63550317565013
7.003571599999999,100.4588738,,3,False,,1,5,6,0,,0,165.14310497379836,2,165.14310497379836
7.004500299999999,100.4566991,,3,False,,1,2,3,1,,0,248.22064880341443,4,248.22064880341443
7.003280099999999,100.4566482,,1,False,,0,1,1,0,,0,264.6474856582842,1,264.6474856582842
7.0048597,100.4551318,,3,False,,1,0,1,2,,0,404.4744335513213,4,404.4744335513213
7.0049866,100.45566210000001,,1,False,,0,0,0,0,,0,344.4660660682093,4,344.4660660682093
7.0027183,100.45748,,3,False,,0,1,1,1,,0,156.90497467375138,2,156.90497467375138
7.001841,100.4593275,,4,False,,0,1,1,1,,0,69.2046992695719,2,69.2046992695719
7.005122,100.4611953,,4,False,,0,1,1,0,,0,158.70013143841385,5,158.70013143841385
7.0039583,100.458511,,3,False,,0,1,1,1,,0,163.41673401051438,4,163.41673401051438
7.004875699999999,100.4570077,,4,False,,0,3,3,0,,0,201.5793484600094,4,201.5793484600094
7.004864400000001,100.45650800000001,,3,False,,1,2,3,3,,0,255.12518542298702,4,255.12518542298702
7.005029099999998,100.4550349,,3,False,,0,0,0,1,,0,395.8935619822241,2,395.8935619822241
7.005034499999999,100.4555498,,1,False,,2,2,4,3,,0,356.09142441405896,4,356.09142441405896
7.0019911,100.4577821,,3,False,,0,0,0,1,,0,83.2901078893886,1,83.2901078893886
7.002282800000001,100.4565282,,3,False,,0,2,2,1,,0,191.2516010352834,1,191.2516010352834
7.001459499999998,100.4584728,,3,False,,0,0,0,1,,0,38.401904517886294,5,38.401904517886294
7.002101,100.4599556,,1,False,,1,1,2,1,,0,133.21637366653,2,133.21637366653
7.001267399999999,100.459729,,3,False,,1,1,2,1,,0,95.44267974719276,3,95.44267974719276
7.005172999999998,100.4612385,,4,False,,1,1,2,1,,0,151.31678323902824,5,151.31678323902824
7.006301199999999,100.4605473,,3,False,,1,1,2,0,,0,169.80330842769183,5,169.80330842769183
7.0067900000000005,100.460309,,3,False,,1,2,3,1,,0,175.27375667162846,4,175.27375667162846
7.004556099999999,100.4583291,,3,False,,0,0,0,0,,0,105.9178476873267,4,105.9178476873267
7.0051387,100.4567329,,3,False,,1,1,2,1,,0,224.96955067930975,4,224.96955067930975
7.0068518,100.45854700000001,,1,False,,0,2,2,2,,0,34.037733661608215,4,34.037733661608215
7.006576399999999,100.4587117,,3,False,,2,1,3,0,,0,56.21719979679571,4,56.21719979679571
7.005105999999999,100.4563812,,3,False,,0,2,2,1,,0,263.9625036003184,4,263.9625036003184
6.990996600000001,100.4701464,,1,False,,0,1,1,0,,0,40.95020561983612,1,40.95020561983612
6.9923497,100.4719435,,1,False,,1,0,1,0,,0,172.76983226083323,5,172.76983226083323
7.013231199999999,100.4540475,,3,False,,2,0,2,2,,0,129.68925508958148,2,129.68925508958148
7.012831999999999,100.4514474,,1,False,,1,1,2,1,,0,85.61341455705835,3,85.61341455705835
7.020743399999998,100.4537515,,4,False,,1,0,1,2,,0,98.74937385985642,2,98.74937385985642
7.0205083,100.45376010000001,,3,False,,3,0,3,2,,0,91.5147327406247,2,91.5147327406247
7.020874299999998,100.4537538,,4,False,,0,1,1,1,,0,100.62494278452246,2,100.62494278452246
7.020493499999999,100.4528876,,1,False,,0,1,1,1,,0,187.53964004638328,2,187.53964004638328
7.020295899999999,100.4537708,,3,False,,1,1,2,2,,0,90.75778596920655,2,90.75778596920655
7.0211689999999995,100.4537351,,3,False,,1,2,3,1,,0,94.14097985746177,2,94.14097985746177
7.020957300000001,100.4552601,,4,False,,0,0,0,0,,0,81.47525999739032,2,81.47525999739032
7.020286199999999,100.4529296,,1,False,,1,0,1,0,,0,183.2756263403984,2,183.2756263403984
7.0202371,100.4537731,,3,False,,1,1,2,0,,0,91.6916925166852,2,91.6916925166852
7.021329799999999,100.4537248,,3,False,,0,1,1,3,,0,83.37362905466031,3,83.37362905466031
7.021220099999999,100.4539582,,3,False,,0,0,0,1,,0,69.14461232519481,2,69.14461232519481
7.021247399999997,100.4552561,,3,False,,0,3,3,0,,0,74.32875694127996,2,74.32875694127996
7.020955600000001,100.455354,,4,False,,0,1,1,0,,0,91.15595608548176,2,91.15595608548176
7.019920999999999,100.4537812,,4,False,,0,1,1,2,,0,96.16623636431991,3,96.16623636431991
7.020252000000001,100.454144,,1,False,,1,2,3,3,,0,51.84136732593425,2,51.84136732593425
7.0214097,100.4537197,,3,False,,2,1,3,1,,0,74.56681452271044,3,74.56681452271044
7.021897100000002,100.4552529,,3,False,,0,1,1,0,,0,76.78767176268383,5,76.78767176268383
7.021319499999999,100.459093,,3,False,,0,1,1,0,,0,113.5877827387422,3,113.5877827387422
7.0199402,100.4544626,,1,False,,1,0,1,0,,0,41.656398888176255,3,41.656398888176255
7.0195205,100.4538078,,4,False,,0,1,1,3,,0,85.96347199113627,3,85.96347199113627
7.0199223,100.45270770000002,,1,False,,2,0,2,1,,0,165.35355678302585,2,165.35355678302585
7.0215425,100.4537112,,3,False,,2,1,3,0,,0,59.95978151749184,3,59.95978151749184
7.0214015000000005,100.4539252,,3,False,,2,1,3,2,,0,74.61645347313998,2,74.61645347313998
7.0220169,100.4552533,,3,False,,1,1,2,2,,0,74.38238963378583,5,74.38238963378583
7.021842599999999,100.4548298,,1,False,,2,0,2,2,,0,38.08062596190127,5,38.08062596190127
7.021231199999998,100.4592883,,3,False,,0,1,1,3,,0,95.78942497559524,3,95.78942497559524
7.021436999999999,100.4599643,,3,False,,1,1,2,1,,0,120.4256494219454,3,120.4256494219454
6.997035899999999,100.4832469,,1,False,,1,0,1,1,,0,36.862095668617435,1,36.862095668617435
6.996304599999998,100.4825243,,3,False,,0,1,1,2,,0,49.094511434238534,3,49.094511434238534
6.9973644,100.4814858,,1,False,,0,0,0,2,,0,72.97082918003944,2,72.97082918003944
6.996589800000001,100.48334,,3,False,,1,1,2,2,,0,58.85651574375744,2,58.85651574375744
6.9954629,100.4828168,,3,False,,0,1,1,2,,0,81.20098383922553,2,81.20098383922553
6.9950099,100.4829665,,3,False,,0,1,1,1,,0,107.44864757790033,2,107.44864757790033
6.9966395,100.4834792,,1,False,,0,1,1,1,,0,52.444630977102186,2,52.444630977102186
6.9959164,100.4836338,,1,False,,0,0,0,1,,0,39.06079648210562,2,39.06079648210562
6.9955372,100.483253,,3,False,,0,0,0,5,,0,96.06560478976684,2,96.06560478976684
6.9987756999999995,100.4701167,,3,False,,1,0,1,0,,0,33.264127398736754,2,33.264127398736754
6.9987376,100.4701149,,3,False,,0,1,1,1,,0,33.3695598815161,2,33.3695598815161
6.998666499999999,100.4705232,,1,False,,0,1,1,0,,0,14.960191698212281,2,14.960191698212281
6.9979796,100.4701182,traffic_signals,4,False,,0,0,0,1,,0,33.703171048741225,4,33.703171048741225
7.0155441,100.4673555,,1,False,,0,2,2,1,,0,33.20816509916869,5,33.20816509916869
7.014659899999999,100.4677359,,1,False,,0,1,1,0,,0,21.692363562916157,5,21.692363562916157
7.017739699999999,100.46616620000002,,1,False,,2,1,3,2,,0,73.17081944686889,5,73.17081944686889
7.018058,100.4662078,,1,False,,0,1,1,2,,0,88.79284605282564,4,88.79284605282564
7.0187555999999995,100.4659308,,3,False,,0,1,1,2,,0,108.77999180085936,4,108.77999180085936
7.018924299999999,100.4684521,,1,False,,2,0,2,0,,0,62.216972595818625,4,62.216972595818625
7.0170759,100.4651986,,4,False,,1,1,2,2,,0,94.45443621591724,1,94.45443621591724
7.014478699999998,100.45399560000001,,3,False,,1,0,1,0,,0,107.21269259209717,1,107.21269259209717
7.014420099999999,100.453203,,1,False,,0,0,0,2,,0,125.6852966328732,1,125.6852966328732
7.0140592999999996,100.4540284,,3,False,,3,1,4,1,,0,153.21924958070917,1,153.21924958070917
7.0145565,100.45399240000002,,3,False,,0,1,1,4,,0,98.81708906407451,1,98.81708906407451
7.0137533,100.4540654,,4,False,,1,1,2,3,,0,157.05700329331063,1,157.05700329331063
7.014030499999998,100.4534218,,1,False,,1,2,3,1,,0,135.22357132280516,1,135.22357132280516
7.0147923,100.4539825,,3,False,,1,2,3,0,,0,73.66720580916869,1,73.66720580916869
7.014582700000001,100.4543212,,3,False,,1,1,2,0,,0,111.74710720892054,1,111.74710720892054
7.013436399999999,100.4540911,,3,False,,0,1,1,1,,0,141.91392653362848,2,141.91392653362848
7.0136192,100.4529417,,1,False,,0,0,0,3,,0,77.73669035931532,1,77.73669035931532
7.0148231,100.4545912,,1,False,,3,1,4,1,,0,94.97583943033092,5,94.97583943033092
7.015058100000001,100.4539724,,3,False,,2,1,3,1,,0,46.64708933318199,1,46.64708933318199
7.0145976,100.4545035,,1,False,,0,1,1,1,,0,100.90161323548841,5,100.90161323548841
7.0143131,100.4543319,,1,False,,0,0,0,0,,0,123.51750132560753,5,123.51750132560753
7.0134057,100.4534864,,1,False,,0,0,0,1,,0,82.98586563609774,1,82.98586563609774
7.014922,100.4532678,,1,False,,1,2,3,0,,0,76.35712576958413,1,76.35712576958413
7.015413499999999,100.4539567,,4,False,,0,2,2,1,,0,22.839488106777523,1,22.839488106777523
7.013260000000001,100.4547988,,1,False,,0,0,0,0,,0,161.47566068204273,5,161.47566068204273
7.015905000000001,100.4539374,,4,False,,0,1,1,1,,0,57.83397842471852,1,57.83397842471852
6.992246899999998,100.4683181,,3,False,,0,0,0,2,,0,207.19488234107314,1,207.19488234107314
6.992572699999999,100.46858,,1,False,,0,2,2,4,,0,249.43031631298018,1,249.43031631298018
6.994550899999999,100.4659659,,4,False,,2,1,3,1,,0,285.93492391807916,5,285.93492391807916
6.994837800000001,100.4660809,,1,False,,1,1,2,2,,0,255.98323118363805,5,255.98323118363805
6.9942113,100.4660989,,1,False,,1,2,3,3,,0,301.9312569270306,5,301.9312569270306
6.9929919,100.4657011,,1,False,,2,2,4,1,,0,362.9755717902165,1,362.9755717902165
6.992513799999999,100.4649513,,3,False,,0,2,2,5,,0,264.7036323431128,1,264.7036323431128
6.9928722,100.4675151,,1,False,,2,1,3,0,,0,275.13995925807893,1,275.13995925807893
7.0074063,100.4537658,,3,False,,0,1,1,0,,0,109.48342650564848,2,109.48342650564848
7.0075874,100.4539865,,1,False,,0,0,0,0,,0,123.68099883477802,2,123.68099883477802
7.0070241,100.4539658,,3,False,,1,2,3,0,,0,152.24271125668076,2,152.24271125668076
7.008864500000001,100.45517870000002,,3,False,,1,0,1,0,,0,173.64352546002218,1,173.64352546002218
7.0084064,100.455589,,1,False,,1,0,1,0,,0,169.41623581587152,5,169.41623581587152
7.0077562,100.4547327,,1,False,,1,2,3,0,,0,201.42661480928362,2,201.42661480928362
7.006673499999999,100.4541493,,3,False,,1,1,2,2,,0,193.5080056624796,2,193.5080056624796
7.0089444,100.4561284,,3,False,,1,0,1,0,,0,107.67295658980017,5,107.67295658980017
7.0094339,100.4556969,,1,False,,0,0,0,1,,0,113.00056654149715,1,113.00056654149715
7.0074737,100.4566468,,3,False,,1,1,2,2,,0,148.6059959682443,4,148.6059959682443
7.0060634,100.4544719,,3,False,,1,2,3,2,,0,267.44119151771315,2,267.44119151771315
6.993049599999999,100.47664860000002,,4,False,,0,0,0,1,,0,46.42954912234125,3,46.42954912234125
6.992842199999999,100.4764125,,3,False,,0,0,0,0,,0,19.75284315913672,3,19.75284315913672
6.993596199999999,100.4762646,,3,False,,0,0,0,0,,0,75.16211751956916,3,75.16211751956916
6.991417099999999,100.4771944,,3,False,,0,1,1,1,,0,22.182164388812655,3,22.182164388812655
6.993586699999998,100.4773304,,3,False,,0,0,0,0,,0,67.24597571187188,2,67.24597571187188
6.992680900000001,100.4762014,,3,False,,0,0,0,1,,0,26.61895626528444,3,26.61895626528444
6.992182699999999,100.47648,,3,False,,1,0,1,2,,0,27.686476380357274,5,27.686476380357274
6.993235899999999,100.4757759,,3,False,,0,1,1,2,,0,53.11892078833986,4,53.11892078833986
6.9912890999999995,100.4776353,,3,False,,1,2,3,3,,0,61.139642790164515,3,61.139642790164515
6.9902465000000005,100.4775659,,3,False,,2,0,2,1,,0,56.54185285280251,2,56.54185285280251
6.992782699999999,100.4775097,,1,False,,1,0,1,2,,0,47.34290054974004,4,47.34290054974004
6.992446999999999,100.47589,,3,False,,0,1,1,2,,0,56.56333102024974,5,56.56333102024974
6.991750800000001,100.4765512,,3,False,,0,1,1,0,,0,49.59570114546573,5,49.59570114546573
6.992152999999999,100.4758036,,3,False,,1,1,2,1,,0,43.4405866627071,3,43.4405866627071
6.993101099999999,100.4755993,,1,False,,0,1,1,1,,0,28.690709467950878,4,28.690709467950878
6.9911973,100.4779928,,3,False,,1,0,1,2,,0,100.65541975865331,3,100.65541975865331
6.991733499999999,100.4776717,,3,False,,2,0,2,1,,0,75.64820310782329,3,75.64820310782329
6.9904119,100.4771387,,3,False,,0,1,1,1,,0,6.1401468470998966,2,6.1401468470998966
6.989919099999999,100.478309,,1,False,,0,0,0,1,,0,57.076904810331364,2,57.076904810331364
6.993834700000002,100.4776009,,3,False,,2,1,3,2,,0,36.124091741207266,2,36.124091741207266
6.9917054,100.4765632,,3,False,,0,2,2,2,,0,54.2602506621015,5,54.2602506621015
6.9917404,100.4760015,,1,False,,1,0,1,2,,0,46.81858486411024,5,46.81858486411024
6.991623899999999,100.4755334,,3,False,,2,1,3,1,,0,52.4170174477214,3,52.4170174477214
6.991615599999999,100.4781803,,4,False,,1,1,2,2,,0,127.7683846749094,3,127.7683846749094
6.990935699999999,100.478694,,3,False,,0,2,2,0,,0,149.6767550079875,5,149.6767550079875
6.9924792,100.4776795,,3,False,,0,2,2,4,,0,55.01759082228747,4,55.01759082228747
6.990267599999999,100.4771454,,1,False,,0,0,0,2,,0,17.853781653642475,2,17.853781653642475
6.994133500000001,100.4780194,,4,False,,1,0,1,1,,0,43.90141301120253,2,43.90141301120253
6.991179500000001,100.4752808,,3,False,,1,1,2,1,,0,85.68163463091592,3,85.68163463091592
6.991555399999998,100.4765551,,3,False,,0,0,0,1,,0,47.71729285436954,1,47.71729285436954
6.991488099999997,100.4754554,,3,False,,1,1,2,2,,0,65.96154441485143,3,65.96154441485143
6.9908353,100.4802592,,4,False,,2,1,3,0,,0,216.73345676882346,5,216.73345676882346
6.992046499999998,100.47834320000001,,3,False,,0,0,0,3,,0,106.20546781467066,3,106.20546781467066
6.9907155,100.4792965,,3,False,,1,1,2,2,,0,138.99901781208763,5,138.99901781208763
6.989882699999999,100.4784765,,1,False,,1,0,1,0,,0,44.82320719295283,5,44.82320719295283
6.9923338,100.4784649,,3,False,,0,3,3,0,,0,71.74078425626612,3,71.74078425626612
6.991366600000001,100.4640964,,1,False,,2,2,4,2,,0,130.98355263778132,1,130.98355263778132
6.9918378,100.4639654,,1,False,,0,0,0,2,,0,132.85952810959864,1,132.85952810959864
6.9923174999999995,100.4640044,,1,False,,0,0,0,1,,0,168.46002799849904,1,168.46002799849904
6.9911596000000005,100.468473,,3,False,,1,0,1,2,,0,102.60573910214629,1,102.60573910214629
6.989673200000001,100.4689466,,1,False,,1,0,1,2,,0,123.98302386670994,5,123.98302386670994
6.991081599999999,100.4674861,,1,False,,3,1,4,3,,0,87.57764228648992,1,87.57764228648992
6.990675999999998,100.4678208,,3,False,,1,0,1,1,,0,30.57136657002763,1,30.57136657002763
6.991413,100.4675764,,3,False,,1,1,2,0,,0,116.41485549170542,1,116.41485549170542
7.0185466,100.4538263,,3,False,,0,2,2,2,,0,141.9105831408652,3,141.9105831408652
7.018287999999999,100.4538413,,3,False,,1,0,1,3,,0,133.59573278641818,1,133.59573278641818
7.0187083999999995,100.4538195,,3,False,,1,0,1,3,,0,128.3842705101574,3,128.3842705101574
7.018595600000001,100.4552756,,3,False,,0,0,0,2,,0,133.3410749534578,3,133.3410749534578
7.018124600000001,100.4538481,,3,False,,0,2,2,0,,0,115.65426339237996,1,115.65426339237996
7.018680999999999,100.45254410000001,,1,False,,0,1,1,0,,0,174.3503728262272,2,174.3503728262272
7.019112600000001,100.4538302,,4,False,,0,0,0,0,,0,98.1486569832964,3,98.1486569832964
7.019178,100.4552761,,3,False,,0,1,1,3,,0,88.6969251471566,3,88.6969251471566
7.017900799999999,100.4538531,,3,False,,0,2,2,1,,0,91.11189961666634,1,91.11189961666634
7.0191307,100.4525486,,1,False,,3,0,3,2,,0,151.95187307716446,2,151.95187307716446
7.019585999999999,100.4552741,,3,False,,1,0,1,0,,0,76.31770664594391,3,76.31770664594391
7.0178712,100.4530941,,1,False,,3,0,3,1,,0,113.32152332942556,1,113.32152332942556
7.0175106,100.4538694,,3,False,,0,1,1,1,,0,49.054992768276016,1,49.054992768276016
7.019526000000001,100.4526662,,1,False,,1,0,1,1,,0,156.59247294852855,2,156.59247294852855
7.020344299999999,100.4552839,,3,False,,0,2,2,4,,0,77.81231423905271,2,77.81231423905271
7.0174944,100.45341330000001,,3,False,,0,0,0,2,,0,58.737461954872046,1,58.737461954872046
7.0172859,100.45387870000002,,3,False,,0,5,5,1,,0,26.532129226301578,1,26.532129226301578
7.0208594999999985,100.4552592,,4,False,,0,0,0,2,,0,86.25787959324282,2,86.25787959324282
7.020324799999999,100.4542402,,1,False,,0,2,2,1,,0,39.247390152729345,2,39.247390152729345
6.9952637,100.4868474,,4,False,,0,2,2,1,,0,192.05532373556477,3,192.05532373556477
6.997107899999999,100.4863811,,3,False,,0,1,1,2,,0,118.40113487882768,5,118.40113487882768
6.9980761,100.4885191,,3,False,,1,1,2,1,,0,99.92019370089061,1,99.92019370089061
6.995114399999999,100.4874537,,3,False,,0,1,1,1,,0,223.6595207436281,3,223.6595207436281
6.9947146999999985,100.4866361,,3,False,,2,0,2,2,,0,216.7441405642781,1,216.7441405642781
6.9969054999999996,100.4853129,,3,False,,1,0,1,1,,0,73.38851611844068,1,73.38851611844068
6.997491500000001,100.4862973,,3,False,,1,1,2,0,,0,98.75746943012516,5,98.75746943012516
6.997918099999999,100.4870027,,1,False,,0,0,0,0,,0,8.910423163156722,5,8.910423163156722
6.994493199999999,100.4785011,,3,False,,2,0,2,1,,0,29.251137159602525,4,29.251137159602525
6.9931281,100.4781418,,1,False,,1,0,1,1,,0,34.138341167321705,4,34.138341167321705
6.994814,100.4788498,,3,False,,1,1,2,2,,0,27.789231850602107,4,27.789231850602107
6.994006499999999,100.4786031,,3,False,,1,0,1,0,,0,32.68008704327584,3,32.68008704327584
6.995099599999999,100.4792243,,3,False,,0,0,0,0,,0,52.943283169098784,2,52.943283169098784
6.994081,100.4790881,,4,False,,0,0,0,2,,0,52.29988832105544,3,52.29988832105544
6.994156799999999,100.47948810000001,,4,False,,0,1,1,0,,0,93.13639687754663,3,93.13639687754663
6.992581799999999,100.4791041,,1,False,,2,0,2,1,,0,53.86992898462378,3,53.86992898462378
6.991662399999999,100.4793549,,3,False,,2,0,2,1,,0,153.96354433872438,3,153.96354433872438
6.9924334,100.4795202,,1,False,,0,0,0,2,,0,100.48762966261945,3,100.48762966261945
7.0167617999999985,100.4539045,,3,False,,3,1,4,1,,0,39.44083971006806,1,39.44083971006806
7.016813599999998,100.4552478,,3,False,,2,1,3,1,,0,96.2995247937051,3,96.2995247937051
7.0171377999999995,100.4538849,,3,False,,1,0,1,2,,0,16.0751155704457,1,16.0751155704457
7.016340499999998,100.4539181,,4,False,,1,0,1,5,,0,74.17481322999718,3,74.17481322999718
7.017183299999999,100.4552451,,3,False,,0,2,2,2,,0,111.57266987269605,4,111.57266987269605
7.016144399999998,100.45273620000002,,1,False,,0,0,0,5,,0,23.106276681431552,1,23.106276681431552
7.016450299999999,100.4553062,,3,False,,0,0,0,0,,0,82.87875389957266,3,82.87875389957266
7.0181517,100.4552684,,3,False,,1,0,1,0,,0,160.3709101897845,4,160.3709101897845
7.0160247,100.4554596,,3,False,,0,2,2,0,,0,90.80990154392696,2,90.80990154392696
7.0181403000000016,100.4553372,,3,False,,0,1,1,3,,0,154.3750086359322,4,154.3750086359322
7.017470799999999,100.4523593,,1,False,,1,0,1,3,,0,129.8317296757423,1,129.8317296757423
7.017971599999998,100.4553381,,3,False,,0,0,0,1,,0,140.70793850797776,4,140.70793850797776
7.0012381,100.47569540000002,,3,False,,1,1,2,2,,0,30.824566055369804,1,30.824566055369804
7.0018779,100.4772722,,1,False,,1,0,1,2,,0,30.84681553748143,2,30.84681553748143
7.001160599999998,100.47782,,1,False,,0,0,0,0,,0,81.9904464785425,5,81.9904464785425
7.000493099999999,100.4764113,,1,False,,1,0,1,2,,0,19.72438667723637,4,19.72438667723637
7.003522999999999,100.4789469,,1,False,,0,1,1,0,,0,74.66364445232283,2,74.66364445232283
7.0035051999999975,100.4787201,,3,False,,4,0,4,1,,0,92.80464668750723,5,92.80464668750723
7.0041766,100.4787079,,1,False,,1,0,1,2,,0,99.3369786041726,5,99.3369786041726
7.003467199999999,100.478268,,3,False,,0,2,2,0,,0,49.84779630523085,5,49.84779630523085
7.003407199999999,100.4776405,,3,False,,1,1,2,1,,0,48.662378866084964,5,48.662378866084964
7.002076899999999,100.4782878,,1,False,,0,0,0,4,,0,41.011614152774776,4,41.011614152774776
7.003909799999999,100.4780711,,1,False,,0,0,0,2,,0,24.564451474677664,5,24.564451474677664
7.013370399999999,100.4726747,,3,False,,0,0,0,0,,0,77.65922857037599,5,77.65922857037599
7.013010499999999,100.4725884,,3,False,,0,0,0,0,,0,56.75844575017092,1,56.75844575017092
7.013175,100.4718925,,3,False,,0,0,0,0,,0,35.50526335262868,1,35.50526335262868
7.0135431,100.4773766,,3,False,,1,1,2,4,,0,39.66516269783354,1,39.66516269783354
7.013778,100.4767697,,3,False,,2,0,2,2,,0,34.789552478383754,1,34.789552478383754
7.0212508,100.4594835,,3,False,,2,1,3,1,,0,92.89744393983143,3,92.89744393983143
7.0208605,100.4553568,,4,False,,0,0,0,2,,0,95.69484387328433,2,95.69484387328433
7.021299399999999,100.4599933,,3,False,,0,0,0,2,,0,107.61111085176437,3,107.61111085176437
7.0207986999999985,100.4599994,,4,False,,0,0,0,0,,0,62.43215775655192,3,62.43215775655192
7.020348199999997,100.4553553,,3,False,,0,2,2,1,,0,85.62350078374772,2,85.62350078374772
7.021366699999998,100.4605435,,3,False,,0,2,2,1,,0,79.11483527440748,4,79.11483527440748
7.0204149,100.4600249,,4,False,,1,1,2,1,,0,48.78549749902845,3,48.78549749902845
7.0208983,100.4637772,,3,False,,0,2,2,1,,0,102.72051562234218,1,102.72051562234218
7.0199891999999995,100.4553536,,3,False,,1,0,1,1,,0,96.21036258401189,3,96.21036258401189
7.020384599999999,100.4568108,,1,False,,0,1,1,2,,0,93.58199304172913,5,93.58199304172913
7.0215054,100.4605159,,3,False,,1,0,1,1,,0,85.88127831495454,4,85.88127831495454
7.021761299999999,100.468255,,3,False,,2,1,3,2,,0,67.77996206482516,2,67.77996206482516
7.020040199999999,100.4600202,,4,False,,2,3,5,3,,0,63.73923720166234,3,63.73923720166234
7.020403899999999,100.4581918,,1,False,,1,1,2,1,,0,109.71353702832212,2,109.71353702832212
7.0203994,100.461518,,3,False,,1,1,2,2,,0,29.67067245947454,2,29.67067245947454
7.0205481999999995,100.4640018,,3,False,,1,1,2,3,,0,142.8139575234779,1,142.8139575234779
7.021291099999998,100.46350430000001,,3,False,,1,0,1,1,,0,65.08168317882682,1,65.08168317882682
7.0195856999999995,100.4553554,,3,False,,3,2,5,0,,0,85.29970501710449,3,85.29970501710449
7.0216902,100.463228,,3,False,,0,0,0,0,,0,59.604677262568764,1,59.604677262568764
7.021745400000001,100.4683243,,4,False,,0,2,2,1,,0,70.91823559076735,2,70.91823559076735
7.0218256,100.466184,,3,False,,1,0,1,0,,0,64.06764746359676,2,64.06764746359676
7.0196398,100.4600459,,3,False,,1,0,1,1,,0,41.436192938258685,5,41.436192938258685
7.020007599999999,100.4615385,,4,False,,0,1,1,2,,0,55.337201908043085,1,55.337201908043085
7.0201608,100.46421320000002,,3,False,,1,0,1,2,,0,179.40468483387556,3,179.40468483387556
7.0211186,100.4617373,,1,False,,2,0,2,2,,0,40.898553899947395,2,40.898553899947395
7.0219918,100.459977,,3,False,,0,1,1,2,,0,111.13753894989087,1,111.13753894989087
7.019184799999999,100.4553578,,3,False,,2,0,2,2,,0,96.24706697333013,3,96.24706697333013
7.0175509,100.4553406,,3,False,,0,0,0,0,,0,112.99599115936265,4,112.99599115936265
7.0171744,100.4553357,,3,False,,0,1,1,2,,0,101.5147128632333,4,101.5147128632333
7.0176491,100.4618102,,4,False,,0,2,2,4,,0,197.18242653627436,2,197.18242653627436
7.0167867,100.4553357,,3,False,,1,0,1,1,,0,102.13638438220984,3,102.13638438220984
7.017233999999998,100.4618576,,4,False,,0,0,0,1,,0,159.78512780530005,2,159.78512780530005
7.0180284,100.4617716,,4,False,,2,1,3,0,,0,227.98034807361952,5,227.98034807361952
7.017625099999999,100.4626131,,1,False,,0,1,1,3,,0,155.71657293885187,2,155.71657293885187
7.0164121999999995,100.4554044,,3,False,,1,0,1,3,,0,92.4697890387313,3,92.4697890387313
7.0168106,100.4619127,,4,False,,0,1,1,0,,0,127.06905246607579,2,127.06905246607579
7.0174436,100.4651355,,3,False,,0,0,0,4,,0,60.84082986866525,4,60.84082986866525
7.018419399999999,100.4617101,,4,False,,0,0,0,3,,0,192.32044708461646,5,192.32044708461646
7.0180191999999995,100.4626107,,1,False,,0,0,0,4,,0,198.54125141531043,2,198.54125141531043
7.0180303,100.4593748,,1,False,,0,0,0,0,,0,107.22219646020841,1,107.22219646020841
7.015955600000002,100.45559500000002,,3,False,,1,2,3,2,,0,79.35172329423621,2,79.35172329423621
7.016409999999999,100.4619553,,4,False,,0,1,1,0,,0,107.67809374919335,2,107.67809374919335
7.0177705999999995,100.4650883,,3,False,,1,0,1,0,,0,39.71208014329446,4,39.71208014329446
7.018806300000001,100.461671,,4,False,,0,2,2,4,,0,163.0586036358255,5,163.0586036358255
7.018414099999999,100.4553391,,3,False,,1,1,2,1,,0,153.91390023145766,3,153.91390023145766
7.018414100000001,100.4626104,,1,False,,1,0,1,3,,0,224.8081877358762,1,224.8081877358762
7.015430300000001,100.45587670000002,,3,False,,2,2,4,0,,0,99.58583747887461,2,99.58583747887461
7.015999599999999,100.4620071,,4,False,,1,0,1,2,,0,104.23662510262464,2,104.23662510262464
7.0166075,100.4647509,,1,False,,1,2,3,3,,0,43.653415145837954,4,43.653415145837954
7.016867900000001,100.4652262,,3,False,,1,0,1,1,,0,71.49590502695565,1,71.49590502695565
7.018124800000001,100.4650167,,3,False,,2,1,3,2,,0,49.82398526228328,4,49.82398526228328
7.0175348,100.4627328,,1,False,,0,0,0,2,,0,143.52114285580188,2,143.52114285580188
7.0192121,100.4616059,,4,False,,3,1,4,2,,0,137.65289531137134,5,137.65289531137134
7.0187832,100.4553625,,3,False,,0,0,0,1,,0,123.44708035011777,3,123.44708035011777
7.0189632,100.4647816,,3,False,,2,0,2,2,,0,117.78310104457583,1,117.78310104457583
7.015534099999999,100.45657310000001,,1,False,,0,0,0,3,,0,86.84165793575573,2,86.84165793575573
7.0156539,100.4620519,,3,False,,1,0,1,3,,0,116.07522368713167,2,116.07522368713167
7.016274200000001,100.4652881,,3,False,,0,1,1,0,,0,14.454293479672918,1,14.454293479672918
7.016757399999998,100.4644717,,1,False,,0,1,1,1,,0,57.449100599242634,4,57.449100599242634
7.0150354,100.4561351,,3,False,,0,1,1,0,,0,51.577099402697755,3,51.577099402697755
7.015562899999999,100.4620586,,3,False,,2,2,4,0,,0,121.49275823963364,2,121.49275823963364
7.0158396000000005,100.4653465,,3,False,,0,0,0,3,,0,46.04035152497813,1,46.04035152497813
7.021535300000001,100.455361,,3,False,,1,0,1,1,,0,91.52699163360269,2,91.52699163360269
7.0215793999999985,100.4578913,,1,False,,1,1,2,0,,0,55.79641065059282,1,55.79641065059282
7.022401099999999,100.4625468,,3,False,,1,0,1,3,,0,62.10218344236534,3,62.10218344236534
7.021645,100.4585592,,1,False,,1,0,1,1,,0,85.95819237130681,1,85.95819237130681
7.013381700000001,100.4569381,,3,False,,0,1,1,2,,0,91.78265668346036,2,91.78265668346036
7.012535599999999,100.4573821,,3,False,,1,1,2,2,,0,131.98596645229273,2,131.98596645229273
7.0133384,100.4581068,,3,False,,0,1,1,2,,0,169.66771960477988,2,169.66771960477988
7.012349,100.4574864,,3,False,,1,1,2,1,,0,150.33492206663192,2,150.33492206663192
7.012667099999999,100.4579592,,3,False,,2,1,3,0,,0,181.54976638702703,2,181.54976638702703
7.013858800000001,100.4581242,,3,False,,0,0,0,2,,0,180.02177163472604,4,180.02177163472604
7.013311899999999,100.4588722,,3,False,,1,1,2,0,,0,89.90659727969216,2,89.90659727969216
7.0123044,100.4578965,,3,False,,0,1,1,3,,0,194.1023012682697,2,194.1023012682697
7.011749900000001,100.4578206,,3,False,,1,0,1,2,,0,147.8133077645143,3,147.8133077645143
7.012776399999999,100.4582911,,3,False,,2,0,2,0,,0,143.6105534067527,2,143.6105534067527
7.013825499999999,100.4586471,,1,False,,0,2,2,1,,0,133.12526233336243,4,133.12526233336243
7.014049599999998,100.4581305,,1,False,,0,1,1,1,,0,171.02085357784762,4,171.02085357784762
7.0133052000000005,100.4591385,,3,False,,0,2,2,0,,0,65.27924516732489,2,65.27924516732489
7.014032799999998,100.4588976,,1,False,,1,0,1,4,,0,97.19127717835977,4,97.19127717835977
7.0122437,100.4583343,,3,False,,1,1,2,0,,0,156.784554170302,2,156.784554170302
7.0110366,100.4582169,,3,False,,0,0,0,1,,0,76.15711647667446,3,76.15711647667446
7.0118393999999995,100.458498,,3,False,,0,1,1,2,,0,169.02627083388836,2,169.02627083388836
7.012765399999999,100.45910000000002,,4,False,,0,1,1,0,,0,55.958921902731234,2,55.958921902731234
7.0130587,100.4591252,,3,False,,0,0,0,0,,0,52.9970220953989,2,52.9970220953989
7.012932499999999,100.4610838,,3,False,,1,2,3,3,,0,95.68129955980652,2,95.68129955980652
7.0121718,100.459038,,3,False,,2,1,3,1,,0,102.05266094476886,2,102.05266094476886
7.010663299999999,100.4584036,,3,False,,0,1,1,2,,0,60.31664808195966,3,60.31664808195966
7.011208199999999,100.4604596,,3,False,,0,1,1,0,,0,123.64204830880323,5,123.64204830880323
7.011449,100.4586102,,1,False,,1,0,1,2,,0,137.4890943467644,3,137.4890943467644
7.0117316999999995,100.459933,,3,False,,0,0,0,3,,0,136.61238814809326,2,136.61238814809326
7.012674999999999,100.4603386,,3,False,,0,3,3,3,,0,87.61948169182084,2,87.61948169182084
7.012988399999999,100.4603544,,3,False,,1,0,1,0,,0,85.5587333352384,2,85.5587333352384
7.012917099999999,100.46131,,1,False,,2,1,3,1,,0,92.43783699188,2,92.43783699188
7.019592500000001,100.4615745,,4,False,,1,1,2,2,,0,97.93618929179534,2,97.93618929179534
7.0194039,100.4645706,,3,False,,2,2,4,0,,0,164.4679474701256,1,164.4679474701256
7.0185421,100.4648961,,3,False,,1,0,1,4,,0,77.31396000000007,1,77.31396000000007
7.0180333,100.4565623,,1,False,,0,2,2,3,,0,58.9920569966909,5,58.9920569966909
7.019600499999999,100.4622966,,3,False,,0,1,1,1,,0,146.68370536198856,2,146.68370536198856
7.0199556,100.46432330000002,,3,False,,3,2,5,2,,0,187.29773694834583,3,187.29773694834583
7.018344699999999,100.4626506,,1,False,,1,0,1,2,,0,218.71632132396127,1,218.71632132396127
7.0197427,100.4622448,,1,False,,2,1,3,1,,0,132.793785934531,2,132.793785934531
7.0179127,100.46267690000002,,1,False,,0,0,0,0,,0,185.76375575049784,2,185.76375575049784
7.022797399999999,100.4553465,,3,False,,0,2,2,2,,0,15.298245450728784,2,15.298245450728784
7.022769799999999,100.4562043,,3,False,,1,1,2,1,,0,88.52114440573227,2,88.52114440573227
7.0223355,100.4553738,,3,False,,0,0,0,2,,0,64.44080551847884,2,64.44080551847884
7.022778699999998,100.4565513,,3,False,,0,2,2,3,,0,112.4483651711548,3,112.4483651711548
7.0231396,100.4562129,,1,False,,2,2,4,1,,0,67.62358334729298,3,67.62358334729298
7.022384199999999,100.4580413,,1,False,,1,1,2,3,,0,36.007380004271425,1,36.007380004271425
7.022774399999999,100.4569,,3,False,,1,2,3,2,,0,129.59929981530476,3,129.59929981530476
7.023150500000001,100.4565427,,1,False,,0,1,1,0,,0,73.76052864806445,3,73.76052864806445
7.0227728,100.4572524,,3,False,,4,1,5,1,,0,105.82480147328607,1,105.82480147328607
7.023163699999999,100.4568969,,1,False,,0,1,1,3,,0,96.4958935147588,3,96.4958935147588
7.022781900000001,100.4582771,,3,False,,1,2,3,2,,0,86.90878862261454,1,86.90878862261454
7.023004099999999,100.4572502,,3,False,,2,1,3,1,,0,125.65450618494535,1,125.65450618494535
7.014277699999998,100.4564735,,3,False,,1,0,1,2,,0,41.857088821078406,3,41.857088821078406
7.013851900000001,100.4566943,,3,False,,0,1,1,1,,0,94.61349987393606,3,94.61349987393606
7.014281399999999,100.4622365,,4,False,,0,1,1,1,,0,168.5899175445624,2,168.5899175445624
7.013992899999999,100.4575436,,1,False,,1,1,2,1,,0,157.12845200734304,3,157.12845200734304
7.014782,100.46217540000002,,4,False,,2,0,2,1,,0,181.8234712156048,2,181.8234712156048
7.0137953,100.4623219,,4,False,,2,3,5,3,,0,117.29613694130312,2,117.29613694130312
7.014998099999999,100.4654647,,3,False,,3,1,4,1,,0,98.33684448681252,1,98.33684448681252
7.0152149999999995,100.46211030000002,,4,False,,0,0,0,0,,0,145.03931744409232,2,145.03931744409232
7.0153864000000015,100.4654092,,3,False,,1,2,3,3,,0,92.9545571638381,1,92.9545571638381
7.014858499999999,100.4581594,,3,False,,0,0,0,1,,0,160.2361865246606,4,160.2361865246606
7.0133874999999986,100.4623781,,3,False,,2,0,2,4,,0,79.06601474582723,2,79.06601474582723
7.013714000000001,100.4615785,,3,False,,0,0,0,2,,0,172.14059619104972,2,172.14059619104972
7.0144845,100.4655294,,3,False,,1,0,1,1,,0,113.73482449501113,1,113.73482449501113
7.015325899999999,100.4634389,,1,False,,1,0,1,2,,0,117.35276435844503,2,117.35276435844503
7.015246799999998,100.4599393,,1,False,,0,0,0,0,,0,83.24378084449394,4,83.24378084449394
7.0148625,100.4573411,,1,False,,1,0,1,3,,0,124.43806590833097,3,124.43806590833097
7.015166799999999,100.4581498,,1,False,,0,0,0,1,,0,171.01909383108662,4,171.01909383108662
7.0132297,100.4624145,,3,False,,1,1,2,4,,0,65.39439445737008,2,65.39439445737008
7.0133279,100.4615914,,3,False,,1,0,1,2,,0,142.70226129959872,2,142.70226129959872
7.013793800000002,100.4596452,,1,False,,1,2,3,0,,0,87.57543378042826,4,87.57543378042826
7.014051099999998,100.465584,,3,False,,0,0,0,1,,0,80.7649039270872,1,80.7649039270872
7.015634800000001,100.45965170000001,,1,False,,3,3,6,3,,0,68.44816604302895,4,68.44816604302895
7.0127888,100.4624359,,4,False,,2,0,2,1,,0,54.96664243788884,2,54.96664243788884
7.0138687,100.4647948,,3,False,,2,0,2,1,,0,161.31065719749532,1,161.31065719749532
7.0129239,100.4615629,,1,False,,1,0,1,0,,0,99.1723187799832,2,99.1723187799832
7.0126687,100.4657872,,3,False,,0,0,0,2,,0,82.49013300647346,5,82.49013300647346
7.022787600000001,100.4595691,,1,False,,0,0,0,1,,0,14.358804598583921,1,14.358804598583921
7.0229929,100.4582819,,3,False,,2,1,3,2,,0,108.37412918781926,1,108.37412918781926
7.0230071,100.459333,,1,False,,0,0,0,3,,0,29.409541989881674,1,29.409541989881674
7.023193099999999,100.4572512,,1,False,,1,2,3,1,,0,126.60107449069274,3,126.60107449069274
7.0219005999999995,100.4703635,,3,False,,1,1,2,1,,0,72.18455618145569,5,72.18455618145569
7.0216106,100.4700768,,3,False,,1,1,2,1,,0,54.77267563327969,5,54.77267563327969
7.0222462000000005,100.4703276,,3,False,,0,0,0,0,,0,103.48771035044005,2,103.48771035044005
7.022062399999999,100.4708022,,3,False,,1,2,3,1,,0,49.52789787729319,2,49.52789787729319
7.0216342,100.4696655,,3,False,,0,0,0,0,,0,93.23334847857421,5,93.23334847857421
7.021750199999999,100.4690988,,3,False,,2,0,2,2,,0,141.83475328768344,2,141.83475328768344
7.022796699999999,100.4702961,,3,False,,2,2,4,1,,0,131.6425834109302,2,131.6425834109302
7.0222976,100.4698067,,1,False,,1,0,1,0,,0,134.02186906647526,5,134.02186906647526
7.022385,100.4708385,,3,False,,0,3,3,1,,0,56.38920859225706,2,56.38920859225706
7.022282800000001,100.4718038,,3,False,,0,0,0,1,,0,65.03948302073846,2,65.03948302073846
7.021360099999998,100.4696509,,1,False,,1,1,2,3,,0,85.47501740013159,5,85.47501740013159
7.0216798,100.4690141,,3,False,,1,0,1,2,,0,130.2293960636719,2,130.2293960636719
7.023216199999999,100.4702497,,4,False,,0,0,0,2,,0,167.05540399722446,2,167.05540399722446
7.022631799999999,100.4718552,,3,False,,1,1,2,1,,0,90.27345872208102,2,90.27345872208102
7.0224086,100.4706348,,1,False,,1,2,3,0,,0,76.89908926799957,2,76.89908926799957
7.0224751,100.4718312,,3,False,,0,0,0,0,,0,77.46000514510132,2,77.46000514510132
7.020205099999999,100.4688833,,3,False,,2,0,2,1,,0,27.64500886948273,3,27.64500886948273
7.023623999999999,100.4702038,,3,False,,2,2,4,1,,0,205.8797298793179,2,205.8797298793179
7.023048000000001,100.4719189,,3,False,,1,0,1,1,,0,129.77321821392377,2,129.77321821392377
7.023174199999999,100.4659755,,3,False,,0,1,1,1,,0,41.60255227905697,5,41.60255227905697
7.0224237,100.4723574,,4,False,,1,3,4,2,,0,128.00640887757365,2,128.00640887757365
7.020509599999999,100.4674197,,1,False,,0,4,4,1,,0,55.85939829821472,4,55.85939829821472
7.0200852000000005,100.46720220000002,,1,False,,0,1,1,2,,0,87.03107135109688,4,87.03107135109688
7.0200869,100.46980660000001,,1,False,,0,0,0,2,,0,44.025736956892175,2,44.025736956892175
7.009553000000001,100.4775237,,3,False,,1,2,3,4,,0,43.54635048611528,2,43.54635048611528
7.015356799999999,100.4760701,,3,False,,1,0,1,1,,0,140.88174027172423,5,140.88174027172423
7.014612299999999,100.4762923,,3,False,,1,0,1,2,,0,87.45515460748527,5,87.45515460748527
7.014994400000001,100.4745994,,1,False,,1,1,2,3,,0,191.39133906483139,4,191.39133906483139
7.0208641,100.4748431,,3,False,,1,2,3,2,,0,51.4269854217051,4,51.4269854217051
7.020376699999999,100.4745988,,1,False,,2,2,4,0,,0,4.738451993728943,3,4.738451993728943
7.021292699999999,100.4751789,,4,False,,0,0,0,2,,0,26.689996172946046,1,26.689996172946046
7.020649499999999,100.4738674,,4,False,,0,1,1,2,,0,28.82998767441758,5,28.82998767441758
7.0185636,100.4744969,,3,False,,1,1,2,0,,0,139.73348110942771,2,139.73348110942771
7.020742199999999,100.4742526,,3,False,,1,0,1,0,,0,51.294009570180414,3,51.294009570180414
7.021595199999998,100.4750935,,3,False,,1,1,2,1,,0,52.26840654025369,1,52.26840654025369
7.021110199999999,100.4741443,,3,False,,0,1,1,3,,0,50.90939656551061,4,50.90939656551061
7.0212914,100.47562990000002,,1,False,,0,2,2,1,,0,23.9992749665119,1,23.9992749665119
7.026925600000001,100.4735384,,3,False,,0,1,1,1,,0,116.75541939828884,2,112.0606283089453
7.027633500000001,100.4748192,,3,False,,1,1,2,2,,0,66.18502357424488,5,66.18502357424488
7.026688100000001,100.4736067,,3,False,,1,0,1,2,,0,116.41513886812989,5,116.41513886812989
7.0271796,100.4749237,,3,False,,0,1,1,0,,0,39.081860650145025,5,39.081860650145025
7.027294799999999,100.4748918,,3,False,,1,0,1,4,,0,41.33120885574603,5,41.33120885574603
7.026239600000001,100.4737204,,3,False,,1,1,2,4,,0,131.79814930040618,3,131.79814930040618
7.0267532,100.4740654,,1,False,,1,0,1,3,,0,67.87557463578332,5,67.87557463578332
7.0267354,100.4750442,,3,False,,2,0,2,0,,0,63.8193257284582,5,63.8193257284582
7.0275315,100.4764562,,3,False,,2,1,3,4,,0,54.544892250960935,5,48.302540542380214
7.027913,100.4760082,,1,False,,0,2,2,1,,0,95.55722162581492,5,26.717298238927167
7.027080199999998,100.4724379,,1,False,,0,1,1,0,,0,39.17438194876755,2,39.17438194876755
7.025792499999999,100.47386,,3,False,,0,1,1,1,,0,90.07588553977757,3,90.07588553977757
7.0264044,100.47513400000001,,4,False,,1,0,1,2,,0,96.633661440187,5,96.633661440187
7.026658399999998,100.47443,,1,False,,0,0,0,2,,0,49.950671771285336,5,49.950671771285336
7.0278086,100.4764813,,3,False,,3,1,4,3,,0,84.17494347834197,5,28.21045271121895
7.0265501,100.4762833,,3,False,,1,1,2,0,,0,59.081194273142195,4,59.081194273142195
7.0253016,100.4739936,,3,False,,0,0,0,3,,0,66.38535885872548,3,66.38535885872548
7.0259995,100.4752333,,4,False,,0,1,1,1,,0,67.56037444883653,4,67.56037444883653
7.027757699999999,100.4769252,,3,False,,2,2,4,2,,0,105.47936384524834,4,76.63999603957258
7.026349100000001,100.47622460000001,,3,False,,0,1,1,3,,0,81.24220433059587,4,81.24220433059587
7.0284933999999994,100.4766075,,3,False,,1,1,2,0,,0,160.85405585868273,2,59.73956389987372
7.0140706999999995,100.4765066,,3,False,,1,2,3,0,,0,72.92404014490369,1,72.92404014490369
7.013971499999999,100.4766119,,3,False,,1,0,1,1,,0,57.55782644289012,1,57.55782644289012
7.0139034,100.4766753,,3,False,,1,0,1,0,,0,48.16713382074198,1,48.16713382074198
7.013856799999998,100.4766621,,3,False,,1,0,1,2,,0,48.014745107872606,1,48.014745107872606
7.013830800000001,100.4765757,,3,False,,1,1,2,2,,0,56.79269606959144,1,56.79269606959144
7.022341499999999,100.4748914,,3,False,,0,1,1,2,,0,44.42386066057404,5,44.42386066057404
7.021991699999999,100.4749912,,4,False,,0,2,2,3,,0,46.18726829510134,5,46.18726829510134
7.022785099999999,100.4747439,,3,False,,1,0,1,1,,0,79.6052614442473,5,79.6052614442473
7.022371699999999,100.4735468,,4,False,,1,1,2,0,,0,38.998363976075574,2,38.998363976075574
7.0216742,100.4750757,,3,False,,2,0,2,2,,0,58.87295162588275,3,58.87295162588275
7.022087600000001,100.475415,,3,False,,1,1,2,1,,0,0.5065001999353305,3,0.5065001999353305
7.021798100000001,100.4739415,,3,False,,1,2,3,1,,0,37.98058789447808,2,37.98058789447808
7.023273400000001,100.4746078,,3,False,,0,1,1,4,,0,131.62888167621017,5,131.62888167621017
7.0228021,100.4735436,,4,False,,1,1,2,2,,0,82.68977416847643,2,82.68977416847643
7.0217089999999995,100.47355190000002,,4,False,,5,0,5,0,,0,46.824666577058586,2,46.824666577058586
7.021560699999999,100.4744137,,1,False,,0,0,0,1,,0,39.13725113797165,4,39.13725113797165
7.022128199999999,100.4758363,,3,False,,1,0,1,1,,0,46.626758919494016,3,46.626758919494016
7.022458699999999,100.4753127,,3,False,,3,0,3,0,,0,43.069152369577935,3,43.069152369577935
7.0232797,100.4735528,,4,False,,0,1,1,2,,0,134.07969682756797,2,134.07969682756797
7.024976400000001,100.47409680000001,,3,False,,1,1,2,1,,0,72.52370781201903,3,72.52370781201903
7.022893,100.47227720000001,,3,False,,1,0,1,2,,0,144.55401905709047,2,144.55401905709047
7.021054200000001,100.4737461,,3,False,,0,1,1,1,,0,70.50163932507873,5,70.50163932507873
7.021672899999999,100.4732353,,3,False,,1,1,2,1,,0,58.53452306753281,4,58.53452306753281
7.0215675,100.4724865,,3,False,,1,1,2,1,,0,59.08817011940821,4,59.08817011940821
7.0216837,100.475706,,1,False,,0,0,0,0,,0,54.541969497995694,3,54.541969497995694
7.0221801,100.4762416,,4,False,,1,2,3,0,,0,81.45702566254863,1,81.45702566254863
7.0227481,100.4752329,,3,False,,0,1,1,1,,0,76.26407778560653,3,76.26407778560653
7.0239251000000005,100.4735329,,3,False,,2,1,3,2,,0,201.67840500139383,3,201.67840500139383
7.023344899999999,100.4722146,,3,False,,0,1,1,1,,0,175.5554402432031,2,175.5554402432031
7.0251644,100.4754504,,3,False,,0,0,0,4,,0,28.144227146076105,4,28.144227146076105
7.021625700000001,100.47292820000001,,3,False,,1,2,3,1,,0,41.56555598325271,4,41.56555598325271
7.022070199999999,100.4731478,,1,False,,0,0,0,1,,0,66.54810349530673,2,66.54810349530673
7.0224827,100.4761661,,3,False,,0,1,1,2,,0,48.87633422438583,1,48.87633422438583
7.022319099999999,100.4770427,,1,False,,2,0,2,0,,0,26.455508301400705,4,26.455508301400705
7.0227903,100.4754549,,1,False,,0,2,2,0,,0,78.29256240866559,3,78.29256240866559
7.023987199999998,100.475786,,3,False,,1,0,1,1,,0,83.50854496137856,2,83.50854496137856
7.024323999999999,100.4735095,,3,False,,1,1,2,2,,0,169.33713712613402,3,169.33713712613402
7.023921100000001,100.4730594,,3,False,,0,1,1,2,,0,217.07633848028524,2,217.07633848028524
7.0234582,100.4721833,,3,False,,1,0,1,2,,0,183.7045860580909,2,183.7045860580909
7.025531499999999,100.4753552,,3,False,,0,0,0,1,,0,14.400411538286377,4,14.400411538286377
7.024662999999999,100.4755813,,3,False,,0,0,0,0,,0,74.40240673001321,2,74.40240673001321
7.020498999999998,100.4730272,,3,False,,0,0,0,2,,0,80.3740152394155,5,80.3740152394155
6.9912386,100.4824247,,3,False,,1,1,2,0,,0,100.74051011702616,1,100.74051011702616
6.9906011,100.4821597,,4,False,,0,1,1,1,,0,164.12707775697942,1,164.12707775697942
6.9903275,100.4841164,,3,False,,1,1,2,1,,0,114.3168205680567,1,114.3168205680567
6.990190299999999,100.4819962,,4,False,,3,0,3,2,,0,209.55886316964273,1,209.55886316964273
6.9912497999999985,100.4804266,,4,False,,1,0,1,2,,0,204.94907897758853,1,204.94907897758853
6.989929299999999,100.4838242,,3,False,,0,0,0,2,,0,168.41941636531618,1,168.41941636531618
6.989760199999999,100.4817925,,3,False,,1,0,1,4,,0,188.64851184151954,1,188.64851184151954
6.989533899999999,100.4835813,,3,False,,0,0,0,0,,0,219.70689480954596,1,219.70689480954596
6.9919021,100.480702,,1,False,,0,0,0,1,,0,153.93305215574745,1,153.93305215574745
7.010258599999999,100.4775228,,3,False,,1,0,1,0,,0,86.42768137782261,2,86.42768137782261
7.010163199999999,100.4770649,,3,False,,0,1,1,1,,0,64.15577476434419,1,64.15577476434419
7.009283499999999,100.4771021,,3,False,,1,0,1,1,,0,33.22120757440839,1,33.22120757440839
7.023346899999998,100.4980296,,1,False,,1,2,3,0,,0,92.72782977280347,4,92.72782977280347
7.0242831,100.4992309,,1,False,,0,1,1,3,,0,51.17087664647138,3,51.17087664647138
7.023920599999999,100.49878560000002,,3,False,,0,2,2,0,,0,111.08880974788048,5,111.08880974788048
7.024665299999999,100.4986996,,3,False,,0,1,1,0,,0,98.057072126355,3,98.057072126355
7.023949,100.4983712,,3,False,,0,0,0,0,,0,121.5892455288927,4,121.5892455288927
7.0246325,100.4983397,,1,False,,0,3,3,2,,0,137.5074907452654,3,137.5074907452654
7.0240133,100.4983252,,3,False,,0,2,2,1,,0,130.03539259308357,5,130.03539259308357
7.0230692999999995,100.4984578,,1,False,,0,0,0,1,,0,36.42932730692245,4,36.42932730692245
7.020638999999999,100.4854977,,1,False,,2,0,2,0,,0,284.4648352098902,1,26.165740409202407
7.022096499999997,100.4908498,,3,False,,0,1,1,1,,0,556.4362914636223,5,47.876009868081134
7.021632999999999,100.4904351,,3,False,,0,1,1,0,,0,503.12322982581566,4,42.40254345388081
7.0220661,100.493456,,4,False,,0,0,0,2,,0,485.78673639760575,3,32.53783475316844
7.020894200000001,100.4905016,,1,False,,0,0,0,0,,0,421.5243159528652,4,40.44916636622402
7.021958199999999,100.494247,,3,False,,2,1,3,1,,0,405.6725063661883,3,56.62688516916597
7.0218359999999995,100.4950251,,3,False,,1,1,2,2,,0,320.63824254397036,4,51.18238853424818
7.022249899999999,100.49460950000001,,1,False,,1,3,4,2,,0,365.8501785795844,5,73.7903055557106
7.021816499999999,100.4953321,,3,False,,0,0,0,3,,0,287.07176955148157,4,30.95132436433335
7.022156200000001,100.4950489,,3,False,,0,1,1,4,,0,316.94240319980577,4,41.423269953039906
6.9901409999999995,100.4808044,,3,False,,0,0,0,1,,0,159.6755057031136,1,159.6755057031136
6.989750399999999,100.4818216,,3,False,,0,0,0,2,,0,190.6179215612249,1,190.6179215612249
6.990411399999999,100.4800943,,4,False,,1,0,1,2,,0,174.48993111185834,5,174.48993111185834
6.9897244999999995,100.4806377,,3,False,,1,1,2,0,,0,110.4959572429444,1,110.4959572429444
6.989171,100.4833584,,3,False,,3,1,4,2,,0,266.78251026037304,1,266.78251026037304
6.9890768,100.4815799,,3,False,,1,1,2,3,,0,133.51000474537517,1,133.51000474537517
6.9899957,100.479933,,3,False,,1,1,2,0,,0,138.43570355809078,5,138.43570355809078
6.9894615,100.4813803,,1,False,,0,2,2,2,,0,132.3889349794657,1,132.3889349794657
6.9897792,100.4804944,,1,False,,0,0,0,0,,0,114.13576890633158,1,114.13576890633158
6.988836999999998,100.4822588,,3,False,,0,0,0,1,,0,203.7651156267585,1,203.7651156267585
6.989522799999999,100.4803643,,3,False,,1,1,2,0,,0,85.65429089825051,1,85.65429089825051
6.990307099999998,100.479135,,4,False,,1,1,2,1,,0,90.63857883501663,5,90.63857883501663
6.9898188999999995,100.4804001,,1,False,,0,1,1,2,,0,118.21647102510543,1,118.21647102510543
6.9885522,100.48297580000002,,3,False,,0,0,0,1,,0,283.6042895037762,1,283.6042895037762
6.988467399999998,100.4821412,,1,False,,1,1,2,1,,0,193.08995861066668,1,193.08995861066668
6.989727899999998,100.4793854,,1,False,,1,1,2,0,,0,72.00254118484712,5,72.00254118484712
6.989014499999999,100.4807163,,1,False,,0,1,1,1,,0,44.176530422074556,1,44.176530422074556
6.992273199999998,100.4795812,,1,False,,0,0,0,1,,0,116.17914648169665,3,116.17914648169665
6.9904193,100.4788388,,1,False,,1,1,2,3,,0,92.96296493151914,5,92.96296493151914
6.989923900000001,100.4789793,,3,False,,2,0,2,0,,0,45.38972011528533,5,45.38972011528533
7.0025589,100.4770867,,1,False,,0,0,0,0,,0,52.59093307203578,2,52.59093307203578
6.9953716,100.4885581,,1,False,,1,0,1,1,,0,202.12182148925905,3,202.12182148925905
6.9960471,100.4878773,,1,False,,1,0,1,3,,0,114.67278251137975,3,114.67278251137975
6.9958687999999984,100.48815,,1,False,,0,0,0,0,,0,136.75927957001807,3,136.75927957001807
7.0180006,100.474675,,3,False,,0,0,0,2,,0,194.48765293940366,2,194.48765293940366
7.0184313,100.4745367,,3,False,,0,0,0,0,,0,154.22084633432402,2,154.22084633432402
7.0177956,100.4741288,,1,False,,0,0,0,1,,0,134.5877485070515,2,134.5877485070515
7.0201421999999996,100.4735719,,3,False,,1,1,2,1,,0,36.17154225998701,5,36.17154225998701
7.020345999999999,100.4735229,,1,False,,0,0,0,0,,0,26.279286964160733,5,26.279286964160733
7.0200438,100.4732788,,1,False,,2,0,2,0,,0,64.7578467250144,2,64.7578467250144
6.991594000000001,100.485036,,3,False,,0,2,2,0,,0,62.83792731901849,1,62.83792731901849
6.991596400000001,100.4864879,,3,False,,2,0,2,2,,0,213.8934304895285,1,213.8934304895285
6.9912178,100.4863934,,3,False,,1,0,1,1,,0,200.0258411601733,1,200.0258411601733
6.9912141,100.48481470000002,,3,False,,0,0,0,1,,0,25.87012649906176,1,25.87012649906176
6.991541299999999,100.4867445,,3,False,,0,0,0,2,,0,240.95009854976374,1,240.95009854976374
6.9948996999999995,100.4883171,,3,False,,0,0,0,0,,0,245.49352920050342,3,245.49352920050342
6.994473899999999,100.4873502,,3,False,,1,1,2,1,,0,290.19878299064607,3,290.19878299064607
6.9942286,100.4864091,,3,False,,0,1,1,1,,0,248.9796802384269,1,248.9796802384269
6.997128599999999,100.4851069,,1,False,,0,0,0,2,,0,103.01060530195356,3,103.01060530195356
6.9961180999999995,100.4858493,,1,False,,0,0,0,0,,0,49.976987470965675,3,49.976987470965675
6.997853899999998,100.4862257,,3,False,,1,0,1,3,,0,95.01236934409505,5,95.01236934409505
6.997292399999999,100.4852268,,1,False,,0,0,0,2,,0,117.16545886991955,3,117.16545886991955
6.993957399999998,100.4871839,,3,False,,1,0,1,0,,0,320.00094676461515,3,320.00094676461515
6.993755199999998,100.4861662,,3,False,,0,1,1,4,,0,288.0451467014467,3,288.0451467014467
6.9976605,100.4851955,,1,False,,1,1,2,0,,0,157.8804364106684,3,157.8804364106684
7.000125399999998,100.4825503,,1,False,,2,1,3,0,,0,79.08969019162011,4,79.08969019162011
6.999801499999999,100.4812314,,3,False,,0,1,1,1,,0,68.05808138487934,3,68.05808138487934
6.990067000000001,100.4841466,,3,False,,0,0,0,4,,0,139.43593541777796,1,139.43593541777796
6.989383699999999,100.4838358,,3,False,,1,1,2,1,,0,222.2954546192568,1,222.2954546192568
6.988595899999999,100.4833557,,3,False,,0,2,2,0,,0,323.32684067302125,1,323.32684067302125
6.988391299999998,100.48390730000001,,3,False,,1,0,1,1,,0,324.8291433418095,1,324.8291433418095
6.987677899999999,100.484574,,1,False,,1,2,3,2,,0,395.0158980828617,1,395.0158980828617
6.995079999999998,100.4319498,,3,False,,0,0,0,1,,0,2716.852811510008,1,40.04563608914782
6.999195899999999,100.4349295,,1,False,,0,1,1,3,,0,2188.8365791957735,4,62.402548511933546
6.9986905,100.4358865,,3,False,,1,1,2,1,,0,2136.0465117039903,4,144.13157542785208
6.9958567,100.43036450000001,,4,False,,0,1,1,2,,0,2813.7160212618173,1,196.042183844309
6.9955672,100.4308481,,3,False,,1,0,1,0,,0,2788.796045911291,1,137.4877234991557
6.993280499999999,100.485926,,3,False,,0,0,0,1,,0,269.12071232164544,1,269.12071232164544
7.0042949,100.4906872,,1,False,,2,1,3,1,,0,69.88537849133681,1,69.88537849133681
7.004968499999999,100.4902211,,3,False,,2,0,2,0,,0,82.3376204725606,2,82.3376204725606
7.004313699999999,100.4902378,,1,False,,2,0,2,2,,0,78.21640056506736,2,78.21640056506736
7.0049924,100.4898373,,3,False,,0,1,1,1,,0,53.232238071315884,2,53.232238071315884
7.0083750999999985,100.4650267,,3,False,,1,0,1,2,,0,64.17374908746639,4,64.17374908746639
7.007102,100.4660291,,3,False,,2,0,2,1,,0,147.25056837840108,2,147.25056837840108
7.007951699999999,100.4628208,,3,False,,1,0,1,2,,0,135.39775359237194,5,135.39775359237194
7.0096593999999985,100.464622,,3,False,,1,1,2,2,,0,9.434358047815401,2,9.434358047815401
7.0068923000000005,100.4660575,,3,False,,0,0,0,0,,0,160.24194064491414,2,160.24194064491414
7.0125741999999995,100.4657992,,3,False,,1,0,1,1,,0,73.66892671375852,5,73.66892671375852
7.007331400000002,100.4629764,,4,False,,1,0,1,1,,0,155.0359876481208,5,155.0359876481208
7.0082705,100.4626695,,3,False,,1,1,2,1,,0,130.62483414668466,5,130.62483414668466
7.0101705,100.4644701,,3,False,,0,1,1,0,,0,66.12458620635623,2,66.12458620635623
7.0097803999999995,100.46506590000001,,3,False,,2,0,2,0,,0,57.5978703762466,2,57.5978703762466
7.005992299999999,100.466198,,3,False,,0,2,2,0,,0,63.913731817617176,5,63.913731817617176
7.006640299999999,100.4643798,,3,False,,0,2,2,2,,0,152.15555580087215,4,152.15555580087215
7.012180299999999,100.4658326,,3,False,,1,1,2,1,,0,47.34622425644614,4,47.34622425644614
7.007474099999999,100.4636488,,1,False,,2,3,5,1,,0,141.53432008887364,5,141.53432008887364
7.0071416,100.4623062,,1,False,,1,3,4,2,,0,101.62346041603992,5,101.62346041603992
7.0065363000000005,100.4631769,,3,False,,1,1,2,2,,0,124.902100984101,5,124.902100984101
7.0087235,100.4625514,,3,False,,1,2,3,1,,0,132.459335914006,5,132.459335914006
7.0081637,100.4625719,,3,False,,0,0,0,4,,0,145.4154693172698,5,145.4154693172698
7.0104221,100.46439480000001,,3,False,,1,0,1,1,,0,95.06304118286664,2,95.06304118286664
7.0098074000000015,100.4630899,,3,False,,1,1,2,3,,0,137.80960112703693,5,137.80960112703693
7.0098566,100.4655079,,4,False,,0,1,1,1,,0,62.74841486503893,3,62.74841486503893
7.010523199999999,100.4649563,,3,False,,0,0,0,1,,0,52.20977415423459,3,52.20977415423459
7.0059252999999995,100.4658808,,3,False,,0,1,1,2,,0,69.48044756525077,5,69.48044756525077
7.0045156,100.4664065,,3,False,,0,0,0,2,,0,101.1312811539138,5,101.1312811539138
7.0053874,100.4643597,,3,False,,1,2,3,2,,0,67.4407580497412,4,67.4407580497412
7.007554799999999,100.46392,,3,False,,0,2,2,1,,0,133.49591956394573,5,133.49591956394573
7.0122135,100.4651814,,4,False,,1,0,1,4,,0,118.93741025756985,4,118.93741025756985
7.0117328,100.46590260000002,,3,False,,0,0,0,1,,0,54.5503786202116,5,54.5503786202116
7.0125836,100.465129,,4,False,,0,0,0,1,,0,135.64596076109368,4,135.64596076109368
7.0042688,100.4897947,,4,False,,0,1,1,1,,0,41.89484782836694,2,41.89484782836694
7.0050122,100.4894735,,3,False,,0,1,1,0,,0,48.95359282149382,2,48.95359282149382
7.004310399999999,100.4894179,,3,False,,1,1,2,0,,0,35.285131492506736,2,35.285131492506736
7.0039004999999985,100.4899197,,3,False,,0,0,0,1,,0,84.16032226881025,2,84.16032226881025
7.004021399999999,100.4893914,,1,False,,0,1,1,1,,0,65.65935138788218,2,65.65935138788218
7.003900400000002,100.4900242,,1,False,,1,4,5,0,,0,89.86727068441323,2,89.86727068441323
7.001506199999999,100.4915848,,3,False,,1,0,1,5,,0,314.4894953360153,1,314.4894953360153
6.990943900000001,100.4846573,,3,False,,3,1,4,4,,0,34.82213389502307,1,34.82213389502307
6.9911693999999995,100.4866303,,3,False,,0,1,1,1,,0,226.34478483311122,1,226.34478483311122
7.001214099999999,100.4925081,,3,False,,1,1,2,1,,0,397.66793854841774,1,397.66793854841774
7.0016099999999994,100.4924196,,3,False,,0,4,4,1,,0,353.2850043789347,1,353.2850043789347
6.9925642,100.4837098,,1,False,,1,0,1,2,,0,174.45862644631066,1,174.45862644631066
7.0009612,100.4925162,,3,False,,0,1,1,4,,0,417.34310389207474,1,417.34310389207474
7.005512899999999,100.4626758,,3,False,,2,1,3,1,,0,104.5407822754321,5,104.5407822754321
7.004179299999999,100.461739,,3,False,,1,3,4,2,,0,232.12146563010532,5,232.12146563010532
7.0048476,100.4632303,,3,False,,0,0,0,1,,0,85.18800226205826,4,85.18800226205826
7.003201499999999,100.4622676,,4,False,,1,1,2,1,,0,216.7595150091458,1,216.7595150091458
7.0050862,100.4612851,,4,False,,0,0,0,0,,0,156.0146312070324,5,156.0146312070324
7.0053456999999995,100.4642895,,3,False,,0,0,0,1,,0,60.121353211363854,4,60.121353211363854
7.004614400000001,100.4634614,,3,False,,1,0,1,1,,0,94.27267893522027,2,94.27267893522027
7.003873999999999,100.4638677,,4,False,,0,0,0,4,,0,171.0865916810106,2,171.0865916810106
7.0031661,100.4622048,,3,False,,1,2,3,2,,0,212.31126760413912,1,212.31126760413912
7.0025777,100.4625983,,3,False,,3,0,3,1,,0,157.45915328839004,1,157.45915328839004
7.005049899999998,100.4612288,,4,False,,0,1,1,1,,0,162.86728539446725,5,162.86728539446725
7.005034600000001,100.4644686,,3,False,,0,1,1,1,,0,89.93667720757853,2,89.93667720757853
7.004426099999998,100.4636214,,4,False,,1,2,3,2,,0,110.45678819296701,2,110.45678819296701
7.004247099999999,100.4647796,,3,False,,0,1,1,2,,0,172.2427848715083,4,172.2427848715083
7.003473699999999,100.4640323,,3,False,,0,1,1,0,,0,165.36517164883114,3,165.36517164883114
7.003322300000001,100.4621211,,3,False,,0,0,0,0,,0,229.1976141160085,1,229.1976141160085
7.003146199999999,100.464167,,4,False,,1,1,2,0,,0,126.2150299087568,4,126.2150299087568
7.002221899999998,100.4627891,,3,False,,1,0,1,3,,0,132.78315570861508,1,132.78315570861508
7.0044197,100.4603266,,3,False,,0,0,0,1,,0,206.14788862676275,4,206.14788862676275
7.00548,100.4646366,,1,False,,0,0,0,0,,0,98.20654684269962,4,98.20654684269962
7.0051221,100.4646826,,3,False,,1,2,3,1,,0,108.06509365070421,4,108.06509365070421
7.004013099999999,100.4628205,,1,False,,1,0,1,2,,0,186.10902647505435,2,186.10902647505435
7.004868,100.4647599,,3,False,,0,2,2,1,,0,127.00851305741219,2,127.00851305741219
7.004315899999998,100.4649584,,3,False,,0,2,2,1,,0,180.6715932772842,4,180.6715932772842
7.0037797,100.4649882,,1,False,,0,0,0,3,,0,168.9485408749751,4,168.9485408749751
7.003756700000001,100.46467330000002,,1,False,,0,2,2,1,,0,185.31167948615158,3,185.31167948615158
7.002686799999998,100.4611759,,3,False,,1,0,1,2,,0,187.87267533040924,1,187.87267533040924
7.0042148,100.4616435,,3,False,,0,2,2,4,,0,230.243613917872,5,230.243613917872
7.002812200000001,100.4643011,,3,False,,1,0,1,0,,0,86.42166525666464,3,86.42166525666464
7.004004299999999,100.4664738,,3,False,,0,1,1,4,,0,122.78868103264709,4,122.78868103264709
7.0018549,100.4629874,,3,False,,0,1,1,0,,0,120.21591250720209,1,120.21591250720209
7.002876299999999,100.46108,,3,False,,1,0,1,1,,0,211.26073260204808,1,211.26073260204808
7.005288599999999,100.4651176,,3,False,,0,1,1,5,,0,125.91282879378835,5,125.91282879378835
6.9976393,100.4662975,,3,False,,0,1,1,2,,0,106.38774796636527,3,106.38774796636527
6.9978629,100.46699000000001,,3,False,,0,0,0,2,,0,86.82102667187219,3,86.82102667187219
6.997327599999998,100.46538,,3,False,,2,1,3,3,,0,92.07309698389038,1,92.07309698389038
6.9980384,100.4661392,,4,False,,1,0,1,0,,0,148.44473137482007,3,148.44473137482007
6.997431199999999,100.4671192,,3,False,,1,1,2,3,,0,38.67157388162146,3,38.67157388162146
6.998018199999999,100.4674771,,3,False,,1,0,1,1,,0,112.16152516735292,3,112.16152516735292
6.9972724999999985,100.4654112,,3,False,,0,0,0,1,,0,93.83046273559722,1,93.83046273559722
6.9976988,100.4651751,,3,False,,0,1,1,0,,0,69.68026477185872,2,69.68026477185872
6.998138399999999,100.4664208,,1,False,,0,0,0,1,,0,137.73455272372786,3,137.73455272372786
6.9985938,100.4659172,,3,False,,0,2,2,2,,0,165.30685606831858,2,165.30685606831858
6.997370899999999,100.4671372,,3,False,,0,1,1,2,,0,32.35202657334365,3,32.35202657334365
6.9979653,100.46748510000002,,3,False,,0,0,0,1,,0,107.15695864839618,3,107.15695864839618
6.9992123,100.466799,,1,False,,1,0,1,3,,0,130.12553715903718,3,130.12553715903718
6.998139299999999,100.4649497,,3,False,,1,2,3,1,,0,47.37777873658969,2,47.37777873658969
6.9991661999999994,100.4657122,,3,False,,0,0,0,0,,0,132.98160953673872,4,132.98160953673872
6.998010299999999,100.4677388,,1,False,,0,1,1,2,,0,125.50831163076572,3,125.50831163076572
6.998755500000001,100.4646297,,3,False,,1,3,4,1,,0,91.68695554819242,4,91.68695554819242
6.999558399999997,100.4655728,,4,False,,1,1,2,1,,0,109.35795019786987,4,109.35795019786987
6.999769599999999,100.4660832,,1,False,,0,1,1,1,,0,131.64574893064585,2,131.64574893064585
6.9990706000000005,100.4644624,,4,False,,0,0,0,3,,0,58.25231255128484,4,58.25231255128484
7.000080799999998,100.4653871,,4,False,,3,0,3,2,,0,104.46374095531063,4,104.46374095531063
7.004433599999999,100.4652369,,3,False,,0,1,1,4,,0,156.0347478412085,5,156.0347478412085
7.003926499999999,100.46545330000001,,1,False,,1,1,2,1,,0,142.1914997786808,3,142.1914997786808
7.005839899999999,100.4654922,,3,False,,1,1,2,2,,0,95.91911670547356,5,95.91911670547356
7.0043578,100.4657473,,3,False,,0,0,0,3,,0,129.5969245305944,5,129.5969245305944
7.002613200000001,100.464381,,3,False,,1,0,1,2,,0,62.71361262017438,3,62.71361262017438
7.003714,100.4665193,,3,False,,0,1,1,0,,0,93.05613290086833,3,93.05613290086833
7.0228031999999985,100.45365120000001,,3,False,,1,0,1,2,,0,80.34917228699322,3,80.34917228699322
7.022568499999999,100.4507037,,1,False,,0,0,0,5,,0,200.75549742063512,2,129.62852583362715
7.022112,100.4536793,,4,False,,0,1,1,2,,0,8.429743335296257,3,8.429743335296257
7.023045399999998,100.4536414,,3,False,,2,0,2,2,,0,81.32483355155135,5,81.32483355155135
7.022083799999999,100.4521978,,1,False,,2,1,3,2,,0,121.614530549846,5,121.614530549846
7.022352000000001,100.4538234,,3,False,,0,2,2,0,,0,30.796570042408916,3,30.796570042408916
7.0219394,100.4536863,,3,False,,1,1,2,1,,0,17.402855365650854,3,17.402855365650854
7.0234467,100.45362510000001,,3,False,,1,0,1,0,,0,97.78196541389636,5,97.78196541389636
7.022839099999999,100.4507753,,1,False,,1,0,1,0,,0,176.15377015992675,2,131.9684254646334
7.0223514,100.4547337,,1,False,,0,2,2,3,,0,33.98105443240311,5,33.98105443240311
7.022962699999998,100.4542635,,3,False,,2,2,4,1,,0,103.46317098195844,5,103.46317098195844
7.021883999999999,100.4536885,,3,False,,1,2,3,0,,0,23.066064998068168,3,23.066064998068168
7.023928100000001,100.4536056,,3,False,,1,1,2,2,,0,74.19243149111185,5,74.19243149111185
7.0236689,100.4508836,,3,False,,0,0,0,0,,0,132.85026107150992,4,113.51829852935064
7.022962899999999,100.454925,,1,False,,3,1,4,1,,0,54.559836649268874,2,54.559836649268874
7.0237304,100.45509870000001,,3,False,,0,1,1,0,,0,96.59831955121572,2,96.59831955121572
7.021880399999998,100.4521693,,1,False,,0,2,2,2,,0,141.24146623542262,5,141.24146623542262
7.023853900000001,100.4552972,,3,False,,1,2,3,0,,0,81.73489061754148,5,81.73489061754148
7.0244519,100.4535843,,4,False,,0,0,0,3,,0,23.37459137403984,5,23.37459137403984
7.0241408000000005,100.4517768,,3,False,,1,1,2,2,,0,54.90423105604426,2,54.90423105604426
7.0236925,100.4513238,,3,False,,1,0,1,1,,0,84.15421774807298,2,84.15421774807298
7.024608299999999,100.451061,,3,False,,0,1,1,1,,0,112.98148646922797,4,71.23972766883081
7.023921699999999,100.4552429,,3,False,,2,1,3,1,,0,75.64146484375095,5,75.64146484375095
7.0215047,100.4528201,,1,False,,0,5,5,1,,0,121.03310849681944,3,121.03310849681944
7.023864,100.455281,,3,False,,1,0,1,3,,0,80.94509967552234,5,80.94509967552234
7.0248372,100.4535687,,3,False,,0,1,1,2,,0,34.48627206794221,5,34.48627206794221
7.0243683,100.4543643,,1,False,,0,0,0,2,,0,33.92663086776622,4,33.92663086776622
7.024114300000001,100.4513819,,3,False,,0,1,1,1,,0,87.34020170812367,2,87.34020170812367
7.023754399999999,100.4518225,,1,False,,0,2,2,0,,0,28.821096143977996,2,28.821096143977996
7.024524499999999,100.4514755,,3,False,,1,0,1,4,,0,67.46804732528093,3,67.46804732528093
7.025075499999999,100.4513165,,3,False,,1,1,2,1,,0,100.69520896868414,3,100.69520896868414
7.002716099999999,100.4646436,,3,False,,0,0,0,1,,0,70.28898304140056,4,70.28898304140056
7.002411899999999,100.4644618,,3,False,,0,1,1,1,,0,38.73555022907619,4,38.73555022907619
7.0033995,100.4665561,,3,False,,0,1,1,1,,0,63.20275278903179,3,63.20275278903179
7.0035238999999985,100.46594960000002,,1,False,,0,0,0,2,,0,74.90404443364149,4,74.90404443364149
7.0012542999999985,100.4633004,,4,False,,2,1,3,3,,0,134.4702341928527,1,134.4702341928527
7.001791599999999,100.4650206,,3,False,,1,1,2,2,,0,58.09299032993517,4,58.09299032993517
7.003083999999999,100.4656598,,3,False,,0,1,1,2,,0,67.78352162806236,3,67.78352162806236
7.0016982,100.4647483,,4,False,,2,1,3,3,,0,46.325212409047445,3,46.325212409047445
7.002705699999999,100.4666256,,3,False,,0,2,2,3,,0,47.606620270444644,4,47.606620270444644
7.004159399999998,100.4658091,,1,False,,0,0,0,1,,0,145.8028907393033,4,145.8028907393033
7.0012338000000005,100.463232,,4,False,,1,1,2,0,,0,126.92476444317592,1,126.92476444317592
7.0005975000000005,100.4636416,,3,False,,2,1,3,2,,0,152.98232492973423,4,152.98232492973423
7.002021499999999,100.4657532,,3,False,,1,0,1,1,,0,113.1893101870703,4,113.1893101870703
7.0010209,100.4650147,,3,False,,1,0,1,1,,0,126.78541745621847,3,126.78541745621847
7.0017217,100.4667523,,1,False,,0,1,1,0,,0,134.71901956537337,2,134.71901956537337
7.0049236,100.4660335,,1,False,,1,2,3,2,,0,59.5406707574794,5,59.5406707574794
7.025109099999997,100.4819491,,3,False,,2,1,3,1,,0,37.10436599098278,1,37.10436599098278
7.0251236,100.481771,,3,False,,1,2,3,1,,0,47.339556792249745,2,47.339556792249745
7.024570800000001,100.4828618,,3,False,,0,1,1,4,,0,127.06928384300498,2,127.06928384300498
7.0250586,100.4817763,,3,False,,0,0,0,2,,0,52.13949481232189,1,52.13949481232189
7.0253549,100.4813891,,3,False,,1,0,1,2,,0,77.00355577314654,1,77.00355577314654
7.024093599999998,100.4819971,,3,False,,1,1,2,7,,0,146.61894196092237,1,146.61894196092237
7.023801,100.4833777,,3,False,,1,0,1,2,,0,228.84854902860258,1,228.84854902860258
7.024902299999999,100.481173,,1,False,,2,1,3,1,,0,115.54538276411499,1,115.54538276411499
7.024739699999998,100.4818427,,3,False,,1,0,1,1,,0,79.44173709922306,1,79.44173709922306
7.026734099999999,100.4804975,,3,False,,0,3,3,1,,0,54.27319750674403,1,54.27319750674403
7.0250682,100.4802055,,3,False,,2,1,3,3,,0,132.75332110969174,1,132.75332110969174
7.024221500000001,100.4819657,,3,False,,0,1,1,1,,0,132.80292161626784,1,132.80292161626784
7.0234700000000005,100.4821272,,3,False,,0,0,0,2,,0,181.40113841538368,1,181.40113841538368
7.0235183,100.4826586,,1,False,,0,2,2,2,,0,219.33782351910844,1,219.33782351910844
7.0230643,100.4835721,,3,False,,2,1,3,3,,0,213.2997041771869,3,155.72336946899063
7.023963599999999,100.4803079,,1,False,,1,0,1,1,,0,232.5230730906682,1,232.5230730906682
7.026566600000001,100.4803836,,3,False,,1,0,1,5,,0,35.20077814577378,1,35.20077814577378
7.026949299999999,100.4804931,,3,False,,1,0,1,4,,0,77.79061081744888,1,77.79061081744888
7.024995599999998,100.4800516,,1,False,,1,0,1,4,,0,144.46027776436262,1,144.46027776436262
7.024938,100.4808336,,1,False,,0,0,0,1,,0,147.87124554113552,1,147.87124554113552
7.023666699999999,100.4809644,,1,False,,0,2,2,0,,0,177.91433907680369,1,177.91433907680369
7.0229176,100.4822221,,3,False,,3,1,4,2,,0,141.58360374828445,1,141.58360374828445
7.0229526,100.4809795,,1,False,,1,0,1,1,,0,100.66489953611764,1,100.66489953611764
7.026570999999999,100.4802105,,3,False,,0,0,0,0,,0,42.17667320889134,1,42.17667320889134
7.026224999999999,100.4785176,,3,False,,0,2,2,3,,0,66.44946774173908,2,66.44946774173908
7.028565499999998,100.4819941,,4,False,,0,0,0,1,,0,175.46646424079512,5,175.46646424079512
7.0269558,100.480182,,3,False,,0,0,0,0,,0,67.62829502653379,2,67.62829502653379
7.0217513,100.4823671,,3,False,,1,0,1,1,,0,63.68669634042576,3,63.68669634042576
7.021408999999999,100.4815371,,1,False,,0,1,1,1,,0,62.85847543141613,3,62.85847543141613
7.020490900000001,100.4831675,,1,False,,2,0,2,1,,0,28.903095563454077,5,28.903095563454077
7.021860199999998,100.483283,,1,False,,1,2,3,2,,0,78.68536661519016,4,78.68536661519016
7.0392838,100.5031467,,3,False,,1,0,1,1,,0,713.8393505762227,3,395.06945254678044
7.0431835,100.50418,,3,False,,0,0,0,2,,0,1158.7411537612222,1,600.6234714290841
7.0386125999999996,100.5047815,,3,False,,0,0,0,3,,0,696.858050058274,3,584.2373982091976
7.043460299999999,100.5044151,,3,False,,0,1,1,1,,0,1194.081916403793,1,628.7521678238442
7.044439000000001,100.5038135,,3,False,,1,0,1,2,,0,1288.4485680648038,1,584.1889402220078
7.044076899999999,100.5027898,,1,False,,0,1,1,1,,0,1236.6134118019972,1,464.3865309977958
7.043737999999999,100.5046392,,3,False,,0,2,2,0,,0,1229.5347765376712,1,656.9386333810342
7.043406999999998,100.5045376,,3,False,,0,0,0,2,,0,1191.3344817953891,1,641.7002259802653
7.044958299999999,100.5038961,,3,False,,0,0,0,1,,0,1346.5935416744612,1,611.7207399368474
7.0451442,100.5058333,,2,False,,0,0,0,3,,0,1414.220212686896,1,772.232255056393
7.042535699999998,100.5045906,,3,False,,1,1,2,1,,0,1099.1911275368557,3,642.3556064080616
7.0459213,100.504052,,3,False,,1,1,2,2,,0,1454.4641473805204,1,585.6209000723411
7.0451041,100.5028044,,1,False,,0,0,0,2,,0,1350.0925170298456,1,509.0664013700734
7.036706199999999,100.5036378,,3,False,,0,0,0,1,,0,452.88866188098166,1,452.88866188098166
7.034001600000001,100.5024816,,3,False,,2,0,2,1,,0,127.79079509692014,1,127.79079509692014
7.033177299999998,100.5022282,,3,False,,1,1,2,2,,0,32.967702024636864,1,32.967702024636864
7.035497500000001,100.5037137,,3,False,,1,2,3,1,,0,337.4874843940498,1,337.4874843940498
7.042495999999999,100.5046999,,3,False,,1,0,1,4,,0,1098.06024103932,3,650.5991871914515
7.0430104,100.5040458,,3,False,,1,0,1,0,,0,1137.0718067323626,1,585.1638943813417
7.0363945,100.5036612,,3,False,,0,0,0,3,,0,422.2575191215279,1,422.2575191215279
7.0348726,100.5037677,,3,False,,1,0,1,0,,0,285.3303035426687,1,285.3303035426687
7.0345458999999995,100.5037978,,3,False,,1,2,3,1,,0,261.4167770495042,1,261.4167770495042
7.042671,100.5049293,,3,False,,0,0,0,4,,0,1123.5687675895588,3,682.2133364570523
7.032102,100.5012279,,3,False,,0,0,0,2,,0,94.24950645732382,3,94.24950645732382
7.0320153,100.5007383,,3,False,,0,2,2,1,,0,101.77559347117901,3,101.77559347117901
7.031628199999998,100.5007586,,3,False,,1,1,2,0,,0,68.53185928212422,3,68.53185928212422
6.990570000000001,100.4762295,,1,False,,0,2,2,0,,0,17.10669058962202,5,17.10669058962202
6.9900069999999985,100.47875710000001,,1,False,,1,1,2,1,,0,46.8569393390196,5,46.8569393390196
6.989819999999998,100.4792561,,1,False,,0,1,1,2,,0,61.74037896737819,5,61.74037896737819
7.000921,100.4819782,,4,False,,0,1,1,3,,0,38.1911906114999,3,38.1911906114999
7.000736899999999,100.48161230000001,,1,False,,1,0,1,1,,0,53.445451484498626,3,53.445451484498626
6.999939399999999,100.4817107,,3,False,,0,3,3,3,,0,56.96907181132412,4,56.96907181132412
7.001875099999998,100.4812957,,3,False,,0,3,3,1,,0,69.30975545949245,4,69.30975545949245
7.001757799999999,100.4807566,,4,False,,0,1,1,3,,0,67.5567802878516,5,67.5567802878516
7.002318899999998,100.481103,,1,False,,1,1,2,0,,0,68.06895231185601,5,68.06895231185601
7.002371000000001,100.4820353,,1,False,,0,0,0,3,,0,32.250791325184416,3,32.250791325184416
7.002226599999998,100.4806151,,1,False,,1,0,1,2,,0,79.39678028184956,1,79.39678028184956
7.001573699999999,100.480212,,2,False,,2,1,3,0,,0,42.34014651765603,5,42.34014651765603
7.00373,100.4837741,,3,False,,2,1,3,2,,0,89.98054313523201,5,89.98054313523201
7.002756899999998,100.4820085,,3,False,,0,1,1,0,,0,19.50642995288634,2,19.50642995288634
7.003791499999998,100.4845136,,1,False,,0,2,2,2,,0,128.36262284540936,5,128.36262284540936
7.0031313,100.4819359,,3,False,,0,0,0,2,,0,28.786977675785565,2,28.786977675785565
7.003227700000001,100.4823528,,1,False,,1,0,1,1,,0,45.4909971085369,2,45.4909971085369
7.0030706,100.481183,,4,False,,1,0,1,0,,0,18.56240802758021,5,18.56240802758021
7.004205999999999,100.4852115,,1,False,,3,0,3,4,,0,47.48651453583987,1,47.48651453583987
7.004328399999999,100.4841374,,1,False,,0,1,1,0,,0,130.0392633950539,1,130.0392633950539
6.999920499999999,100.4804536,,3,False,,0,1,1,2,,0,103.12959024119144,2,103.12959024119144
7.0260679999999995,100.4717274,,3,False,,0,1,1,1,,0,44.17489894217758,5,44.17489894217758
7.025323200000001,100.4718621,,3,False,,1,2,3,0,,0,105.36238787194148,5,105.36238787194148
7.026019100000001,100.471118,,3,False,,0,1,1,3,,0,109.66489099451549,5,109.66489099451549
7.003088,100.4808165,,1,False,,0,0,0,2,,0,48.06794368436337,1,48.06794368436337
7.003087999999999,100.4816163,,1,False,,0,0,0,1,,0,44.68678960603998,5,44.68678960603998
7.0033189,100.481183,,3,False,,1,1,2,1,,0,45.09205894409792,5,45.09205894409792
6.995218399999999,100.4453675,,3,False,,1,0,1,2,,0,1538.6006203266961,2,99.9392981374063
6.995068699999999,100.4455118,,3,False,,1,0,1,1,,0,1531.56536329142,2,90.1824840674719
6.995384399999998,100.4452538,,3,False,,0,0,0,1,,0,1542.1201144682243,2,110.12491947448025
6.9947783999999995,100.4449261,,1,False,,1,1,2,2,,0,1603.802337654051,2,162.41184718011502
6.994953,100.4456154,,3,False,,1,0,1,2,,0,1527.1222200148197,2,86.86212193230652
6.995426599999999,100.4462098,,1,False,,0,0,0,3,,0,1444.8890755159027,2,4.575362476724556
6.9955233,100.4451587,,3,False,,0,0,0,1,,0,1545.3010908709296,2,121.14961293921073
6.9957614,100.4459636,,1,False,,0,1,1,0,,0,1453.4440327347843,2,49.54319630607741
6.9948847,100.4456823,,3,False,,0,0,0,0,,0,1524.0211980826698,2,85.99234960614439
6.995656599999999,100.4450675,,3,False,,2,1,3,4,,0,1548.5513127329898,2,133.3176109515704
6.9948694,100.4445391,,3,False,,0,0,0,2,,0,1637.8181903976526,4,151.40666510663277
6.9946247999999995,100.4459282,,3,False,,0,0,0,0,,0,1513.6763024784166,2,94.50868778500919
6.9954243,100.4463099,,1,False,,0,0,0,2,,0,1435.1111752981549,2,6.671825994886795
6.9957607,100.4449982,,3,False,,0,1,1,0,,0,1551.0323096821835,2,143.4443917151206
6.9950643999999995,100.44444,,3,False,,1,2,3,4,,0,1638.587728954383,4,164.12810982728305
6.995158599999999,100.4467405,,3,False,,0,0,0,0,,0,1406.5941824450995,2,61.24837187493799
6.996037599999999,100.4448139,,3,False,,0,2,2,3,,0,1558.206087689558,3,118.41131087392395
6.996159400000001,100.4457651,,1,False,,0,1,1,1,,0,1455.8225393663515,2,98.06143115271392
6.9946782999999995,100.44403080000001,,3,False,,1,0,1,1,,0,1697.611496730827,4,107.23858246780264
6.9964151,100.4445935,,4,False,,0,0,0,0,,0,1566.1170106070836,1,73.90265913851104
6.996450000000001,100.4457539,,1,False,,0,0,0,1,,0,1444.851444327874,2,126.73388122348639
6.996942699999999,100.4442952,,3,False,,1,0,1,0,,0,1542.7160829004283,3,35.43023387700778
6.995333499999999,100.4434204,,3,False,,1,0,1,2,,0,1730.1184580149131,4,178.85221306926434
6.9972999,100.4455516,,3,False,,2,1,3,2,,0,1428.4544722127741,3,109.62819054677625
6.9971075,100.4447993,,3,False,,1,1,2,1,,0,1494.346589260888,3,24.01063209689825
6.9971741000000005,100.4441308,,3,False,,2,0,2,1,,0,1534.097882557139,3,50.99630935158251
6.995219600000001,100.4433091,,3,False,,1,0,1,0,,0,1746.2796318231005,4,169.65445545182646
6.996069499999999,100.4427562,,3,False,,0,0,0,2,,0,1725.2537903769526,1,230.9153104425044
6.997235000000001,100.4452738,,3,False,,2,0,2,3,,0,1451.9911937078414,1,78.10914147670228
6.997353300000001,100.4457348,,3,False,,0,0,0,0,,0,1412.1331753343056,1,130.6772966465894
6.997901699999999,100.4435057,,3,False,,1,0,1,2,,0,1519.085597183966,4,97.61219103884913
6.996228399999998,100.4432305,,1,False,,0,0,0,1,,0,1678.052925413979,1,176.858703607758
6.9973477,100.4439573,,3,False,,2,1,3,2,,0,1531.5998148496676,1,75.09240151285113
6.9947536999999995,100.4436576,,3,False,,2,1,3,1,,0,1731.4897270882452,4,111.45903014837533
6.994870800000002,100.443073,,3,False,,0,0,0,3,,0,1785.3029386910948,4,144.7619350576906
6.996633299999999,100.4433284,,3,False,,0,0,0,1,,0,1636.7921727942964,3,147.313605737217
6.995840100000001,100.4425248,,3,False,,0,0,0,0,,0,1761.154580531528,1,265.76196596214044
6.997711299999999,100.444857,,1,False,,0,1,1,3,,0,1437.5385128373377,4,37.81500373451625
6.997544699999998,100.4463926,,3,False,,2,2,4,2,,0,1337.5562146773611,1,171.43891511274478
6.9969561,100.4464115,,1,False,,1,1,2,1,,0,1356.9526149613876,2,171.16543545542453
6.9949107999999995,100.4438346,,3,False,,0,0,0,1,,0,1706.5057312240122,4,128.7027138515914
6.998459000000001,100.4433562,,3,False,,0,2,2,1,,0,1486.4517959702605,4,54.116211763141294
6.994824799999999,100.4424297,,1,False,,0,1,1,4,,0,1852.752892146947,4,188.16436694448072
6.996471999999999,100.44292050000001,,1,False,,1,2,3,1,,0,1679.7123663670643,3,195.76346139165383
6.995808900000001,100.44249330000001,,3,False,,0,0,0,2,,0,1766.0397174373672,4,266.67459078524996
6.995562299999999,100.4428194,,1,False,,2,1,3,1,,0,1763.7958568755103,4,225.24334523820718
6.997735100000001,100.4470484,,3,False,,0,0,0,2,,0,1262.1346906657916,3,147.6423305653747
6.995441400000001,100.4472503,,3,False,,0,0,0,1,,0,1342.1707496973142,1,73.67564948794026
6.998571,100.44147180000002,,3,False,,1,1,2,0,,0,1633.085023717383,3,31.501403526619395
6.998444700000001,100.4414813,,3,False,,1,1,2,5,,0,1641.1509158576612,3,42.34201933012103
6.996592999999999,100.4473774,,3,False,,0,1,1,1,,0,1273.2397699950272,5,70.6303166450461
6.9985334,100.4498471,,3,False,,1,1,2,0,,0,940.8258007881489,4,119.70493111635642
6.9951056000000005,100.447577,,4,False,,3,1,4,0,,0,1329.1843830030464,1,50.90817883499783
6.996153699999998,100.4475514,,3,False,,0,1,1,4,,0,1276.374585067336,5,41.738464929003904
6.997931999999999,100.4500759,,3,False,,1,0,1,1,,0,940.7952241768326,4,172.1706859450631
6.9986582,100.4503132,,3,False,,0,1,1,0,,0,887.6236694385111,4,130.26399452449635
6.995473400000001,100.446598,,1,False,,2,0,2,1,,0,1404.2617666127721,2,38.957984205542616
6.995433600000001,100.4481584,,4,False,,0,0,0,2,,0,1255.4344441859807,1,26.774012808989717
6.9957536000000005,100.4478115,,3,False,,2,1,3,0,,0,1271.2052325688783,1,39.028442564389195
6.9977336999999995,100.4506417,,3,False,,0,1,1,0,,0,892.8976673591683,2,174.76516298957506
6.998111699999999,100.4504853,,3,False,,0,2,2,3,,0,891.3941539345892,4,190.8245478328333
6.998710299999999,100.4504803,,3,False,,0,1,1,1,,0,868.2901761793087,4,138.35305501345564
6.995123900000001,100.4484694,,3,False,,1,0,1,1,,0,1244.359652660673,1,67.3381416291595
6.996888399999999,100.45098290000001,,3,False,,2,2,4,2,,0,905.2719331912816,2,123.47951922863393
6.997262100000001,100.450832,,3,False,,0,1,1,2,,0,898.4346364026983,2,139.66196717070417
6.998800999999999,100.450832,,3,False,,0,0,0,0,,0,828.2825076012177,4,162.84164331409409
6.999479699999999,100.4502416,,3,False,,0,0,0,1,,0,870.2922881180011,4,73.62675914822188
6.996402199999999,100.4511791,,3,False,,0,0,0,2,,0,917.3483071428743,2,125.1176662371894
6.9911092,100.4681453,,3,False,,2,1,3,2,,0,80.64094867212873,1,80.64094867212873
6.991517399999999,100.4684099,,3,False,,0,0,0,0,,0,133.3646588076555,1,133.3646588076555
6.990878799999999,100.4678427,,3,False,,0,1,1,0,,0,51.75322733270895,1,51.75322733270895
6.9907005,100.4682557,,3,False,,1,3,4,2,,0,48.87089829176446,1,48.87089829176446
6.991440599999998,100.4678075,,3,False,,0,0,0,0,,0,113.86974290703246,1,113.86974290703246
6.991829599999999,100.468362,,3,False,,1,2,3,4,,0,163.81028797232779,1,163.81028797232779
6.990892499999999,100.4682337,,3,False,,2,0,2,3,,0,63.21203872595707,1,63.21203872595707
6.991073800000001,100.4678605,,3,False,,0,0,0,2,,0,72.9319728034808,1,72.9319728034808
6.9921329,100.4683289,,3,False,,0,3,3,4,,0,195.17441738369138,1,195.17441738369138
6.990589099999999,100.4682622,,1,False,,0,3,3,2,,0,42.67475277856199,1,42.67475277856199
6.992113399999999,100.4686765,,1,False,,0,0,0,2,,0,205.5549035132334,1,205.5549035132334
6.998820200000001,100.4508983,,3,False,,0,2,2,2,,0,820.6657700087421,4,168.01607081630826
6.996371299999998,100.45167730000001,,3,False,,1,2,3,1,,0,875.3752793297862,2,90.62112501505977
6.999233499999999,100.4496866,,3,False,,0,0,0,4,,0,936.2514380438254,4,40.33256388099403
7.003043,100.4765766,,1,False,,1,3,4,0,,0,86.10788031995287,4,86.10788031995287
7.0026152,100.4765776,,1,False,,1,0,1,1,,0,81.12630998513968,2,81.12630998513968
6.9962066,100.4512884,,3,False,,1,0,1,0,,0,920.5178635294143,2,130.81854240316446
6.9959304,100.4513684,,3,False,,2,0,2,2,,0,932.4624407935609,2,149.9803077047504
6.995674600000001,100.4507895,,1,False,,0,0,0,2,,0,1000.1038095640758,2,179.78344731964253
6.996542299999999,100.4520812,,3,False,,1,1,2,0,,0,828.6742136731527,2,59.828831549185445
6.9989297,100.4512774,,3,False,,1,1,2,2,,0,777.1278139320746,4,200.64255379392088
6.9996569,100.45063490000001,,3,False,,2,0,2,1,,0,823.5965975110141,4,116.468112143018
6.999053599999998,100.4516731,,3,False,,0,1,1,2,,0,731.3379281057435,2,222.54017260996088
6.996709599999999,100.4524822,,4,False,,1,1,2,1,,0,782.6962506520092,2,60.41636427222062
6.9999947,100.4509836,,3,False,,1,2,3,0,,0,778.4840711376066,3,141.89934962499171
6.999085399999999,100.4517679,,3,False,,0,1,1,0,,0,720.2904738848795,2,224.11835242550188
6.999164,100.452058,,4,False,,1,1,2,1,,0,687.1759523505655,2,230.10080029494017
6.999636099999999,100.4515951,,1,False,,2,1,3,1,,0,720.8868032528508,3,182.49536773809447
6.9992439,100.452349,,3,False,,1,0,1,2,,0,653.9287630947157,3,213.3102747705628
7.000120499999999,100.4516841,,3,False,,0,1,1,1,,0,699.8483348008028,3,133.7941305534681
6.9992825000000005,100.452459,,3,False,,1,0,1,0,,0,641.0479420293991,3,207.74411462052697
7.000247500000001,100.4519721,,3,False,,0,1,1,1,,0,666.0824437770078,3,136.58218846663993
6.999839299999998,100.4510466,,3,False,,0,0,0,1,,0,774.9119113474716,3,157.60796735707694
6.999398,100.4528745,,3,False,,0,0,0,4,,0,593.541636076644,3,190.23701215712975
6.9968547999999995,100.4533199,,1,False,,0,0,0,0,,0,702.9708410626592,2,80.360508245848
6.999726699999998,100.4540509,,4,False,,0,1,1,0,,0,459.1314910169052,3,202.89903808173537
7.000963799999999,100.4535855,traffic_signals,3,False,,1,0,1,3,,0,479.5792267294989,2,207.0552933514241
6.9999486000000015,100.4547146,,3,False,,2,0,2,2,,0,381.93436978588466,1,215.2808551268905
6.999631899999999,100.4536507,,4,False,,0,0,0,2,,0,504.1523404485557,3,189.99070392870587
7.000916800000001,100.4534757,,3,False,,0,0,0,1,,0,492.04669997464674,2,200.76379323950712
6.999982400000001,100.454816,,3,False,,0,0,0,1,,0,370.14922310598985,1,208.98576459735668
6.9992014,100.4548665,,3,False,,0,1,1,0,,0,406.0661958712975,4,154.52618235558498
6.999487899999999,100.4532783,,4,False,,0,0,0,1,,0,548.2705276517585,3,181.3977514724397
6.9983553999999994,100.4541191,,3,False,,1,0,1,1,,0,527.7356853766937,3,63.378738156499786
7.000800599999999,100.45319470000001,,3,False,,1,1,2,1,,0,524.0733528310209,2,187.61135830492952
7.000427500000001,100.4546612,,3,False,,0,0,0,0,,0,371.0057450490428,1,255.39242366884227
7.000045200000001,100.4550042,,3,False,,1,0,1,3,,0,348.27751095911873,1,198.64416450153155
6.999278599999999,100.4553293,,3,False,,2,0,2,1,,0,359.5072639174507,1,117.32349994903856
6.9986496,100.4549786,,3,False,,0,1,1,1,,0,433.66468168124294,4,94.40118172769833
6.9980668,100.4538,,3,False,,0,2,2,3,,0,575.137220313732,3,17.497054908239654
7.0002001,100.4529175,,1,False,,0,2,2,0,,0,564.4089514236337,3,217.76564189192908
6.998192399999998,100.4541824,,3,False,,3,0,3,0,,0,533.4314307161779,3,56.67550895590072
6.998489499999999,100.4545215,,3,False,,2,0,2,0,,0,483.63152260050816,3,106.20047585350535
7.000575499999998,100.4546097,,1,False,,0,1,1,3,,0,372.909589178124,1,271.2840751129909
7.001269699999998,100.4542574,,3,False,,0,1,1,0,,0,404.30397510496203,2,256.5013710333927
7.000894299999999,100.454685,,3,False,,1,0,1,3,,0,359.2144492949114,1,293.46988758294106
7.0001405,100.4552717,,3,False,,1,0,1,2,,0,316.9429111377657,1,187.9538415004109
6.9993767,100.4559178,,1,False,,1,0,1,1,,0,302.79706374664363,1,78.42121310604912
6.999694599999999,100.4552705,,3,False,,1,1,2,2,,0,339.2065901637859,1,150.409123939506
6.9987071,100.4551434,,3,False,,1,1,2,1,,0,415.8832039058763,4,92.47526003030376
7.001029600000001,100.4537266,traffic_signals,3,False,,1,1,2,4,,0,463.5853056184755,2,215.73365185683923
7.0009787,100.4549803,,3,False,,0,0,0,0,,0,325.8120315325005,1,278.9242413470961
7.001378999999999,100.4545028,,3,False,,1,1,2,3,,0,377.4544471514819,2,278.43243534298864
7.0002753,100.4556281,,3,False,,2,1,3,1,,0,274.8693481922243,1,178.06320250017916
6.99984,100.4552459,,1,False,,0,1,1,2,,0,333.7442885708342,1,163.81728090394122
6.999780799999998,100.4556153,,1,False,,0,0,0,1,,0,301.74244683170645,1,133.83148451322035
6.998309300000001,100.4553524,,3,False,,1,0,1,0,,0,431.2955650321786,4,43.994958488625244
6.999089799999999,100.4566947,,3,False,,0,0,0,4,,0,274.3923519170366,3,57.05855633342182
7.001092900000001,100.4553897,,3,False,,1,0,1,0,,0,279.7347653128802,1,250.7609309185437
7.000292599999999,100.4556723,,3,False,,0,1,1,3,,0,269.6268467056279,1,174.51765472274727
7.001138799999999,100.4556912,,3,False,,1,2,3,1,,0,246.19051986298444,1,230.74726041925382
7.0003767,100.45590200000001,,3,False,,1,0,1,1,,0,242.63885935260723,1,157.26639590692287
6.999682899999999,100.45586060000001,,1,False,,1,1,2,1,,0,285.71911770909264,1,111.77387744874473
7.001173900000001,100.4559274,,1,False,,0,1,1,2,,0,219.94744780975495,1,217.36528850919422
7.000516400000001,100.4563238,,3,False,,1,1,2,3,,0,193.7868596915619,1,132.99788772529263
7.0019402,100.4557456,,3,False,,0,0,0,0,,0,251.72240036710073,1,251.72240036710073
7.0001227,100.4564284,,3,False,,1,3,4,2,,0,206.34462222663134,1,93.7741303457492
6.9999805,100.4559303,,1,False,,3,2,5,4,,0,260.5245766067066,1,134.75272194220966
6.9995837,100.4565758,,3,False,,2,0,2,3,,0,236.43271396590987,1,56.07558057704838
6.999484400000001,100.4560375,,1,False,,0,1,1,1,,0,285.00356819980635,1,84.53713838862615
6.998781499999999,100.4567735,,3,False,,2,0,2,1,,0,300.77619613632055,3,34.409208866210655
7.0011938,100.4536575,,3,False,,0,1,1,1,,0,470.61973480663903,2,199.8128654880553
6.9984006,100.4568718,,3,False,,0,1,1,1,,0,302.069943966688,3,45.156098574005114
7.001511399999999,100.454383,,3,False,,1,0,1,2,,0,391.48958162649734,2,261.83383574857316
7.0023857,100.4605612,,1,True,โรงเรียนเทศบาล 2 (บ้านหาดใหญ่),0,0,0,1,,0,202.88656058528866,2,202.88656058528866
7.0056221999999995,100.4618802,,3,False,,0,0,0,0,,0,72.96108983280516,5,72.96108983280516
7.0052182,100.459734,,1,False,,1,0,1,1,,0,110.91066514876856,4,110.91066514876856
7.002131499999998,100.4614481,,4,False,,1,1,2,0,,0,120.1161195491345,1,120.1161195491345
7.0065307,100.4618766,,1,False,,1,0,1,2,,0,38.53854586617138,5,38.53854586617138
7.0068399,100.460267,,3,False,,1,3,4,3,,0,169.75369170196572,4,169.75369170196572
7.001614299999999,100.4568955,,3,False,,0,0,0,2,,0,119.801102036807,1,119.801102036807
7.001261600000001,100.4580711,,4,False,,1,0,1,1,,0,17.110942069892918,1,17.110942069892918
7.0006651,100.4582932,,3,False,,0,2,2,1,,0,76.90341422971578,1,76.90341422971578
7.000088699999998,100.4605445,,3,False,,0,1,1,2,,0,38.920383198850566,1,38.920383198850566
7.001995799999999,100.4611755,,3,False,,0,1,1,0,,0,129.85525037422732,1,129.85525037422732
7.000875799999999,100.4620871,,3,False,,0,0,0,0,,0,41.381930566085416,1,41.381930566085416
7.002537000000001,100.4625421,,3,False,,2,0,2,2,,0,151.0762366833212,1,151.0762366833212
7.006891599999999,100.4603378,,3,False,,0,1,1,0,,0,176.70461681636453,4,176.70461681636453
7.007209900000001,100.4600654,,3,False,,0,2,2,1,,0,146.00423888259786,4,146.00423888259786
7.0062955,100.4813157,,1,False,,0,0,0,2,,0,121.58657306651233,2,121.58657306651233
7.006566499999999,100.48215200000001,,1,False,,0,0,0,2,,0,57.654423810249824,2,57.654423810249824
7.0082092000000005,100.483578,,1,False,,1,0,1,1,,0,62.750170946905655,4,62.750170946905655
6.9964117,100.4308855,,3,False,,1,1,2,2,,0,2731.4449145072995,1,172.11007181711437
7.0008106,100.44195,,3,False,,1,0,1,2,,0,1444.1541260621202,1,115.34487526268057
7.0001771,100.4425815,,3,False,,2,2,4,0,,0,1427.01714840839,1,45.53134918859942
7.0002111,100.4514631,,3,False,,0,0,0,0,,0,722.2255366248787,3,117.27115170698383
7.000992699999999,100.4418945,,1,False,,2,1,3,0,,0,1438.4839112852824,4,116.46354183882669
7.001109399999999,100.4422693,,1,False,,1,0,1,2,,0,1396.6028317567032,4,73.19491804642747
6.984183799999999,100.4653612,,1,False,,0,1,1,1,,0,44.60431409743237,3,44.60431409743237
6.984439500000001,100.465139,,3,False,,2,0,2,3,,0,34.5573800630785,3,34.5573800630785
6.985281799999999,100.4658903,,3,False,,2,0,2,0,,0,42.44944628179019,4,42.44944628179019
6.984800699999999,100.4648934,,3,False,,0,2,2,0,,0,41.850728867258766,1,41.850728867258766
6.985264299999999,100.4658561,,3,False,,1,1,2,1,,0,46.669729901001055,4,46.669729901001055
6.9849492,100.4651994,,3,False,,1,1,2,1,,0,47.0442872514348,5,47.0442872514348
6.983984499999999,100.4649753,,1,False,,0,1,1,3,,0,50.478596638566415,3,50.478596638566415
6.985111299999998,100.4655237,,3,False,,0,1,1,1,,0,35.77911007767648,2,35.77911007767648
6.985162000000001,100.4664106,,1,False,,0,2,2,3,,0,33.285939149421786,4,33.285939149421786
6.9856756,100.4649308,,3,False,,1,0,1,0,,0,47.89362665933722,3,47.89362665933722
6.9857833000000005,100.4652854,,3,False,,1,1,2,2,,0,43.05934658700015,2,43.05934658700015
6.984946,100.4626504,,1,False,,0,1,1,0,,0,49.7383128853777,3,49.7383128853777
6.991043599999999,100.476019,,3,False,,1,2,3,1,,0,34.23992466894004,1,34.23992466894004
6.991325300000001,100.4760642,,3,False,,1,0,1,1,,0,22.153408508058106,1,22.153408508058106
6.991407599999998,100.4757872,,3,False,,0,1,1,0,,0,54.0228235908819,1,54.0228235908819
6.9906944,100.4758005,,1,False,,2,1,3,1,,0,52.36257025271079,3,52.36257025271079
6.992254800000001,100.4675113,,1,False,,0,2,2,1,,0,208.1413473351412,1,208.1413473351412
6.993308399999999,100.432597,,3,False,,2,0,2,2,,0,2765.8062939658234,4,151.97753520139997
6.993709500000001,100.4324815,,3,False,,1,1,2,2,,0,2750.6014723965845,4,106.17200852713476
6.993911800000001,100.4331702,,1,False,,0,1,1,2,,0,2675.483396377887,4,141.18986801135247
6.9941291,100.4323716,,3,False,,0,0,0,1,,0,2734.4361185121475,4,59.47600608049725
6.994162799999999,100.4324946,,3,False,,0,1,1,0,,0,2721.080766781187,4,65.017406246498
6.994137300000001,100.4322493,,3,False,,0,0,0,0,,0,2745.159953883472,4,52.62105990327005
6.995178400000001,100.4322188,,4,False,,2,0,2,1,,0,2685.8335229247805,1,30.302123063677563
6.9943247,100.4330578,,1,False,,1,0,1,2,,0,2659.5508852962857,4,111.39935367105761
6.9940208,100.4318986,,3,False,,0,0,0,1,,0,2784.56189610192,4,65.4682485342177
6.994510999999999,100.4321327,,3,False,,0,1,1,0,,0,2733.252816984264,4,9.681351654912927
6.995918500000001,100.4320177,,1,False,,0,0,0,2,,0,2661.8502182561974,1,55.96494101797632
6.995050599999999,100.4326069,,1,False,,0,0,0,3,,0,2656.9611146790576,1,70.60382783483524
6.9944862,100.461808,,1,False,,0,0,0,1,,0,119.94986918730946,1,119.94986918730946
6.994649999999999,100.46269900000001,,3,False,,1,0,1,2,,0,178.5585491774112,1,178.5585491774112
6.993846600000001,100.4619643,,1,False,,1,1,2,1,,0,190.7170541699179,1,190.7170541699179
6.994938199999999,100.4630893,,1,False,,0,2,2,1,,0,146.31039575155495,1,146.31039575155495
6.9946505,100.46186110000001,,1,False,,2,1,3,0,,0,108.33767532345573,1,108.33767532345573
6.9945451,100.46575350000002,,4,False,,0,0,0,1,,0,304.41287152664506,5,304.41287152664506
6.994818699999999,100.4659269,,1,False,,0,0,0,1,,0,270.893772739326,5,270.893772739326
6.994288799999999,100.4659649,,1,False,,1,1,2,0,,0,305.83985117694857,5,305.83985117694857
6.9950205,100.4416099,,3,False,,0,1,1,0,,0,1895.8603101564447,4,275.0429547071837
6.9953752,100.4415936,,3,False,,2,0,2,2,,0,1867.7407554468537,4,298.43452670732773
6.995076,100.4422519,,1,False,,0,0,0,2,,0,1845.1641339610655,4,221.1282199153637
6.9957223,100.4415735,,3,False,,2,0,2,1,,0,1840.930796631424,4,324.64682842881484
6.995415699999998,100.4422757,,1,False,,1,0,1,1,,0,1814.7099104919555,4,245.88897290231424
6.9957699,100.4422059,,1,False,,0,0,0,1,,0,1790.1419263124271,4,281.06311298836283
6.996061400000002,100.4415531,,3,False,,0,0,0,0,,0,1815.2011427882903,3,299.1887339504472
6.996385400000001,100.4415274,,3,False,,0,1,1,3,,0,1791.4897729422275,3,263.270418520235
6.9961087,100.44218390000002,,1,False,,0,0,0,3,,0,1763.8375341652868,3,286.17558292392573
6.9967175,100.4415071,,3,False,,0,1,1,3,,0,1767.1376822980847,3,226.5442462261771
6.9964016,100.4421965,,1,False,,0,0,0,0,,0,1739.0477659209055,3,274.276717562667
6.995163999999999,100.4378569,,3,False,,0,0,0,2,,0,2181.101609625285,2,212.34454891757235
6.995579199999999,100.4378429,,3,False,,0,1,1,3,,0,2152.89681089097,2,166.52816233609187
6.9951402,100.4374979,,1,False,,1,1,2,3,,0,2213.1878478968692,2,219.79858608883762
6.995551099999998,100.4374739,,1,False,,0,0,0,2,,0,2186.529441116493,2,176.35663158912385
6.996033399999999,100.4377921,,3,False,,0,2,2,3,,0,2125.832712298709,2,116.9155734369133
6.996001400000001,100.4374832,,1,False,,4,2,6,2,,0,2154.925402796912,2,128.87082069614436
6.996563299999998,100.437758,,3,False,,3,0,3,0,,0,2093.131532002768,2,60.11849143125476
6.9965422,100.4374594,,1,False,,0,0,0,2,,0,2121.0042016402676,2,78.31442436831952
6.996994499999999,100.4377882,,3,False,,0,2,2,3,,0,2062.1776795011383,2,17.26148863249082
6.997407799999999,100.4377797,,3,False,,0,1,1,0,,0,2036.5175079093501,2,38.9406157559421
6.996968299999998,100.4374753,,1,False,,2,0,2,2,,0,2091.9720103726077,2,50.39668183351499
6.997032,100.4414845,,3,False,,0,1,1,1,,0,1744.7481863349146,3,191.7370847487874
6.996728199999999,100.4421766,,1,False,,0,0,0,1,,0,1714.300708229296,3,245.89815187025187
6.994779899999999,100.4344361,,1,False,,0,1,1,2,,0,2505.8672873284027,4,260.8563317205729
6.997625400000001,100.4344021,,3,False,,1,1,2,0,,0,2337.8811134063603,1,37.92538715816637
6.9973881,100.4340395,,3,False,,0,0,0,0,,0,2385.6575419015076,1,83.82504204109772
6.997204299999999,100.4333496,,3,False,,1,1,2,3,,0,2458.867057482972,1,49.66829398997393
6.996146700000001,100.4341337,,1,False,,0,1,1,2,,0,2449.618879176714,1,169.73045266564722
6.997838399999999,100.4377718,,3,False,,0,0,0,0,,0,2010.4526790912446,1,76.55675474326681
6.997373499999999,100.4374273,,1,False,,3,1,4,0,,0,2070.7437311315434,2,62.872451103046316
6.997322399999998,100.4414703,,3,False,,1,0,1,0,,0,1723.901785192747,3,159.73110597740603
6.9970537,100.4421672,,1,False,,1,3,4,1,,0,1689.2366262794278,3,213.2023383134131
6.995720200000001,100.442412,,1,False,,0,0,0,1,,0,1779.333485570265,4,263.28755556470276
6.9959751,100.4423232,,1,False,,0,0,0,1,,0,1764.556304456365,3,278.1650052195522
6.9978063,100.4374499,,1,False,,0,1,1,1,,0,2042.08970365481,1,42.29941155474434
6.997334899999999,100.4421334,,1,False,,1,0,1,0,,0,1669.9293934829748,3,184.42755867097037
6.997634899999999,100.4414696,,3,False,,1,0,1,5,,0,1700.6638746169128,3,125.67343835853033
6.9979423999999995,100.44147300000002,,3,False,,0,1,1,1,,0,1677.8378701917438,3,92.64178062802193
6.9976495,100.4421276,,1,False,,0,1,1,3,,0,1646.203024136406,3,155.59993111240567
6.9983604,100.4372437,,4,False,,0,0,0,2,,0,2028.6086244399762,1,52.16951088490828
6.9979534999999995,100.4420717,,1,False,,2,0,2,1,,0,1627.741290680094,3,126.4907176749288
6.998354299999999,100.4368635,,4,False,,1,0,1,1,,0,2064.9266737435655,1,54.14707332046002
6.9984280000000005,100.43891560000002,,3,False,,2,0,2,2,,0,1869.1976629705475,5,59.430365991040645
6.997393399999998,100.4612149,,1,False,,0,1,1,0,,0,112.04813145289359,3,112.04813145289359
6.998175599999999,100.4618682,,3,False,,0,2,2,1,,0,37.213720266786005,3,37.213720266786005
6.9983718,100.4627497,,3,False,,1,0,1,2,,0,89.18362176688966,3,89.18362176688966
6.9988214,100.4614213,,3,False,,0,0,0,2,,0,20.5073435402995,2,20.5073435402995
6.998398899999999,100.4633645,,3,False,,1,1,2,2,,0,144.8395939921137,5,144.8395939921137
6.997828800000001,100.4627632,,1,False,,0,1,1,1,,0,75.74242538115989,3,75.74242538115989
6.9990248,100.4621847,,3,False,,0,1,1,0,,0,107.65024876840268,2,107.65024876840268
6.9955365,100.43914,,1,False,,1,0,1,2,,0,2047.208555111179,2,218.00679531791644
6.998489799999999,100.4368613,,3,False,,0,0,0,2,,0,2057.503282872765,1,67.95975469534804
6.9983423,100.43635860000002,,4,False,,0,2,2,1,,0,2113.6986654421617,1,92.88139372889641
6.9984784,100.4636575,,3,False,,0,0,0,0,,0,119.67632629404214,2,119.67632629404214
6.9979873999999995,100.4632119,,1,False,,0,0,0,5,,0,105.16080183380737,2,105.16080183380737
6.9997423,100.4640405,,3,False,,1,1,2,2,,0,62.49905018271051,4,62.49905018271051
6.999385799999999,100.4620316,,3,False,,0,1,1,1,,0,89.07633143941224,4,89.07633143941224
7.0004003,100.4611879,,3,False,,0,0,0,4,,0,85.23015760247111,1,85.23015760247111
6.997471899999999,100.4635076,,1,False,,0,0,0,3,,0,78.16124991502947,2,78.16124991502947
6.998384599999999,100.4647489,,3,False,,0,0,0,2,,0,54.883529646411446,2,54.883529646411446
6.998029000000001,100.4640718,,1,False,,0,1,1,2,,0,57.86692727266678,5,57.86692727266678
6.999044699999999,100.4644035,,3,False,,1,1,2,3,,0,62.78990661950727,4,62.78990661950727
6.999332400000001,100.4642554,,3,False,,3,0,3,0,,0,45.63742186272878,4,45.63742186272878
6.999031499999998,100.4634588,,3,False,,2,0,2,1,,0,138.42300847555651,4,138.42300847555651
6.998447599999999,100.4363496,,3,False,,1,1,2,0,,0,2108.753072361638,1,100.09438060026224
6.9983328999999985,100.4360271,,4,False,,0,0,0,2,,0,2145.9899900746373,1,125.44782766542956
6.997875500000001,100.4555803,,4,False,,0,0,0,3,,0,452.7312248657456,4,18.64367713509848
6.9984429,100.4571135,,1,False,,2,0,2,3,,0,274.98904255995166,3,34.12286435671931
6.998690399999999,100.4622785,,1,False,,0,0,0,3,,0,88.23661433252212,3,88.23661433252212
7.0001679,100.4638004,,3,False,,2,1,3,3,,0,107.98886441015951,4,107.98886441015951
6.9979715,100.4348078,,3,False,,1,1,2,1,,0,2279.0387081320273,1,25.530922605196622
6.9977937,100.4344303,,3,False,,1,0,1,1,,0,2324.1761182478535,1,21.697421628238406
6.997846299999998,100.4348624,,4,False,,0,0,0,2,,0,2282.637866579856,1,31.799656827543224
6.9976715999999985,100.4344876,,3,False,,0,1,1,3,,0,2327.269354487742,1,29.09067279138387
6.999619999999998,100.46417300000002,,3,False,,0,5,5,2,,0,45.51738193019526,4,45.51738193019526
7.000352999999999,100.4662015,,3,False,,1,0,1,2,,0,97.68497281456364,2,97.68497281456364
7.000558399999999,100.4652064,,4,False,,1,0,1,0,,0,127.92700863911915,4,127.92700863911915
6.9985199,100.4641499,,1,False,,0,1,1,2,,0,82.11675094080334,2,82.11675094080334
6.999520699999999,100.4623278,,3,False,,2,1,3,3,,0,119.28394767962406,4,119.28394767962406
6.9998081,100.4618524,,1,False,,0,2,2,3,,0,71.04681783272922,4,71.04681783272922
7.0007503999999985,100.4609949,,1,False,,1,1,2,3,,0,73.78027325637407,1,73.78027325637407
6.999646299999999,100.4626167,,3,False,,3,1,4,3,,0,151.16277759386736,4,151.16277759386736
7.0005793999999995,100.4635755,,3,False,,0,3,3,5,,0,156.6262101270776,4,156.6262101270776
6.9999451,100.4621294,,1,False,,0,0,0,2,,0,105.07553480102814,4,105.07553480102814
7.0010017,100.4625118,,3,False,,1,1,2,1,,0,54.72634225238873,1,54.72634225238873
7.0013705999999996,100.461473,,1,False,,1,2,3,3,,0,68.73958155399957,1,68.73958155399957
6.9981959,100.4351788,,3,False,,0,2,2,1,,0,2231.3869720267976,1,72.6763930988467
6.998075700000002,100.4352349,,4,False,,1,1,2,0,,0,2234.5508486532462,1,74.10585493483019
6.998452699999998,100.4359952,,3,False,,2,1,3,1,,0,2142.5532231787274,1,134.04176168335562
6.998235199999999,100.4356762,,3,False,,0,1,1,1,,0,2185.0589370208136,1,125.77913381280196
7.000785399999998,100.4659787,,3,False,,1,4,5,2,,0,128.67863879562202,2,128.67863879562202
6.9993877,100.4667165,,1,False,,0,0,0,2,,0,120.78855042535078,2,120.78855042535078
7.0001695,100.4638826,,3,False,,2,3,5,2,,0,100.97388987106699,4,100.97388987106699
7.000458699999999,100.462256,,1,False,,1,4,5,3,,0,89.55915566914958,1,89.55915566914958
7.000238799999998,100.46274520000001,,1,False,,1,1,2,1,,0,133.609482023343,1,133.609482023343
7.001517799999999,100.4623009,,1,False,,0,1,1,1,,0,38.14212059428192,1,38.14212059428192
7.001822799999999,100.462925,,3,False,,0,0,0,2,,0,112.515772985226,1,112.515772985226
7.0012664000000004,100.4657607,,3,False,,0,1,1,1,,0,158.37500630923094,4,158.37500630923094
7.0007038999999995,100.4525363,,3,False,,0,1,1,1,,0,597.5153546714464,3,154.41617992970234
7.000685399999999,100.4512569,,3,False,,0,0,0,4,,0,738.4557240321014,3,62.439052824275024
7.0008555999999995,100.4528984,,3,False,,1,0,1,0,,0,556.1615028011488,2,162.91630217232057
7.0025517,100.4518131,,3,False,,0,0,0,3,,0,605.6671671822602,2,59.78236735513423
7.001402699999999,100.45095720000002,,3,False,,1,1,2,2,,0,752.1556317957137,3,36.49204282600349
7.0014459,100.4515079,,3,False,,0,0,0,1,,0,708.4104097179579,3,35.79403352358742
7.001585600000001,100.4655867,,1,False,,0,1,1,2,,0,123.77013752862077,4,123.77013752862077
7.0010862000000005,100.4534112,traffic_signals,3,False,,3,0,3,0,,0,498.1208952636739,2,183.52737875365867
7.001348700000001,100.4526945,,3,False,,0,1,1,2,,0,577.0798252714108,2,105.63672604789383
7.002691699999999,100.4522097,,3,False,,0,0,0,2,,0,583.0419283958033,2,68.70779425948358
7.002452099999999,100.4515305,,3,False,,1,0,1,1,,0,623.3868727798201,2,73.44181292618467
7.0013765,100.4508196,,3,False,,0,0,0,0,,0,759.4300758947484,3,49.56789725619533
7.002318599999998,100.4511645,,4,False,,2,1,3,1,,0,648.6076873483744,2,104.79849610802313
7.001469899999998,100.4512394,,1,False,,1,1,2,4,,0,736.5866744968092,3,24.345140091255853
7.0016621,100.4625404,,1,False,,2,0,2,1,,0,68.02155156794436,1,68.02155156794436
7.0022192,100.4627125,,3,False,,0,0,0,3,,0,127.74590317221744,1,127.74590317221744
6.9999391,100.4576298,,3,False,,0,0,0,0,,0,148.38640885877075,1,72.0635764927337
7.0002917,100.4584363,,3,False,,2,1,3,2,,0,111.49477542909521,5,111.49477542909521
7.0004877,100.4575146,,3,False,,0,1,1,1,,0,95.28541476417905,1,95.28541476417905
6.9993592,100.4579237,,1,False,,0,0,0,3,,0,195.35069283936778,1,96.10042310574359
7.000015,100.45856150000002,,3,False,,0,1,1,0,,0,121.32191711724825,3,121.32191711724825
7.000842199999999,100.4582262,,3,False,,0,1,1,1,,0,56.59659331998074,1,56.59659331998074
7.000887100000001,100.4572951,,3,False,,0,3,3,4,,0,79.54005944416787,1,79.54005944416787
6.999862199999999,100.4582311,,1,False,,1,1,2,3,,0,157.34878289396173,1,130.50843756041576
6.999291899999999,100.4581818,,1,False,,3,1,4,1,,0,166.04135034158736,1,125.5718015706183
7.002846199999999,100.4526489,,3,False,,0,0,0,1,,0,561.4812584920859,2,104.98143583452925
7.002738199999999,100.4523127,,3,False,,0,2,2,2,,0,576.5189306643051,2,76.7224380256694
7.001667,100.4518154,,1,False,,0,1,1,2,,0,675.6798892432224,2,54.734804159848984
7.001056199999999,100.4500416,,1,False,,0,0,0,0,,0,822.4603219813789,3,86.97712369552018
7.001414799999999,100.4501822,,1,False,,1,1,2,0,,0,779.8836304735617,3,119.3759636843899
7.0024855,100.450636,,1,False,,0,2,2,1,,0,651.3059533278199,3,152.53872967156443
7.0029732,100.4530042,,3,False,,0,1,1,1,,0,546.7430259618112,2,141.54405168011235
7.003381299999999,100.4519999,,1,False,,0,1,1,0,,0,511.654869240746,2,143.82718171275786
7.002201900000001,100.4663138,,3,False,,1,2,3,1,,0,79.35431917171476,3,79.35431917171476
7.000912600000001,100.464671,,1,False,,1,1,2,1,,0,129.82426068096632,4,129.82426068096632
7.001970300000001,100.4543274,,3,False,,1,0,1,1,,0,404.48400934971755,2,248.25238524033222
7.0017171,100.454872,,3,False,,1,1,2,0,,0,340.33574981175354,2,310.758438691273
7.0016693,100.4534319,,1,False,,0,1,1,1,,0,497.6687705362228,2,155.87327922371983
7.0030456999999995,100.4532118,,3,False,,0,2,2,1,,0,539.6264206428881,2,163.92139574794894
7.002623500000001,100.4542724,,3,False,,2,0,2,2,,0,430.33476967829137,2,249.12758100750372
7.002445800000001,100.4536241,,3,False,,0,0,0,1,,0,492.35782578950995,2,174.88789313623306
7.002742900000001,100.4547075,,3,False,,2,0,2,0,,0,391.1167510876028,2,298.9662082591838
7.0019898,100.4554974,,3,False,,0,0,0,0,,0,279.53419593954146,1,279.53419593954146
7.003445600000001,100.4612346,,1,False,,0,0,0,1,,0,260.2739396421163,1,260.2739396421163
7.001610900000001,100.4624283,,1,False,,0,1,1,2,,0,55.18541943100152,1,55.18541943100152
7.001203799999999,100.4666017,,3,False,,1,1,2,2,,0,102.02084402777827,2,102.02084402777827
7.001460099999998,100.4665667,,3,False,,1,1,2,0,,0,128.73250322950696,2,128.73250322950696
7.0016858,100.466536,,3,False,,1,1,2,0,,0,139.73203937445723,4,139.73203937445723
7.001386699999999,100.4659851,,3,False,,1,1,2,2,,0,161.95680375630099,2,161.95680375630099
7.001867200000001,100.4665112,,3,False,,0,0,0,0,,0,119.58697195182171,3,119.58697195182171
7.0016099999999994,100.4659568,,3,False,,2,1,3,2,,0,148.08114785489718,4,148.08114785489718
7.001239599999999,100.4660037,,1,False,,0,3,3,0,,0,150.03435224579542,2,150.03435224579542
7.003292699999999,100.4815871,,1,False,,1,1,2,1,,0,55.82427456240729,5,55.82427456240729
7.0033449,100.4808398,,1,False,,2,3,5,3,,0,63.72473444367408,1,63.72473444367408
7.0049533,100.4579853,,1,False,,0,2,2,0,,0,98.81180511582373,4,98.81180511582373
7.007276,100.4585344,,1,False,,0,2,2,0,,0,31.95842962134298,4,31.95842962134298
7.006730800000001,100.4591577,,3,False,,0,0,0,2,,0,59.571542115082956,4,59.571542115082956
7.007940699999998,100.459683,,3,False,,2,0,2,1,,0,136.5105249899975,5,136.5105249899975
7.005227099999998,100.4562769,,3,False,,1,0,1,0,,0,274.0439008834473,4,274.0439008834473
7.004853599999999,100.4558883,,1,False,,2,0,2,1,,0,322.24828817322003,4,322.24828817322003
7.0076358,100.4598827,,4,False,,1,0,1,1,,0,139.26207278267808,4,139.26207278267808
7.0053151,100.4548713,,3,False,,0,0,0,0,,0,359.72320109476976,2,359.72320109476976
7.0052701,100.4555444,,1,False,,1,0,1,1,,0,354.5419755634341,4,354.5419755634341
7.007697399999998,100.4599224,,3,False,,0,0,0,2,,0,146.2522540635818,4,146.2522540635818
7.0055516,100.4555738,,3,False,,0,0,0,0,,0,351.24003727777887,4,351.24003727777887
7.008303799999999,100.4594975,,3,False,,0,0,0,2,,0,96.20424002993317,5,96.20424002993317
7.007329799999998,100.460114,,3,False,,0,0,0,0,,0,153.14613888983914,4,153.14613888983914
7.0052430999999995,100.4581866,,1,False,,0,1,1,2,,0,65.13922040970131,4,65.13922040970131
7.0052826999999995,100.4562334,,3,False,,0,0,0,2,,0,278.4414285306964,4,278.4414285306964
7.005919400000001,100.4567019,,3,False,,1,1,2,2,,0,233.01360294574545,4,233.01360294574545
7.007974999999999,100.4588848,,3,False,,1,0,1,2,,0,86.98557866084666,5,86.98557866084666
7.008691,100.45929970000002,,3,False,,0,0,0,1,,0,61.08279773746735,5,61.08279773746735
7.005671499999998,100.4559298,,3,False,,3,2,5,2,,0,312.8619165356987,4,312.8619165356987
7.005127699999999,100.4559642,,1,False,,2,0,2,1,,0,309.44400973751584,4,309.44400973751584
7.005768599999999,100.4562321,,3,False,,1,1,2,2,,0,280.8995447378894,4,280.8995447378894
7.0077537,100.4584985,,3,False,,1,2,3,1,,0,66.7619345739624,4,66.7619345739624
7.006008999999999,100.4560261,,3,False,,0,0,0,0,,0,296.8700016660135,4,296.8700016660135
7.007295799999998,100.4588758,,1,False,,0,1,1,1,,0,27.298358414969996,4,27.298358414969996
7.0078576,100.4589668,,1,False,,1,0,1,1,,0,88.90754151327236,4,88.90754151327236
7.007880199999998,100.4579619,,1,False,,0,1,1,3,,0,6.421642843192481,4,6.421642843192481
7.009095499999999,100.4591349,,3,False,,0,1,1,1,,0,57.167550288524154,5,57.167550288524154
7.0058332,100.4554586,,1,False,,0,0,0,1,,0,356.14112345509614,4,356.14112345509614
7.0064954,100.4556061,,3,False,,1,2,3,5,,0,297.989142476717,5,297.989142476717
7.0078594,100.4576493,,3,False,,0,3,3,2,,0,30.211027340047508,4,30.211027340047508
7.006415699999997,100.4554064,,3,False,,0,0,0,4,,0,317.7401634440789,5,317.7401634440789
7.0083676,100.4575065,,3,False,,0,1,1,0,,0,63.039900222674724,5,63.039900222674724
7.006294399999999,100.4548252,,4,False,,0,0,0,1,,0,276.8490656983342,2,276.8490656983342
7.006445500000001,100.45505650000001,,4,False,,1,0,1,0,,0,286.98430557319864,2,286.98430557319864
7.0064494999999996,100.4547383,,1,False,,1,1,2,0,,0,258.5131500579972,2,258.5131500579972
7.005772599999999,100.4550858,,1,False,,1,2,3,2,,0,337.11868784680996,2,337.11868784680996
7.006598699999999,100.4552907,,4,False,,1,0,1,3,,0,300.06550563687966,2,300.06550563687966
7.006629700000001,100.4549484,,1,False,,0,0,0,2,,0,265.7870267962998,2,265.7870267962998
7.005888499999998,100.4553321,,1,False,,0,0,0,1,,0,348.5965870669344,2,348.5965870669344
7.0076537000000005,100.4569221,,3,False,,0,2,2,2,,0,113.66692006438363,4,113.66692006438363
7.007332800000001,100.4564284,,3,False,,0,2,2,2,,0,172.61552241421006,5,172.61552241421006
7.0067485000000005,100.4555228,,3,False,,0,0,0,3,,0,280.5597408867504,5,280.5597408867504
7.0068124,100.4551532,,1,False,,0,1,1,3,,0,275.62825002793767,2,275.62825002793767
7.007783399999998,100.4571242,,3,False,,1,1,2,4,,0,88.78690333211019,4,88.78690333211019
7.008531099999998,100.4564392,,1,False,,1,0,1,0,,0,75.17074194179474,5,75.17074194179474
7.007201299999999,100.4562247,,3,False,,1,0,1,2,,0,195.77770488728294,5,195.77770488728294
7.0076823,100.4562059,,1,False,,2,0,2,1,,0,152.76791752145206,5,152.76791752145206
7.0058752,100.4556709,,1,False,,0,2,2,1,,0,335.45175276816116,4,335.45175276816116
7.008295499999998,100.457229,,3,False,,0,1,1,1,,0,52.77340199357324,5,52.77340199357324
7.018616700000001,100.4659641,,1,False,,0,0,0,1,,0,98.23743309323105,4,98.23743309323105
7.018470400000001,100.4655866,,1,False,,0,0,0,0,,0,64.04685805784858,4,64.04685805784858
7.005916600000002,100.4836379,,1,False,,2,0,2,2,,0,38.8932168055615,1,38.8932168055615
7.006573500000001,100.4830517,,1,False,,0,1,1,2,,0,85.04274870635757,1,85.04274870635757
7.0106706999999995,100.48436380000001,,1,False,,0,2,2,1,,0,119.67022034007881,5,119.67022034007881
7.010933399999999,100.4832818,,1,False,,0,1,1,2,,0,137.28231776834275,3,137.28231776834275
7.012404699999999,100.4898703,,1,False,,1,1,2,3,,0,136.10980239123558,2,136.10980239123558
7.013836699999999,100.4900955,,1,False,,3,2,5,1,,0,57.39316092080234,3,57.39316092080234
7.018268,100.4961798,,1,False,,0,2,2,1,,0,39.618475583857865,4,39.618475583857865
7.0149465,100.4837343,,1,False,,0,0,0,0,,0,107.24997959297158,2,107.24997959297158
7.0216692,100.4864642,,3,False,,0,0,0,1,,0,394.67316475805615,4,140.5167661211921
7.021454599999999,100.4872642,,1,False,,0,0,0,0,,0,480.8602636268735,5,116.50490177890448
7.020640499999998,100.4862758,,1,False,,0,2,2,2,,0,348.68165775554036,4,24.915907156945057
7.0212957,100.4856973,,3,False,,0,1,1,2,,0,307.25369613106614,1,102.03160740372971
7.021117399999999,100.4885899,,3,False,,0,1,1,0,,0,489.63388538015096,2,22.975850279509316
7.020603600000001,100.4877111,,1,False,,2,1,3,1,,0,464.5453612913849,5,72.37269393979345
7.016149,100.4903784,,1,False,,1,1,2,1,,0,11.942330056208105,1,11.942330056208105
7.018297099999997,100.4904956,,3,False,,1,0,1,1,,0,134.50587882091156,1,97.23878351938242
7.021118299999999,100.4952265,,3,False,,2,2,4,5,,0,266.26859688280905,5,105.21188915796895
7.022198699999999,100.49509090000001,,1,False,,0,1,1,1,,0,312.4602076000023,4,38.18587429150348
7.022225199999999,100.4948384,,1,False,,0,2,2,2,,0,340.45827003885825,4,65.78663394212911
7.021125499999999,100.4950244,,1,False,,1,0,1,1,,0,284.30603835345863,5,92.29830135130055
7.020686099999999,100.4951447,,1,True,โรงเรียนเทศบาล 3 (โศภนพิทยาคุณานุสรณ์),0,0,0,2,,0,246.4702330110267,5,68.80730342923029
7.0211579,100.4957595,,1,False,,2,1,3,1,,0,227.4004789909673,4,109.12276143918989
7.0265911999999995,100.4794034,,3,False,,2,0,2,0,,0,42.647561908617924,3,42.647561908617924
7.0263893,100.478511,,3,False,,2,0,2,1,,0,67.44544360125224,2,67.44544360125224
7.025802999999998,100.4785347,,4,False,,0,0,0,0,,0,84.29536742029785,2,84.29536742029785
7.0284711999999985,100.4789467,,3,False,,1,1,2,1,,0,37.719833840941426,3,37.719833840941426
7.029578500000001,100.4801661,,3,False,,0,2,2,2,,0,27.687881628890832,3,27.687881628890832
7.0269188,100.4793979,,3,False,,0,0,0,2,,0,27.399897348964963,2,27.399897348964963
7.026634400000002,100.4784957,,3,False,,2,1,3,4,,0,57.04311730746511,3,57.04311730746511
7.026355699999998,100.4765752,,3,False,,2,2,4,0,,0,57.3430865507815,3,57.3430865507815
7.025722900000001,100.4791995,,1,False,,2,2,4,1,,0,72.08216249723806,3,72.08216249723806
7.025391800000001,100.4775882,,3,False,,1,0,1,1,,0,101.60406896974321,2,101.60406896974321
7.0247494999999995,100.4788056,,4,False,,2,0,2,0,,0,186.8579861145036,3,186.8579861145036
7.0284525,100.4781816,,3,False,,2,0,2,2,,0,70.89287710593767,5,44.03458683381107
7.0279062,100.4791412,,1,False,,1,0,1,1,,0,43.23567673741588,4,43.23567673741588
7.026971299999999,100.4793991,,3,False,,1,0,1,2,,0,23.82820272065362,2,23.82820272065362
7.0311539000000005,100.5006418,,3,False,,1,0,1,5,,0,68.02983700307104,3,68.02983700307104
7.045945799999998,100.5036367,,3,False,,0,0,0,0,,0,1451.0038620111443,1,560.3255665980208
7.046275,100.5041093,,3,False,,0,0,0,2,,0,1494.0847895581421,1,556.3746026401923
7.008964499999999,100.4569368,,3,False,,1,3,4,0,,0,28.718219483965726,5,28.718219483965726
7.0095978,100.4588403,,3,False,,3,1,4,1,,0,10.104217906715196,2,10.104217906715196
7.0069029,100.4557622,,3,False,,1,0,1,4,,0,251.05025398540076,5,251.05025398540076
7.0069797000000005,100.4553814,,1,False,,0,1,1,2,,0,271.44296990483116,5,271.44296990483116
7.007056199999999,100.45599970000002,,3,False,,3,0,3,2,,0,222.29868848456596,5,222.29868848456596
7.007172700000002,100.45559140000002,,1,False,,0,0,0,1,,0,239.98628797863896,5,239.98628797863896
7.008834799999999,100.4565637,,1,False,,0,1,1,1,,0,58.172122442437086,5,58.172122442437086
7.008092499999999,100.45692,,1,False,,2,0,2,0,,0,74.91362435595991,5,74.91362435595991
7.009858599999999,100.4587084,,3,False,,3,0,3,0,,0,30.784637421437377,2,30.784637421437377
7.007553599999999,100.4560167,,1,False,,2,1,3,1,,0,177.17545412398223,5,177.17545412398223
7.007388899999999,100.45579110000001,,1,False,,0,1,1,3,,0,207.4559496750508,5,207.4559496750508
7.009452099999998,100.4622348,,3,False,,2,1,3,0,,0,152.36707527574478,5,152.36707527574478
7.010875899999998,100.4642751,,3,False,,2,0,2,1,,0,135.96504452116127,3,135.96504452116127
7.009191499999999,100.4632008,,1,False,,0,0,0,2,,0,77.88091980709473,5,77.88091980709473
7.009688399999999,100.4627056,,3,False,,2,0,2,0,,0,155.18757339301186,5,155.18757339301186
7.009381299999999,100.4655717,,3,False,,0,0,0,0,,0,111.4613412257718,2,111.4613412257718
7.009968099999997,100.4661455,,3,False,,2,0,2,3,,0,50.929517698247345,2,50.929517698247345
7.0112815999999984,100.4653333,,4,False,,0,0,0,1,,0,96.08894658733503,3,96.08894658733503
7.010882699999999,100.4649157,,3,False,,0,1,1,1,,0,75.62654995989861,3,75.62654995989861
7.011724999999998,100.4652793,,4,False,,1,0,1,1,,0,114.33309281486649,4,114.33309281486649
7.0121951000000005,100.4649124,,1,False,,4,4,8,2,,0,148.2993011805149,4,148.2993011805149
7.011277199999998,100.4659606,,3,False,,1,1,2,0,,0,94.70495324844474,4,94.70495324844474
7.0124939,100.4646506,,4,False,,1,0,1,1,,0,182.44731409579873,5,182.44731409579873
7.012960899999999,100.4650888,,3,False,,0,1,1,1,,0,155.1569405586411,1,155.1569405586411
7.009392000000001,100.4621102,,3,False,,1,1,2,1,,0,147.8901183529709,5,147.8901183529709
7.0101044,100.4585841,,3,False,,0,0,0,0,,0,60.465750342518525,2,60.465750342518525
7.009223099999999,100.4568995,,1,False,,1,0,1,4,,0,44.71435214745377,2,44.71435214745377
7.009340199999999,100.462808,,1,False,,0,1,1,0,,0,122.84758779625115,5,122.84758779625115
7.0091978,100.4617864,,3,False,,0,0,0,2,,0,147.23856769904637,5,147.23856769904637
7.010062699999999,100.4619239,,3,False,,2,0,2,0,,0,84.11736499229534,5,84.11736499229534
7.0081361,100.465725,,1,False,,1,0,1,0,,0,143.2448995935671,4,143.2448995935671
7.0084301999999985,100.4656925,,3,False,,0,0,0,1,,0,127.5467772970509,4,127.5467772970509
7.0089084999999995,100.46563090000001,,3,False,,0,1,1,1,,0,117.05981883022292,4,117.05981883022292
7.008546,100.4661904,,3,False,,1,0,1,1,,0,120.7318119085324,2,120.7318119085324
7.009197899999999,100.4655944,,3,False,,1,1,2,1,,0,119.56245584275605,2,119.56245584275605
7.0090438,100.4662496,,3,False,,1,0,1,0,,0,151.81497509800684,2,151.81497509800684
7.008293699999999,100.46621760000001,,1,False,,1,0,1,2,,0,104.34249244011528,2,104.34249244011528
7.009138400000001,100.4652137,,3,False,,0,1,1,0,,0,81.82468435528062,4,81.82468435528062
7.009497,100.46619070000001,,3,False,,0,1,1,2,,0,101.90980643550898,2,101.90980643550898
7.008933000000001,100.4652385,,1,False,,0,0,0,2,,0,75.16148458033545,4,75.16148458033545
7.0096542,100.4653822,,1,False,,0,1,1,1,,0,84.40133783053854,3,84.40133783053854
7.010309799999999,100.4584803,,3,False,,2,0,2,1,,0,63.383931247356465,3,63.383931247356465
7.0103027,100.4618622,,3,False,,0,0,0,3,,0,68.80255449960708,5,68.80255449960708
7.011295499999998,100.46484810000001,,4,False,,0,0,0,0,,0,115.7182026577634,3,115.7182026577634
7.0090305,100.4615029,,3,False,,0,1,1,1,,0,155.8112278733691,5,155.8112278733691
7.0099915,100.4615157,,1,False,,2,2,4,2,,0,55.427858184480314,5,55.427858184480314
7.010227499999999,100.4630337,,1,False,,0,2,2,1,,0,181.54324310014042,5,181.54324310014042
7.008986499999999,100.4614044,,3,False,,1,1,2,1,,0,159.06835780859794,5,159.06835780859794
7.0086,100.461713,,1,False,,0,0,0,1,,0,207.30166185856638,5,207.30166185856638
7.0099535,100.4606442,,4,False,,2,0,2,2,,0,84.27977995981182,5,84.27977995981182
7.010616699999999,100.4583251,,3,False,,1,1,2,2,,0,50.25536892013164,3,50.25536892013164
7.008874699999997,100.4611667,,3,False,,1,0,1,3,,0,170.76227464428305,5,170.76227464428305
7.009804800000002,100.4611723,,1,False,,0,1,1,3,,0,68.203961929977,5,68.203961929977
7.008434599999999,100.46139340000002,,1,False,,1,2,3,3,,0,219.75321441834,5,219.75321441834
7.008985599999998,100.4609725,,3,False,,0,0,0,3,,0,161.19311712866113,5,161.19311712866113
7.0086122,100.460315,,1,False,,0,0,0,1,,0,173.57848907202288,5,173.57848907202288
7.010367899999999,100.460569,,3,False,,0,0,0,1,,0,75.43270840031825,5,75.43270840031825
7.009396099999998,100.45904490000001,,3,False,,0,0,0,3,,0,38.603872522375255,2,38.603872522375255
7.010742800000001,100.4604923,,4,False,,1,0,1,0,,0,91.15182444259624,5,91.15182444259624
7.0117401,100.4647584,,4,False,,1,0,1,3,,0,163.42355222865703,3,163.42355222865703
7.0117412,100.4644461,,3,False,,3,1,4,1,,0,181.52758397040083,3,181.52758397040083
7.012109199999999,100.4644416,,1,False,,0,0,0,1,,0,190.67947472321202,2,190.67947472321202
7.011885,100.4625578,,3,False,,1,1,2,5,,0,120.77752151720722,2,120.77752151720722
7.012308600000001,100.4625382,,4,False,,0,1,1,1,,0,79.18236534111547,2,79.18236534111547
7.011004,100.4604663,,3,False,,1,1,2,3,,0,108.23829071999222,5,108.23829071999222
7.0103096,100.4585805,,3,False,,3,1,4,2,,0,74.2925234872573,3,74.2925234872573
7.010883599999999,100.459089,,1,False,,0,1,1,0,,0,139.43680782943457,3,139.43680782943457
7.0099677,100.45875960000001,,3,False,,2,0,2,0,,0,42.51734933757313,2,42.51734933757313
7.010214399999999,100.4600521,,1,False,,0,0,0,2,,0,134.22570350365513,5,134.22570350365513
7.011728,100.460758,,3,False,,1,2,3,1,,0,67.07290209568627,2,67.07290209568627
7.0110087000000005,100.4581246,,3,False,,0,1,1,0,,0,69.38209372643301,3,69.38209372643301
7.012610199999998,100.4613714,,3,False,,1,0,1,1,,0,59.786112496518406,2,59.786112496518406
7.0133798999999994,100.4650755,,4,False,,3,0,3,0,,0,136.0640616388597,1,136.0640616388597
7.011724399999999,100.46034370000001,,3,False,,0,0,0,1,,0,107.71134272898259,2,107.71134272898259
7.011452700000002,100.4607891,,1,False,,1,0,1,2,,0,86.34969925266674,2,86.34969925266674
7.0113363,100.457952,,3,False,,0,1,1,1,,0,101.76990675846514,3,101.76990675846514
7.0104322,100.4564053,,1,False,,1,0,1,4,,0,17.24396555284829,3,17.24396555284829
7.013453199999998,100.465359,,1,False,,0,0,0,0,,0,103.76811806880656,1,103.76811806880656
7.0114114999999995,100.4603406,,1,False,,2,0,2,1,,0,124.95776053235892,2,124.95776053235892
7.013050999999999,100.4654867,,1,False,,0,2,2,3,,0,114.39739101655906,1,114.39739101655906
7.011483499999999,100.4599309,,1,False,,1,0,1,2,,0,160.1240173294497,2,160.1240173294497
7.013096499999999,100.4704554,,1,False,,1,0,1,0,,0,72.39236100818596,4,72.39236100818596
7.0148474,100.4561815,,3,False,,0,0,0,0,,0,30.16582977919914,3,30.16582977919914
7.0149625,100.4569005,,3,False,,3,0,3,2,,0,83.20593287693737,3,83.20593287693737
7.015729499999999,100.4570727,,1,False,,1,1,2,4,,0,107.58557625090971,2,107.58557625090971
7.020059999999999,100.4664098,,3,False,,1,2,3,0,,0,43.212263589134245,3,43.212263589134245
7.019288499999999,100.4689344,,1,False,,0,0,0,1,,0,126.40817096238416,3,126.40817096238416
7.020403,100.466367,,3,False,,1,0,1,2,,0,13.01448431939058,3,13.01448431939058
7.0199683,100.465713,,1,False,,2,0,2,1,,0,77.31906274471328,3,77.31906274471328
7.020795499999999,100.4663142,,3,False,,0,0,0,1,,0,42.48861631371436,3,42.48861631371436
7.020311999999998,100.4656123,,1,False,,2,0,2,2,,0,71.39877290403399,3,71.39877290403399
7.021172099999998,100.466265,,4,False,,0,0,0,1,,0,8.772310337788282,2,8.772310337788282
7.020935199999999,100.4680625,,1,False,,0,2,2,3,,0,38.3591982351642,2,38.3591982351642
7.021591899999999,100.46620840000001,,3,False,,1,0,1,1,,0,38.0865293387671,2,38.0865293387671
7.021085599999999,100.4655209,,1,False,,0,0,0,0,,0,21.520201948659103,3,21.520201948659103
7.021333099999999,100.4680835,,1,False,,0,0,0,0,,0,20.595844243301286,2,20.595844243301286
7.021538199999999,100.4654897,,1,False,,1,0,1,2,,0,32.87549783538525,3,32.87549783538525
7.022013200000001,100.462937,,3,False,,2,0,2,2,,0,84.42639920293814,1,84.42639920293814
7.021989500000002,100.4661393,,4,False,,0,1,1,0,,0,82.68533831762882,2,82.68533831762882
7.022344299999999,100.4660877,,4,False,,0,1,1,3,,0,65.78465120710672,5,65.78465120710672
7.022016299999997,100.4621574,,1,False,,0,0,0,3,,0,11.041270406425628,3,11.041270406425628
7.0244342,100.4592471,,3,False,,0,0,0,1,,0,40.643439384114494,2,40.643439384114494
7.021394299999999,100.4541695,,1,False,,1,0,1,3,,0,48.4253908041499,2,48.4253908041499
7.0213367,100.4539308,,1,False,,1,0,1,2,,0,72.72741218670285,2,72.72741218670285
7.0227505,100.466037,,4,False,,0,2,2,1,,0,29.8567225972873,5,29.8567225972873
7.0222902,100.4653674,,1,False,,1,0,1,1,,0,110.91918956201089,4,110.91918956201089
7.022363,100.4692263,,1,False,,0,1,1,1,,0,180.12292399415244,5,180.12292399415244
7.025367799999998,100.4572471,,3,False,,0,1,1,2,,0,18.882772321980365,5,18.882772321980365
7.024856599999999,100.4562605,,3,True,โรงเรียนนานาชาติเซาท์เทิร์น หาดใหญ่,0,0,0,2,,0,95.79797873370917,2,95.79797873370917
7.027332199999998,100.4534675,,3,False,,0,2,2,2,,0,171.80984147890575,3,71.77267203937362
7.022671199999999,100.465324,,1,False,,0,0,0,0,,0,86.21459673779859,4,86.21459673779859
7.0227993,100.46866370000001,,1,False,,0,1,1,0,,0,190.16914274257573,2,190.16914274257573
7.0239674,100.4552577,,3,False,,0,0,0,2,,0,70.33898162194896,5,70.33898162194896
7.023554999999999,100.465924,,3,False,,1,0,1,2,,0,41.9785920622851,3,41.9785920622851
7.023953099999998,100.4658702,,3,False,,1,1,2,0,,0,47.59334971842846,3,47.59334971842846
7.0241069,100.4701423,,3,False,,1,0,1,1,,0,157.45360338234983,4,157.45360338234983
7.0234618,100.4719824,,4,False,,1,1,2,1,,0,172.5801214077051,2,172.5801214077051
7.0239827,100.4552736,,3,False,,0,0,0,0,,0,68.27402781111054,5,68.27402781111054
7.0242289,100.4538848,,1,False,,0,0,0,0,,0,41.92799695902744,5,41.92799695902744
7.024117399999998,100.4554338,,3,False,,0,1,1,1,,0,51.55857380048481,5,51.55857380048481
7.025019,100.45611660000002,,3,False,,0,0,0,0,,0,91.10872876845387,5,91.10872876845387
7.0268823000000005,100.4534858,,3,False,,0,0,0,1,,0,139.9708637147294,3,118.04778628287164
7.023926899999999,100.4553881,,3,False,,0,0,0,3,,0,72.6582631105148,5,72.6582631105148
7.025489299999999,100.4561412,,1,False,,0,0,0,1,,0,104.39669772619003,5,104.39669772619003
7.0251383,100.4557508,,3,False,,0,0,0,1,,0,71.61659827814135,5,71.61659827814135
7.026972899999999,100.4528163,,1,False,,2,0,2,2,,0,210.95479302934228,3,146.74019580781112
7.026534400000001,100.4534999,,3,False,,0,1,1,2,,0,123.76037359880925,1,123.76037359880925
7.0254173,100.4535452,,3,False,,0,1,1,3,,0,94.95678611167054,5,94.95678611167054
7.024868099999999,100.4516685,,4,False,,0,1,1,2,,0,55.60661676818109,3,55.60661676818109
7.0254430999999995,100.4529607,,1,False,,1,1,2,2,,0,95.19905475576822,2,95.19905475576822
7.025792099999999,100.45353,,3,False,,0,1,1,1,,0,126.91133318795792,1,126.91133318795792
7.023865300000001,100.4553582,,3,False,,0,0,0,0,,0,79.6638452454037,5,79.6638452454037
7.023834,100.4588695,,1,False,,0,0,0,2,,0,114.39374379605373,2,114.39374379605373
7.0238495,100.456872,,4,False,,0,0,0,0,,0,69.59440047903894,3,69.59440047903894
7.023844999999999,100.4564428,,3,False,,3,0,3,2,,0,23.750440258677333,3,23.750440258677333
7.024639400000001,100.4568706,,1,False,,0,0,0,1,,0,24.306900954426514,2,24.306900954426514
7.0237046,100.4567256,,1,False,,0,2,2,4,,0,52.78401282367133,3,52.78401282367133
7.0245734,100.4566455,,1,False,,3,0,3,1,,0,48.38454407346037,2,48.38454407346037
7.0238561,100.4553408,,3,False,,1,1,2,1,,0,80.85451344999194,5,80.85451344999194
7.0259602999999995,100.4523228,,1,False,,1,1,2,1,,0,154.54888311290912,3,154.54888311290912
7.0252406,100.4553817,,3,False,,3,1,4,1,,0,72.78450535284752,5,72.78450535284752
7.025655900000001,100.4557864,,1,False,,0,0,0,1,,0,125.44370237133711,5,125.44370237133711
7.025930600000001,100.4554335,,3,False,,1,0,1,0,,0,100.34790851475736,1,100.34790851475736
7.0259671,100.4550377,,3,False,,0,0,0,2,,0,59.14861737166516,1,59.14861737166516
7.026365499999999,100.4549737,,1,False,,0,1,1,1,,0,44.97930396113356,1,44.97930396113356
7.024531700000002,100.47562670000002,,3,False,,0,0,0,4,,0,69.0994410798368,2,69.0994410798368
7.024809299999999,100.4757203,,3,False,,2,0,2,1,,0,63.63360451882803,2,63.63360451882803
7.024383399999999,100.4756734,,3,False,,0,0,0,3,,0,67.43124362939926,2,67.43124362939926
7.024447799999999,100.4744715,,1,False,,0,3,3,1,,0,107.85017386388273,3,107.85017386388273
7.025239200000001,100.4758761,,3,False,,0,2,2,0,,0,54.420532042453395,4,54.420532042453395
7.024781599999998,100.4770943,,3,False,,1,2,3,4,,0,21.958430958955677,3,21.958430958955677
7.024373599999999,100.4770617,,4,False,,1,1,2,1,,0,23.315744767291438,3,23.315744767291438
7.025158499999999,100.4775194,,3,False,,0,1,1,4,,0,79.79032434780967,3,79.79032434780967
7.0260938999999984,100.476183,,3,False,,1,1,2,0,,0,100.95661695783977,3,100.95661695783977
7.024764199999999,100.4774657,,1,False,,0,0,0,1,,0,46.74006280087968,3,46.74006280087968
7.0236408,100.4758773,,3,False,,0,0,0,2,,0,90.04342516804526,1,90.04342516804526
7.024370299999998,100.477462,,1,False,,0,1,1,1,,0,48.01253317035955,3,48.01253317035955
7.024181600000001,100.4770582,,1,False,,0,2,2,1,,0,44.51156742991391,3,44.51156742991391
7.025151199999999,100.4778162,,3,False,,0,1,1,1,,0,102.46593214740733,3,102.46593214740733
7.0230895,100.4760148,,3,False,,0,1,1,2,,0,32.25714585132632,1,32.25714585132632
7.0236692,100.4767034,,1,False,,0,0,0,1,,0,42.916134223256854,4,42.916134223256854
7.0244313,100.4780114,,3,False,,2,0,2,2,,0,103.90359113083262,3,103.90359113083262
7.024573499999999,100.4783946,,3,False,,1,0,1,2,,0,144.87505208291827,3,144.87505208291827
7.0256492,100.4775421,,3,False,,3,1,4,3,,0,78.27239048188154,2,78.27239048188154
7.0259109,100.4556477,,1,False,,0,0,0,0,,0,123.42561680569582,1,123.42561680569582
7.026097299999999,100.4550455,,1,False,,0,3,3,2,,0,53.77996537025191,1,53.77996537025191
7.0245975000000005,100.46945700000002,,1,False,,0,0,0,2,,0,91.65460660646326,4,91.65460660646326
7.024574099999999,100.4700699,,4,False,,0,0,0,1,,0,107.56868499091877,4,107.56868499091877
7.0249801000000005,100.4711672,,3,False,,2,0,2,2,,0,173.10368725064595,4,173.10368725064595
7.025944599999999,100.4703657,,3,False,,0,0,0,2,,0,92.79997470905849,2,92.79997470905849
7.024467799999999,100.4720041,,3,False,,1,1,2,1,,0,197.2750112536467,4,197.2750112536467
7.0245823,100.4697936,,1,False,,1,1,2,0,,0,95.146020723497,4,95.146020723497
7.024936399999999,100.4719331,,4,False,,1,1,2,1,,0,146.2067619595225,4,146.2067619595225
7.025331200000001,100.471168,,4,False,,0,3,3,1,,0,143.3524660640642,4,143.3524660640642
7.0267767999999995,100.4770819,,1,False,,0,0,0,2,,0,58.2554250783821,3,58.2554250783821
7.027738399999999,100.477448,,1,False,,2,1,3,1,,0,145.19063294571956,2,118.89972409692312
7.0284204,100.4771245,,3,False,,1,2,3,1,,0,176.62461377491869,2,36.73082720775133
7.0286694,100.4799923,,1,False,,0,1,1,4,,0,47.724023427063145,5,47.724023427063145
7.0284368,100.4777182,,3,False,,0,1,1,1,,0,119.13936381811526,5,40.991902212382136
7.0267536,100.477993,,3,False,,1,0,1,0,,0,56.32464807385628,2,56.32464807385628
7.0265712,100.4774862,,1,False,,1,0,1,2,,0,56.944665166001,3,56.944665166001
7.029258799999999,100.47675630000002,,3,False,,1,1,2,1,,0,227.33779873587557,2,66.86667930093516
7.0291318,100.4787697,,3,False,,0,2,2,1,,0,42.27676037413697,3,42.27676037413697
7.0277078,100.47827010000002,,3,False,,0,0,0,1,,0,57.832274991500775,4,57.832274991500775
7.026824599999999,100.478497,,3,False,,1,0,1,1,,0,39.99895114646553,3,39.99895114646553
7.026748799999999,100.47753670000002,,1,False,,3,2,5,3,,0,69.31632303132425,2,69.31632303132425
7.027815399999999,100.4785785,,1,False,,1,0,1,2,,0,22.009288156010093,4,22.009288156010093
7.0274380999999995,100.4784932,,3,False,,1,0,1,0,,0,48.415225654124406,3,48.415225654124406
7.027009999999998,100.4785006,,3,False,,0,1,1,1,,0,28.722515373299263,3,28.722515373299263
7.027384799999997,100.4793946,,3,False,,0,1,1,1,,0,39.32112144519707,2,39.32112144519707
7.029037899999999,100.4753539,,1,False,,2,2,4,3,,0,232.30346878101267,3,32.583341756740566
7.029140899999999,100.4790164,,1,False,,2,2,4,2,,0,52.295528541788805,3,52.295528541788805
7.0289257,100.4787858,,1,False,,0,1,1,2,,0,19.827999120041163,3,19.827999120041163
7.029820199999999,100.4789549,,1,False,,0,0,0,2,,0,69.7356809325599,4,69.7356809325599
7.029251799999998,100.4755416,,1,False,,0,0,0,3,,0,252.244525324156,3,57.18148352086111
7.016892,100.4909818,,3,False,,0,0,0,2,,0,65.92582322419501,3,65.92582322419501
7.0156244999999995,100.4910619,,3,False,,0,0,0,4,,0,99.3303141843371,1,99.3303141843371
7.0153152,100.4907112,,1,False,,2,2,4,2,,0,108.37456125017958,1,108.37456125017958
7.018391899999999,100.4908137,,3,False,,2,1,3,1,,0,151.20879374901432,1,62.38419755230146
7.015709000000001,100.4913985,,1,False,,0,0,0,0,,0,123.88073884898468,3,123.88073884898468
7.018444299999999,100.4909843,,1,False,,0,2,2,1,,0,163.04474040603628,1,44.77221513623038
7.0226223,100.4770249,,1,False,,0,1,1,0,,0,59.94924605408163,4,59.94924605408163
7.023618899999998,100.4721743,,3,False,,1,3,4,0,,0,198.14813093987945,2,198.14813093987945
7.023179700000001,100.4762842,,3,False,,0,0,0,1,,0,29.33145686554597,1,29.33145686554597
7.0235633,100.4761958,,1,False,,0,3,3,1,,0,71.75700111013145,1,71.75700111013145
7.0232745,100.4765671,,3,False,,2,1,3,1,,0,52.85057442921689,1,52.85057442921689
7.023562200000001,100.4764732,,1,False,,0,1,1,1,,0,70.53516380578594,5,70.53516380578594
7.0233365999999995,100.4767522,,4,False,,2,0,2,1,,0,58.55138757163245,4,58.55138757163245
7.023585799999999,100.4705594,,1,False,,1,1,2,3,,0,182.8286061252102,2,182.8286061252102
7.024539399999999,100.4735126,,3,False,,0,0,0,2,,0,152.9870424552573,3,152.9870424552573
7.024313499999999,100.4721789,,3,False,,0,3,3,3,,0,214.40377052980645,4,214.40377052980645
7.0235264,100.4730921,,1,False,,1,0,1,0,,0,175.35267175833837,2,175.35267175833837
7.023916899999999,100.4726157,,3,False,,1,0,1,0,,0,238.36327318627252,2,238.36327318627252
7.023844499999999,100.4721322,,3,False,,1,2,3,1,,0,217.7825871091908,2,217.7825871091908
7.023901999999998,100.4721049,,3,False,,1,0,1,4,,0,222.18805537307313,2,222.18805537307313
7.0239401,100.4706273,,1,False,,1,0,1,1,,0,199.91072167779288,4,199.91072167779288
7.024937799999999,100.4734981,,3,False,,0,0,0,0,,0,131.07137395445372,3,131.07137395445372
7.0245272,100.472224,,3,False,,0,0,0,1,,0,191.1449190089274,5,191.1449190089274
7.0243217,100.4720332,,3,False,,0,0,0,1,,0,213.3087737125691,5,213.3087737125691
7.023522799999999,100.4726398,,1,False,,1,0,1,1,,0,200.9555345717489,2,200.9555345717489
7.023976599999999,100.4720922,,3,False,,0,0,0,0,,0,229.10840444637307,2,229.10840444637307
7.023093099999998,100.4769099,,1,False,,1,0,1,1,,0,75.1266254038658,5,75.1266254038658
7.0237497,100.47734140000001,,3,False,,1,1,2,0,,0,28.51173686564052,5,28.51173686564052
7.023599099999999,100.4766792,,1,False,,2,0,2,1,,0,47.66570571972796,4,47.66570571972796
7.0233496,100.4776437,,1,False,,0,0,0,2,,0,76.11432114667984,5,76.11432114667984
7.023953999999999,100.4776262,,1,False,,1,2,3,0,,0,64.07917690667107,4,64.07917690667107
7.0255361,100.4734705,,1,False,,0,2,2,0,,0,123.65456037461635,3,123.65456037461635
7.0249093999999985,100.4723187,,4,False,,0,0,0,0,,0,150.51065985031465,5,150.51065985031465
7.024066799999998,100.4705977,,1,False,,3,0,3,1,,0,186.65868206994423,4,186.65868206994423
7.025255899999999,100.4723872,,3,False,,0,1,1,1,,0,114.94232202948453,5,114.94232202948453
7.025356099999997,100.4703273,,1,False,,0,1,1,1,,0,82.46671635661573,4,82.46671635661573
7.025659799999999,100.4711487,,3,False,,0,0,0,3,,0,122.15609820006809,5,122.15609820006809
7.024222199999998,100.4775141,,1,False,,0,1,1,2,,0,62.12733991246483,3,62.12733991246483
7.023948299999999,100.4789582,,1,False,,1,1,2,1,,0,208.29629227732286,4,208.29629227732286
7.0248767999999995,100.4791868,,3,False,,1,1,2,0,,0,158.0460566558638,4,158.0460566558638
7.024446400000001,100.4800998,,1,False,,3,0,3,0,,0,202.49696042231133,1,202.49696042231133
7.0254425,100.4790195,,1,False,,0,1,1,3,,0,108.87692983355542,4,108.87692983355542
7.025266099999998,100.4728065,,1,False,,2,3,5,0,,0,134.98663328147066,5,134.98663328147066
7.0253637,100.4723947,,1,False,,0,1,1,3,,0,103.87127847181972,5,103.87127847181972
7.0256814,100.4766287,,1,False,,1,0,1,1,,0,80.47656154314554,3,80.47656154314554
7.026090199999999,100.4775755,,1,False,,1,1,2,1,,0,41.6292432220106,2,41.6292432220106
7.027457799999999,100.4793932,,3,False,,0,3,3,4,,0,46.433017931948235,2,46.433017931948235
7.0275023,100.4802694,,1,False,,1,0,1,3,,0,88.83575726961891,2,88.83575726961891
7.027993999999998,100.4797172,,1,False,,0,0,0,1,,0,101.78473427418184,2,101.78473427418184
7.0217304,100.4876243,,3,False,,2,1,3,2,,0,522.8184514215965,2,135.24143281367708
7.021289399999998,100.4853541,,3,False,,0,0,0,2,,0,269.329668204944,1,85.2678956526595
7.0201077,100.4885985,,1,False,,1,1,2,2,,0,390.1355018360729,5,38.04634598314097
7.0213224,100.4876373,,1,False,,1,0,1,0,,0,515.145017900937,5,117.37888362000244
7.0263948,100.5001211,,1,False,,0,1,1,1,,0,36.36956372266112,3,36.36956372266112
7.026813499999999,100.5010759,,3,False,,1,0,1,1,,0,35.50163026232834,1,35.50163026232834
7.0261649,100.4993447,,3,False,,1,1,2,3,,0,118.80669703994289,3,118.80669703994289
7.027299599999999,100.50123530000002,,3,False,,1,0,1,3,,0,23.970813295521797,1,23.970813295521797
7.0268511,100.4995384,,3,False,,1,2,3,2,,0,100.37377903603402,2,100.37377903603402
7.0265288,100.4993573,,1,False,,0,0,0,1,,0,121.03390490058095,3,121.03390490058095
7.0274624999999995,100.4997115,,3,False,,1,2,3,0,,0,88.47495457073718,2,88.47495457073718
7.0280914999999995,100.5015349,,3,False,,0,2,2,1,,0,36.939951359876446,3,36.939951359876446
7.028028899999998,100.4996774,,3,False,,4,0,4,1,,0,114.14780402548779,3,80.41662704368996
7.0280744,100.500867,,3,False,,1,2,3,4,,0,45.76873530191414,3,45.76873530191414
7.030044499999999,100.50211,,3,False,,1,0,1,3,,0,51.082886451359165,3,51.082886451359165
7.028051700000001,100.5001916,,3,False,,0,1,1,2,,0,81.12570925300979,5,81.12570925300979
7.028071200000002,100.5008056,,3,False,,0,0,0,1,,0,51.98715715459371,3,51.98715715459371
7.0285949,100.5008888,,1,False,,1,1,2,1,,0,43.43577803715552,1,43.43577803715552
7.0285632,100.5001762,,1,False,,1,0,1,3,,0,33.65308155094502,5,33.65308155094502
7.0278393,100.5007994,,1,False,,1,0,1,1,,0,50.512979844231076,3,50.512979844231076
7.034686,100.5034286,,1,False,,1,1,2,1,,0,245.70882620051805,1,245.70882620051805
7.0457017,100.5036244,,1,False,,0,1,1,2,,0,1424.0401340406436,1,583.6698184933542
7.045950599999999,100.5035305,,1,False,,1,1,2,0,,0,1450.1905215889053,1,554.4281106004897
7.046170199999999,100.5030611,,1,False,,1,1,2,3,,0,1469.6098124695566,1,510.4428059211144
7.046688799999999,100.5041669,,3,False,,0,2,2,2,,0,1540.2816789395747,1,523.2504046372867
7.047231999999998,100.5042553,,3,False,,0,1,1,1,,0,1601.136284226197,1,484.00654830914675
7.0465293,100.5030016,,1,False,,0,0,0,2,,0,1508.7598087571178,1,471.429319834083
7.0469977,100.5031565,,3,False,,1,2,3,2,,0,1561.6502361486023,1,432.7940385219585
7.0473818999999995,100.5031423,,1,False,,1,1,2,3,,0,1603.9021979451638,1,395.3863423612259
6.995544199999999,100.44444,,1,False,,1,2,3,0,,0,1617.1576722094164,3,170.93459839827867
7.0116947,100.4577538,,3,False,,0,0,0,3,,0,142.46853619876936,3,142.46853619876936
7.0107591,100.4563395,,1,False,,0,0,0,1,,0,39.13680020413171,3,39.13680020413171
7.011094899999999,100.455973,,1,False,,1,1,2,1,,0,35.08229828244559,2,35.08229828244559
7.009133,100.456612,,1,False,,1,0,1,2,,0,67.12353678353938,5,67.12353678353938
7.008441199999999,100.45566330000001,,1,False,,0,0,0,0,,0,160.56464071544607,5,160.56464071544607
7.014475699999999,100.4686558,,3,False,,0,1,1,1,,0,80.92190403976028,5,80.92190403976028
7.015313500000001,100.4689789,,1,False,,1,0,1,2,,0,117.91237455326883,4,117.91237455326883
7.0144164999999985,100.4682074,,3,False,,2,0,2,0,,0,37.042364565645215,5,37.042364565645215
7.015268699999997,100.4685256,,1,False,,0,2,2,2,,0,69.23823573530231,4,69.23823573530231
7.014357599999999,100.4678479,,1,False,,1,2,3,2,,0,26.092741079188592,5,26.092741079188592
7.015201299999999,100.4680723,,1,False,,1,1,2,0,,0,29.374419942598358,5,29.374419942598358
6.994803599999999,100.4657376,,1,False,,2,0,2,1,,0,282.5208999385787,1,282.5208999385787
6.994275,100.4657432,,1,False,,1,0,1,0,,0,324.6026682777196,5,324.6026682777196
6.994243999999999,100.46555580000002,,1,False,,0,1,1,1,,0,331.8555933973536,1,331.8555933973536
6.994790999999999,100.465527,,1,False,,1,1,2,1,,0,274.0965303253608,1,274.0965303253608
7.0424062,100.5050828,,3,False,,0,0,0,3,,0,1100.4739892040827,3,683.0777897560678
