u,v,key,osmid,highway,oneway,ref,reversed,length,name,lanes,maxspeed,bridge,junction,access,tunnel
485546733,620882137,0,103596536,secondary,True,4135,False,20.101836349590663,,,,,,,
485546733,1196108922,0,1075535366,secondary,True,4287,False,44.38786950903386,ถนนเพชรเกษม,,,,,,
485580819,2506085047,0,243188666,secondary_link,True,,False,82.77429545181833,,,,,,,
485580819,1196102301,0,1075535366,secondary,True,4287,False,57.80595421007882,ถนนเพชรเกษม,,,,,,
485580824,8642774010,0,931321078,tertiary,False,,False,45.04317745446481,ถนนพลพิชัย,,,,,,
485580824,4900465156,0,931321078,tertiary,False,,True,53.44721614383961,ถนนพลพิชัย,,,,,,
485580824,1680665041,0,323958075,secondary,False,,True,141.99527845336578,ถนนศรีภูวนารถ,,,,,,
485580829,3307271116,0,1173586178,tertiary,True,,False,7.747835630145036,ถนนนิพัทธ์อุทิศ 2,3,,,,,
485580829,985092779,0,1173586180,secondary,True,,False,107.73710017050148,ถนนศรีภูวนารถ,,,,,,
485580840,12346123215,0,40264697,tertiary,True,,False,75.93397697618884,ถนนธรรมนูญวิถี,2,,,,,
485580841,4900465380,0,40264698,residential,False,,True,67.01674641889204,,,,,,,
485580841,4900465504,0,706093503,residential,True,,False,40.78096102177904,,,,,,,
485580842,1559029797,0,84842974,tertiary,True,,False,96.60963189260971,ถนนนิพัทธ์อุทิศ 3,3,,,,,
485580842,617233014,0,706093508,tertiary,True,,False,65.56766548439072,ถนนประชาธิปัตย์,,,,,,
485580845,1612097195,0,706096636,tertiary,False,,False,69.39208877331964,ถนนศุภสารรังสรรค์,,,,,,
485580845,4085816302,0,706096642,tertiary,True,,False,68.13274781783795,ถนนศุภสารรังสรรค์,,,,,,
617233014,2506085784,0,40264696,tertiary,True,,False,130.24306119997948,ถนนนิพัทธ์อุทิศ 2,3,,,,,
617233014,620881567,0,706093508,tertiary,True,,False,79.54854027563788,ถนนประชาธิปัตย์,,,,,,
617234280,617233014,0,40264696,tertiary,True,,False,185.95538542269117,ถนนนิพัทธ์อุทิศ 2,3,,,,,
617234280,617234576,0,40264697,tertiary,True,,False,73.34310571102583,ถนนธรรมนูญวิถี,2,,,,,
617234281,1107784884,0,40264697,tertiary,True,,False,139.45662129133734,ถนนธรรมนูญวิถี,2,,,,,
617234281,1559029798,0,706097788,residential,True,,False,93.23343161816027,ถนนเสน่หานุสรณ์,,20,,,,
617234534,1680666529,0,"[155690331, 498671563]",residential,False,,True,175.85914694019363,,,,,,,
617234534,485580840,0,706093507,residential,True,,False,163.95563663125583,,,,,,,
617234535,617234280,0,40264696,tertiary,True,,False,161.82293355614254,ถนนนิพัทธ์อุทิศ 2,3,,,,,
617234535,620881544,0,684704215,residential,True,,False,76.7913453610008,Thanon Manasruedee,,,,,,
617234576,617234281,0,40264697,tertiary,True,,False,84.42845028719734,ถนนธรรมนูญวิถี,2,,,,,
617234576,1176926303,0,84842974,tertiary,True,,False,84.04229596068912,ถนนนิพัทธ์อุทิศ 3,3,,,,,
617234843,485580842,0,706093508,tertiary,True,,False,84.5324332750978,ถนนประชาธิปัตย์,,,,,,
620881015,4900465129,0,243082644,residential,True,,False,27.22606932450923,ถนนไทยอาคาร,,,,,,
620881015,6636332746,0,323960908,secondary,True,,False,80.01029676082271,ถนนศรีภูวนารถ,,,,,,
620881097,8523329816,0,84842974,tertiary,True,,False,11.86874229950903,ถนนนิพัทธ์อุทิศ 3,3,,,,,
620881097,2506087028,0,243188120,residential,True,,False,61.59687337127461,,,,,,,
620881530,485580841,0,706095304,residential,True,,False,80.566945633078,ถนนประชาธิปัตย์,,,,,,
620881530,4900465381,0,706096638,residential,False,,False,69.49148153903104,ถนนรัถการ,,,,,,
620881544,1559016915,0,684704215,residential,True,,False,97.79758290582907,Thanon Manasruedee,,,,,,
620881544,3125684629,0,1315837498,tertiary,True,,False,42.18404940606308,ถนนนิพัทธ์อุทิศ 1,3,,,,,
620881566,617234280,0,40264697,tertiary,True,,False,68.93938346579667,ถนนธรรมนูญวิถี,2,,,,,
620881566,620881544,0,1315837498,tertiary,True,,False,162.50050153458287,ถนนนิพัทธ์อุทิศ 1,3,,,,,
620881567,6634630597,0,1315837498,tertiary,True,,False,98.36758805137411,ถนนนิพัทธ์อุทิศ 1,3,,,,,
620881567,620881530,0,706095304,residential,True,,False,95.87658395674367,ถนนประชาธิปัตย์,,,,,,
620881568,1612097191,0,48923856,tertiary,True,,False,13.558358310059784,ถนนนิพัทธ์อุทิศ 1,3,,,,,
620881568,1612097195,0,1315837497,tertiary,False,,True,17.920533924039304,ถนนศุภสารรังสรรค์,,,,,,
620881568,2506087114,0,77967084,secondary,True,,False,175.11559284187777,ถนนเพชรเกษม,,,,,,
620882137,485580818,0,103596536,secondary,True,4135,False,42.63000404348734,,,,,,,
620882137,1196104112,0,1075535367,secondary,True,4287,False,12.060513192321219,ถนนเพชรเกษม,,,,,,
620882145,2505175823,0,243079680,unclassified,False,,False,8.965672717308216,,,,,,,
620882145,2505175822,0,102026768,secondary,True,,False,304.2876074032535,ถนนเพชรเกษม,,,,,,
796719799,1173916582,0,110691148,residential,False,,False,15.445139086833217,,,,,,,
796719799,1680665406,0,155691024,residential,False,,True,67.77599888722926,ถนนศรีภูวนารถ ซอย 14,,,,,,
796719799,809537420,0,959974136,secondary,True,,False,75.18745751976718,ถนนศรีภูวนารถ,,,,,,
796719833,2505175795,0,142455597,residential,True,,False,8.664956956741193,,,,,,,
796719833,3307305334,0,"[685344728, 1173627705, 1173627704]",secondary,True,,False,91.95348886159672,ถนนศรีภูวนารถ,,,,,,
796719858,4900465125,0,243082641,unclassified,False,,False,41.571418463848566,Thanon Simbenjapolpatana,,,,,,
796719858,1558729721,0,"[65075561, 65075564, 142455591]",unclassified,False,,True,33.278861631982025,,,,yes,,,
796719858,1559016846,0,243082642,unclassified,False,,False,102.15190014869421,Thanon Simbenjapolpatana,,,,,,
796719881,986090190,0,104353653,primary,True,,False,55.863909082966984,ถนนกาญจนวณิชย์,3,,,,,
796719881,1107926973,0,127078355,tertiary,False,,True,99.7642527796128,ถนนบ้านทุ่งรี,,,,,,
796719909,6420376579,0,685185524,primary_link,True,,False,15.359833039207897,ถนนปุณณกัณฑ์,2,,,,,
796719909,1407217794,0,970037612,primary,True,407,False,67.38378128920596,ถนนกาญจนวณิชย์,3,,,,,
796719962,1559016833,0,142434857,tertiary,False,,False,47.02648776289603,,,,,,,
796719962,1558729721,0,142434857,tertiary,False,,True,9.802398732489582,,,,,,,
796719962,1559016831,0,95637125,residential,False,,True,133.85867725474935,,,,,,,
796720013,809537841,0,84963940,primary,True,,False,28.579508471067488,ถนนกาญจนวณิชย์,3,,,,,
796720013,796747697,0,959974129,secondary,True,,False,21.27140295355185,ถนนศรีภูวนารถ,,,,,,
796720013,986090102,0,959974130,secondary,True,,False,25.237676212483777,ถนนศรีภูวนารถ,,,,,,
796720013,4900464579,0,1396178766,residential,False,,True,12.364735990843378,Soi Klongdamrei,,,,,,
796720075,809537730,0,1228979773,secondary,True,,False,11.229222440532288,ถนนศรีภูวนารถ,,,,,,
796720075,796747714,0,990212966,secondary,True,,False,659.2808400467497,ถนนราษฎร์ยินดี,,,,,,
796747276,2505177555,0,243079634,secondary_link,False,,False,12.800135920301233,,,,,,,
796747276,2505177589,0,243188790,secondary,True,,False,228.28727793950407,ถนนเพชรเกษม,,,,,,
796747456,1431715428,0,65080340,residential,False,,False,54.067116596529004,ถนนจันทร์นิเวศน์ 2,,,,,,
796747456,1108909716,0,65080340,residential,False,,True,45.42113624651334,ถนนจันทร์นิเวศน์ 2,,,,,,
796747456,796747695,0,706262926,residential,False,,False,77.97268373525648,,,,,,,
796747456,1431715377,0,95637124,residential,False,,True,72.8654756343146,Soi 1 Channivate 1,,,,,,
796747457,2506106694,0,970029499,primary,True,,False,76.27692519552704,ถนนกาญจนวณิชย์,3,,,,,
796747457,8634584074,0,931323409,residential,False,,False,64.21583854307201,,,,,,,
796747467,796747687,0,"[706262924, 65080338, 65080356]",residential,False,,"[False, True]",36.36822791271116,ถนนไทยอาคาร,,,yes,,,
796747467,4900465125,0,243082641,unclassified,False,,True,61.7602071458212,Thanon Simbenjapolpatana,,,,,,
796747470,2505177693,0,243079685,primary_link,False,,False,11.149291720654837,,,,,,,
796747470,8634700671,0,970029499,primary,True,,False,24.038861356308743,ถนนกาญจนวณิชย์,3,,,,,
796747470,8634702947,0,931332154,residential,False,,True,73.92579519944304,,,,,,,
796747481,1612097214,0,72016638,secondary,True,,False,39.94863817371166,ถนนเพชรเกษม,,,,,,
796747481,796747689,0,72016641,primary_link,True,,False,60.33874004097607,,,,,,,
796747504,796720075,0,1228979774,secondary,True,,False,17.004898246511477,ถนนราษฎร์ยินดี,,,,,,
796747504,1559016861,0,685344728,secondary,True,,False,351.09322951164256,ถนนศรีภูวนารถ,,,,,,
796747549,2508585814,0,243454500,residential,False,,True,140.2673226065333,,,,,,,
796747549,13337035831,0,970029499,primary,True,,False,36.03974117840637,ถนนกาญจนวณิชย์,3,,,,,
796747561,2508585745,0,970029499,primary,True,,False,71.27617429080748,ถนนกาญจนวณิชย์,3,,,,,
796747573,2505177583,0,243079706,secondary_link,False,,False,11.941109970599115,,,,,,,
796747573,796747700,0,243188790,secondary,True,,False,165.1997675690165,ถนนเพชรเกษม,,,,,,
796747593,2507401438,0,128632939,residential,False,,False,162.64776612554857,Thanon Phetkasem Soi 10,,,,,,
796747593,2507401286,0,1218221900,secondary,True,,False,69.20377569514488,ถนนเพชรเกษม,,,,,,
796747625,2508585765,0,243453824,residential,False,,False,142.7675042573936,Soi Central Park,,,,,,
796747625,796747549,0,970029499,primary,True,,False,112.45986337621366,ถนนกาญจนวณิชย์,3,,,,,
796747634,856214432,0,1270957860,secondary,True,,False,92.6702234842126,ถนนราษฎร์ยินดี,,,,,,
796747634,1107926639,0,243188629,residential,False,,True,160.98615285735892,,,,,,,
796747657,2508585328,0,243455408,residential,False,,True,36.78705954199574,Thanon Taksinmuangtong 3,,,,,,
796747657,2508585470,0,970029499,primary,True,,False,49.59152461558556,ถนนกาญจนวณิชย์,3,,,,,
796747667,856214466,0,324267212,tertiary,True,สข.5061,False,13.088704353116475,ถนนนวลแก้วอุทิศ,,,,,,
796747667,13339847327,0,970029499,primary,True,,False,12.843264502922096,ถนนกาญจนวณิชย์,3,,,,,
796747673,8635169926,0,96941856,residential,False,,True,55.62647172468907,ถนนจันทร์นิเวศน์ 3,,,,,,
796747673,1680664171,0,706265654,tertiary,False,,False,50.538128979923044,Thung Sao 1 Rd,,,,,,
796747673,796747698,0,706265654,tertiary,False,,True,118.86513603670083,Thung Sao 1 Rd,,,,,,
796747673,1559016820,0,706273956,residential,False,,False,69.43102622161258,ถนนจันทร์นิเวศน์ 3,,,,,,
796747680,2508585875,0,243454287,residential,False,,True,188.29176191898608,,,,,,,
796747680,796747457,0,970029499,primary,True,,False,94.17122689545309,ถนนกาญจนวณิชย์,3,,,,,
796747687,1431715428,0,65080340,residential,False,,True,110.80867137441587,ถนนจันทร์นิเวศน์ 2,,,,,,
796747687,796747698,0,95637136,residential,False,,False,50.64094477243949,ถนนจันทร์นิเวศน์ 2,,,,,,
796747687,796747467,0,"[65080338, 706262924, 65080356]",residential,False,,"[False, True]",36.36822791271116,ถนนไทยอาคาร,,,yes,,,
796747689,2505177602,0,970029499,primary,True,,False,89.0670885213077,ถนนกาญจนวณิชย์,3,,,,,
796747695,796747456,0,706262926,residential,False,,True,77.97268373525648,,,,,,,
796747695,1559016815,0,706273956,residential,False,,True,7.8469576157235075,ถนนจันทร์นิเวศน์ 3,,,,,,
796747695,1123399813,0,706273956,residential,False,,False,45.300633293015714,ถนนจันทร์นิเวศน์ 3,,,,,,
796747697,12298825838,0,959974136,secondary,True,,False,214.00991771472167,ถนนศรีภูวนารถ,,,,,,
796747698,796747673,0,706265654,tertiary,False,,False,118.86513603670083,Thung Sao 1 Rd,,,,,,
796747698,796747687,0,95637136,residential,False,,True,50.64094477243949,ถนนจันทร์นิเวศน์ 2,,,,,,
796747698,1559016822,0,142434857,tertiary,False,,False,41.36902954098748,,,,,,,
796747700,809537814,0,243079713,secondary_link,False,,False,12.279313626900647,,,,,,,
796747700,4900466268,0,243188790,secondary,True,,False,31.183481234243466,ถนนเพชรเกษม,,,,,,
796747714,4900465244,0,155690480,residential,False,,True,81.6669693013321,,,,,,,
796747714,1680667730,0,990212966,secondary,True,,False,64.39613907070999,ถนนราษฎร์ยินดี,,,,,,
796747745,809537481,0,1218221901,secondary,True,,False,17.16105495464207,ถนนเพชรเกษม,,,,,,
809537378,809537797,0,84842971,secondary_link,False,,False,14.596193673343814,,1,,,,,
809537378,2507401050,0,970311985,secondary,True,,False,37.366108334612775,ถนนเพชรเกษม,,,,,,
809537378,2506091313,0,290007154,tertiary,False,,True,202.0113384342911,ถนนสามชัย,,,,,,
809537420,1680664869,0,155691091,residential,False,,False,211.3539395779889,Thanon Sripuwanart Soi 12,,,,,,
809537420,8642230840,0,959974136,secondary,True,,False,110.47497470738872,ถนนศรีภูวนารถ,,,,,,
809537476,796720013,0,959974133,secondary,True,,False,23.854752828852153,ถนนศรีภูวนารถ,,,,,,
809537476,809537841,0,84963064,primary_link,True,,False,44.282942785617706,ถนนศรีภูวนารถ,,,,,,
809537481,796747593,0,1218221900,secondary,True,,False,21.052294710501716,ถนนเพชรเกษม,,,,,,
809537481,809537709,0,1218221902,secondary,True,,False,13.979989356343797,ถนนราษฎร์ยินดี,,,,,,
809537513,2507401262,0,1218221899,secondary,True,,False,39.41606336018847,ถนนเพชรเกษม,2,,,,,
809537513,2505177293,0,243079788,tertiary,False,,True,379.9607151246242,,,,,,,
809537541,2507401319,0,700900651,residential,False,,True,72.09636693071815,Thanon Phetkasem Soi 5,,,,,,
809537541,2505177555,0,66984619,secondary,True,,False,223.71188462031705,ถนนเพชรเกษม,,,,,,
809537628,849403339,0,66984619,secondary,True,,False,26.795965346534185,ถนนเพชรเกษม,,,,,,
809537628,2507401031,0,243314285,residential,False,,False,153.01435705490093,,,,,,,
809537690,809537820,0,706105952,tertiary,True,,False,12.06444740488082,,,,,,,
809537690,2406954577,0,243079844,tertiary,True,,False,421.20664542592556,ถนนศุภสารรังสรรค์,,,,,,
809537695,4900466254,0,66984619,secondary,True,,False,8.852788809707716,ถนนเพชรเกษม,,,,,,
809537700,8523765861,0,68518888,residential,False,,False,97.21231117708928,ถนนกาญจนวนิช ซอย 17,,,,,,
809537700,2505176969,0,970037610,primary,True,,False,130.98415376798727,ถนนกาญจนวณิชย์,3,30,,,,
809537709,985092634,0,1218221903,secondary,True,,False,17.065745526669403,ถนนเพชรเกษม,2,,,,,
809537709,4900465231,0,66984595,secondary,True,,False,56.54342535535689,ถนนราษฎร์ยินดี,,,,,,
809537716,1680668239,0,96941852,residential,False,,True,11.083110325286677,ซอยบุญราช,,,,,,
809537716,2505176985,0,243188781,secondary,True,,False,93.12715975516477,ถนนราษฎร์ยินดี,2,,,,,
809537729,1612097214,0,"[970037610, 66984602]",primary,True,,False,54.51612390913946,ถนนกาญจนวณิชย์,3,30,,,,
809537729,809537695,0,1075535365,primary_link,True,,False,71.67526916946045,,,,,,,
809537730,1680665586,0,1228979770,secondary,True,,False,17.333991569587386,ถนนราษฎร์ยินดี,2,,,,,
809537730,1196924373,0,1228979769,secondary,True,,False,36.61125710836863,ถนนศรีภูวนารถ,,,,,,
809537797,809537378,0,84842971,secondary_link,False,,True,14.596193673343814,,1,,,,,
809537797,8523748245,0,970311986,secondary,True,,False,12.798065395958128,ถนนเพชรเกษม,,,,,,
809537799,2505176233,0,970037610,primary,True,,False,9.936205215740468,ถนนกาญจนวณิชย์,3,30,,,,
809537799,2406954571,0,"[1236748106, 1236748109]",tertiary,True,,False,654.1528474944176,ถนนศุภสารรังสรรค์,2,,,,,
809537814,2507401421,0,66984619,secondary,True,,False,25.256698317269425,ถนนเพชรเกษม,,,,,,
809537814,796747700,0,243079713,secondary_link,False,,True,12.279313626900647,,,,,,,
809537820,8523328986,0,151072453,residential,True,,False,64.98556066214783,,,,,,,
809537820,2406954578,0,"[66984604, 1218747877, 1218747876]",tertiary,True,,False,15.771861840318948,ถนนศุภสารรังสรรค์,,,yes,,,
809537841,1407219266,0,959974135,primary,True,,False,22.760590508659114,ถนนกาญจนวณิชย์,3,,,,,
823954353,2507400776,0,68518888,residential,False,,False,51.01497329606505,ถนนกาญจนวนิช ซอย 17,,,,,,
823954353,916327788,0,68518888,residential,False,,True,63.632792396727645,ถนนกาญจนวนิช ซอย 17,,,,,,
823954353,2507400893,0,"[243314081, 498671650, 243314271]",residential,False,,True,306.8112175198604,Soi Tummachoten Uthit 1,,,,,,
823954361,1597535079,0,71380780,tertiary,False,,False,49.95818384984074,ถนนคลองเรียน 1,4,,,,,
823954361,2505176686,0,71380780,tertiary,False,,True,69.56571423366309,ถนนคลองเรียน 1,4,,,,,
823954361,2505176734,0,71380788,residential,False,,False,203.16928361047928,Thanon Rajyindee Soi 1/1,2,,,,,
823954362,2507400778,0,71380772,residential,False,,True,69.24148074093924,ถนนวงศ์วานิช,2,,,,,
823954362,2507400750,0,243314468,residential,False,,True,89.81829267922124,Soi Noon Uthit,,,,,,
823954362,1597535079,0,71380772,residential,False,,False,98.48412617098403,ถนนวงศ์วานิช,2,,,,,
823954365,849403355,0,71380772,residential,False,,False,12.532929158454591,ถนนวงศ์วานิช,2,,,,,
823954365,8523777680,0,71380787,tertiary,False,,True,48.40367414597553,ถนนประชายินดี,,,,,,
823954365,2508579987,0,243454912,residential,False,,True,86.69578389843589,,,,,,,
830901339,830901401,0,1263971125,unclassified,False,,False,101.51290466596842,ถนนเย็นศิระ,2,30,,,,
830901339,8976428962,0,71380774,primary,True,,False,118.13377418886174,ถนนกาญจนวณิชย์,3,,,,,
830901355,856214521,0,72016646,unclassified,False,,True,68.95235759023218,,,30,,,,
830901355,830901357,0,69342812,unclassified,True,,False,16.087264494930746,,,,,,,
830901357,13475401172,0,69342812,unclassified,True,,False,16.07287945072358,,,,,,,
830901401,830901339,0,1263971125,unclassified,False,,True,101.51290466596842,ถนนเย็นศิระ,2,30,,,,
830901401,12916827974,0,1395430167,unclassified,True,,False,45.80531824724109,,,30,,,,
830901401,856214521,0,1469347229,unclassified,False,,True,66.95899657708313,,,,,,,
830901510,856214526,0,"[499196616, 69342823]",unclassified,True,,False,163.01035859011188,,,,,,,
849403330,849403509,0,71380781,residential,False,,False,37.631758710458556,ซอยแป้นอนุสรณ์,1,,,,,
849403330,849403465,0,71380781,residential,False,,True,210.1067288391664,ซอยแป้นอนุสรณ์,1,,,,,
849403330,8932309198,0,965548286,residential,False,,False,121.36125972303428,,,,,,,
849403339,2508580463,0,66984619,secondary,True,,False,140.37239837462732,ถนนเพชรเกษม,,,,,,
849403339,849403464,0,71380777,tertiary,False,,True,212.67531160735422,Thanon Phetkasem Soi 11,,,,,,
849403352,8976428971,0,970010770,tertiary_link,False,,True,5.933640402597527,,,,,,,
849403352,2507400607,0,71380776,tertiary,False,,False,75.8003503207703,,,,,,,
849403352,849403531,0,684736206,tertiary,True,,False,426.0768066967429,ถนนธรรมนูญวิถี,,,,,,
849403355,2507400778,0,71380772,residential,False,,False,128.22381506809785,ถนนวงศ์วานิช,2,,,,,
849403355,823954365,0,71380772,residential,False,,True,12.532929158454591,ถนนวงศ์วานิช,2,,,,,
849403355,2508580006,0,71380777,tertiary,False,,False,51.29772507333009,Thanon Phetkasem Soi 11,,,,,,
849403365,13457023621,0,243314230,residential,False,,True,4.479682298452043,,,,,,,
849403365,13457023623,0,71380777,tertiary,False,,False,44.96404504043733,Thanon Phetkasem Soi 11,,,,,,
849403365,849403427,0,71380777,tertiary,False,,True,24.5385906064663,Thanon Phetkasem Soi 11,,,,,,
849403384,849403500,0,990212967,tertiary,True,,False,11.823670098261912,ถนนธรรมนูญวิถี,,,,,,
849403384,796747634,0,1218225522,secondary,True,,False,155.53296019947283,ถนนราษฎร์ยินดี,,,,,,
849403388,8524090701,0,71380777,tertiary,False,,False,19.23872228474962,Thanon Phetkasem Soi 11,,,,,,
849403388,2507400915,0,71380777,tertiary,False,,True,21.087463503946516,Thanon Phetkasem Soi 11,,,,,,
849403388,8524091695,0,243314299,residential,False,,False,126.36224088421125,Phetkasem Soi 11/1,,,,,,
849403403,2507400708,0,71380780,tertiary,False,,False,42.85256220414499,ถนนคลองเรียน 1,4,,,,,
849403403,2505176360,0,71380780,tertiary,False,,True,21.33936685576874,ถนนคลองเรียน 1,4,,,,,
849403403,2507400695,0,"[243314435, 498671644]",residential,False,,"[False, True]",107.04925505268591,,,,,,,
849403406,12311231557,0,71380775,tertiary,False,,False,526.1916316370942,ซอยอรรถกระวีสุนทร,2,,,,,
849403406,809537799,0,970037610,primary,True,,False,251.70839020331198,ถนนกาญจนวณิชย์,3,30,,,,
849403426,2507401324,0,66984619,secondary,True,,False,32.54116562318533,ถนนเพชรเกษม,,,,,,
849403426,849403518,0,71380783,tertiary,False,,True,100.41397345003125,Soi 15 Phetkasem Road,2,,,,,
849403427,2507400856,0,71380777,tertiary,False,,True,50.46602928030455,Thanon Phetkasem Soi 11,,,,,,
849403427,849403365,0,71380777,tertiary,False,,False,24.5385906064663,Thanon Phetkasem Soi 11,,,,,,
849403427,2507400871,0,243314254,residential,False,,False,126.32021370763586,Phetkasem Soi 11/2,,,,,,
849403447,1421027702,0,128632937,residential,False,,False,9.554749583976795,,,,,,,
849403447,2505176975,0,71380780,tertiary,False,,True,80.52125722599729,ถนนคลองเรียน 1,4,,,,,
849403447,849403509,0,71380783,tertiary,False,,False,198.854155488627,Soi 15 Phetkasem Road,2,,,,,
849403464,4900465404,0,71380777,tertiary,False,,True,33.07231563826679,Thanon Phetkasem Soi 11,,,,,,
849403464,849403339,0,71380777,tertiary,False,,False,212.67531160735422,Thanon Phetkasem Soi 11,,,,,,
849403464,2508580222,0,243454713,residential,False,,False,72.88820811409968,Soi Suwanno,,,,,,
849403465,849403426,0,66984619,secondary,True,,False,71.22739254226205,ถนนเพชรเกษม,,,,,,
849403465,2505177544,0,243079793,tertiary,False,,True,16.327857208346316,,,,,,,
849403465,849403330,0,71380781,residential,False,,False,210.1067288391664,ซอยแป้นอนุสรณ์,1,,,,,
849403482,8976428962,0,684736206,tertiary,True,,False,13.6168109914272,ถนนธรรมนูญวิถี,,,,,,
849403482,849403406,0,970037610,primary,True,,False,170.6924303851782,ถนนกาญจนวณิชย์,3,30,,,,
849403490,2406954577,0,71380776,tertiary,False,,True,47.886131386255464,,,,,,,
849403490,4900464595,0,71380780,tertiary,False,,False,55.44472578317018,ถนนคลองเรียน 1,4,,,,,
849403500,8976428987,0,990212971,secondary,True,,False,3.7083353128584005,ถนนราษฎร์ยินดี,2,,,,,
849403500,8976429008,0,"[969757852, 969757853]",tertiary,True,,False,17.42472073727007,ถนนธรรมนูญวิถี,,,yes,,,
849403509,849403330,0,71380781,residential,False,,True,37.631758710458556,ซอยแป้นอนุสรณ์,1,,,,,
849403509,2507401009,0,71380783,tertiary,False,,False,17.690925337983927,Soi 15 Phetkasem Road,2,,,,,
849403509,849403447,0,71380783,tertiary,False,,True,198.854155488627,Soi 15 Phetkasem Road,2,,,,,
849403518,849403426,0,71380783,tertiary,False,,False,100.41397345003125,Soi 15 Phetkasem Road,2,,,,,
849403518,2507401034,0,71380783,tertiary,False,,True,16.42384955829718,Soi 15 Phetkasem Road,2,,,,,
849403518,2507401061,0,243314423,residential,False,,False,32.21057958236565,,,,,,,
849403531,8976428999,0,970010769,secondary_link,False,,False,10.629386258270317,,,,,,,
849403531,1407218094,0,684736206,tertiary,True,,False,166.07463837938164,ถนนธรรมนูญวิถี,,,,,,
849403531,12311231560,0,1330567669,tertiary,False,,False,139.69314899283563,ถนนประชายินดี,,,,,,
856214432,2505176169,0,1227721990,tertiary,False,,True,11.854655747719976,ถนนประชาธิปัตย์,,,,,,
856214432,2406954579,0,1227721991,secondary,True,,False,179.34382782368317,ถนนราษฎร์ยินดี,,,,,,
856214432,856214524,0,1270957863,tertiary,False,,False,173.31477630376335,ถนนประชาธิปัตย์,,,,,,
856214466,856214501,0,243079803,primary,True,,False,9.427071012426014,ถนนกาญจนวณิชย์,3,,,,,
856214470,856214503,0,706092523,residential,True,,False,123.80396684548111,Thanon Pracharak,,,,,,
856214477,856214513,0,243079803,primary,True,,False,53.571358021531985,ถนนกาญจนวณิชย์,3,,,,,
856214477,1612097214,0,72016648,secondary,True,,False,36.46043916719016,ถนนเพชรเกษม,,,,,,
856214491,830901339,0,72016649,primary,True,,False,242.20762852026908,ถนนกาญจนวณิชย์,3,,,,,
856214501,2505177835,0,243079784,tertiary,True,สข.5061,False,16.03912396085822,ถนนนวลแก้วอุทิศ,,,,,,
856214501,2505177693,0,243079803,primary,True,,False,695.4146888749672,ถนนกาญจนวณิชย์,3,,,,,
856214503,2052489649,0,706092523,residential,True,,False,115.05976656115021,Thanon Pracharak,,,,,,
856214503,13424220808,0,931354569,tertiary,False,,False,37.30768915928706,ถนนประชาธิปัตย์,,,,,,
856214503,2506085690,0,931354569,tertiary,False,,True,52.02111688649749,ถนนประชาธิปัตย์,,,,,,
856214513,2505177482,0,1214497910,primary,True,,False,143.58161835671189,ถนนกาญจนวณิชย์,3,,,,,
856214521,830901355,0,72016646,unclassified,False,,False,68.95235759023218,,,30,,,,
856214521,856214526,0,72016646,unclassified,False,,True,190.30903487169252,,,30,,,,
856214521,830901401,0,1469347229,unclassified,False,,False,66.95899657708313,,,,,,,
856214524,13279030938,0,185951074,tertiary,False,,False,29.65845230395493,ถนนประชาธิปัตย์,,,,,,
856214524,1107926639,0,706105951,residential,False,,False,104.72239087366812,ถนนสามชัย,,,,,,
856214524,1107926513,0,706105951,residential,False,,True,149.171496600775,ถนนสามชัย,,,,,,
856214524,856214432,0,1270957863,tertiary,False,,True,173.31477630376335,ถนนประชาธิปัตย์,,,,,,
856214526,856214491,0,69342823,unclassified,True,,False,29.940120618821943,,,,,,,
856214526,856214521,0,72016646,unclassified,False,,False,190.30903487169255,,,30,,,,
856214538,4900466448,0,498671388,residential,False,,True,81.775599534281,Thanon Prachathipat 2,,,,,,
856214538,1123399706,0,969757849,tertiary,False,,False,95.78229298324307,ถนนประชาธิปัตย์,,,,,,
856214538,4900465166,0,1365935945,residential,False,,False,54.11870512311369,,,,,,,
856214538,4900464598,0,969757849,tertiary,False,,True,72.27684996486944,ถนนประชาธิปัตย์,,,,,,
856214571,2505176434,0,65080358,secondary,True,,False,229.30499538824685,ถนนราษฎร์ยินดี,,,,,,
856214571,2505176258,0,66984610,tertiary,False,,False,11.786202979580594,ถนนศุภสารรังสรรค์,,,,,,
856214571,1369020950,0,72016745,tertiary,False,,False,158.80645557195663,ถนนศุภสารรังสรรค์,,,,,,
856214578,485580842,0,84842974,tertiary,True,,False,132.60879059160143,ถนนนิพัทธ์อุทิศ 3,3,,,,,
856214578,4900465513,0,684714761,residential,True,,False,98.45832961098174,Thanon Duangchan,,,,,,
916327686,916327912,0,77967090,secondary,True,,False,223.47290241136525,ถนนเพชรเกษม,3,,,,,
916327686,916327921,0,77967093,secondary,True,,False,37.175093591210725,,2,,,roundabout,,
916327702,4900466295,0,77967084,secondary,True,,False,71.08951990151265,ถนนเพชรเกษม,,,,,,
916327730,916327962,0,77967082,residential,True,,False,15.661991307562063,ถนนเชื่อมรัฐอุทิศ,2,,,,,
916327730,916327810,0,77967084,secondary,True,,False,62.971599044488265,ถนนเพชรเกษม,,,,,,
916327733,2507401417,0,66984619,secondary,True,,False,94.233864812889,ถนนเพชรเกษม,,,,,,
916327733,2507401017,0,77967083,residential,False,,True,214.05488259696494,ถนนเพชรเกษม ซอย 3,2,,,,,
916327738,4900465055,0,970291417,secondary,False,,True,33.85560719400222,ถนนนิพันธ์สงเคราะห์,,,,,,
916327738,916327885,0,77967093,secondary,True,,False,18.30737742669374,,2,,,roundabout,,
916327777,916327792,0,952598318,tertiary,False,,False,53.86299764942856,ถนนรัถการ,2,,,,,
916327777,6822890779,0,952598318,tertiary,False,,True,67.95476157503839,ถนนรัถการ,2,,,,,
916327777,916327730,0,77967082,residential,True,,False,264.51284272955684,ถนนเชื่อมรัฐอุทิศ,2,,,,,
916327788,823954353,0,68518888,residential,False,,False,63.632792396727645,ถนนกาญจนวนิช ซอย 17,,,,,,
916327788,8523765861,0,68518888,residential,False,,True,64.58001905516406,ถนนกาญจนวนิช ซอย 17,,,,,,
916327788,8523766368,0,77967083,residential,False,,False,102.71262808480402,ถนนเพชรเกษม ซอย 3,2,,,,,
916327792,2506088227,0,243188142,residential,False,,False,85.58973786082484,,,,,,,
916327792,916327824,0,952598318,tertiary,False,,False,83.54890498434582,ถนนรัถการ,2,,,,,
916327792,916327777,0,952598318,tertiary,False,,True,53.86299764942856,ถนนรัถการ,2,,,,,
916327808,1115585518,0,970311985,secondary,True,,False,48.31146443611632,ถนนเพชรเกษม,,,,,,
916327808,2507400919,0,"[1257682320, 243314090]",residential,False,,False,214.08706290840462,,,,,,,
916327810,916327702,0,77967084,secondary,True,,False,98.47084246483415,ถนนเพชรเกษม,,,,,,
916327810,916327792,0,77967092,residential,True,,False,294.18067271853556,ถนนมนตรี 1,2,,,,,
916327824,2506088640,0,952598318,tertiary,False,,False,18.779387475885525,ถนนรัถการ,2,,,,,
916327824,916327792,0,952598318,tertiary,False,,True,83.54890498434582,ถนนรัถการ,2,,,,,
916327824,4900465181,0,77967085,residential,True,,False,205.94248286361787,ถนนมนตรี 2,2,,,,,
916327839,916327738,0,77967093,secondary,True,,False,37.536461706708096,,2,,,roundabout,,
916327839,8523343958,0,324267161,tertiary,False,,True,301.77535480551876,Thanon Prathanuthit,,,,,,
916327885,2505176945,0,65080343,secondary,True,,False,185.5926198433581,ถนนเพชรเกษม,,,,,,
916327885,916327888,0,77967093,secondary,True,,False,32.37250546555647,,2,,,roundabout,,
916327888,916327686,0,77967093,secondary,True,,False,30.139414878686196,,2,,,roundabout,,
916327912,916327962,0,77967090,secondary,True,,False,141.11886071085596,ถนนเพชรเกษม,3,,,,,
916327912,2506087987,0,"[498671328, 243188576]",residential,False,,"[False, True]",177.94253524651654,,,,,,,
916327921,916327839,0,77967093,secondary,True,,False,14.558639164933876,,2,,,roundabout,,
916327945,3614995932,0,96713523,tertiary,False,,False,16.825276488263274,Niphat Songkaew 5,,,,,,
916327945,4900465124,0,243079720,residential,False,,True,53.69742064965701,,,,,,,
916327945,2507400919,0,970311985,secondary,True,,False,61.19691186944834,ถนนเพชรเกษม,,,,,,
916327962,985092700,0,77967090,secondary,True,,False,21.08298601380908,ถนนเพชรเกษม,3,,,,,
947896950,2506088002,0,706104217,residential,False,,False,62.41083906998723,ถนนเเสงศรี,,,,,,
947896950,2506086831,0,243188432,residential,True,,False,209.7047744204315,Thanon Sangsri 8,,,,,,
947896950,2506087962,0,706104217,residential,False,,True,46.20133195674384,ถนนเเสงศรี,,,,,,
947896956,2506087987,0,706104217,residential,False,,False,65.20419583475406,ถนนเเสงศรี,,,,,,
947896956,4900465517,0,706104217,residential,False,,True,65.1602530701825,ถนนเเสงศรี,,,,,,
947896956,2506088476,0,706095305,residential,False,,False,89.89032141494113,Thanon Sangchan,,,,,,
947896958,2505176265,0,66984613,residential,True,,False,24.777892062103042,ถนนราษฎร์ยินดี 2,,,,,,
947896958,2505176284,0,243079738,residential,True,,False,239.19033402607204,Thanon Rajyindee Soi 6,,,,,,
947896964,12346099054,0,330615829,tertiary,False,,False,34.604339295497454,ถนนศุภสารรังสรรค์ ซอย 3,,,,,,
947896964,2506087550,0,81350005,tertiary,False,,True,78.43644708204805,Tiparat Road,,,,,,
947896964,8523431062,0,706104217,residential,False,,False,31.21468334578816,ถนนเเสงศรี,,,,,,
947896971,13472440789,0,706104219,tertiary,False,,False,6.769654464093114,ถนนศุภสารรังสรรค์,2,,,,,
947896971,1115585393,0,706104219,tertiary,False,,True,17.86422019203876,ถนนศุภสารรังสรรค์,2,,,,,
947896971,2506087550,0,81350005,tertiary,False,,False,86.09714877973457,Tiparat Road,,,,,,
947896972,947896989,0,66984613,residential,True,,False,76.62659670020027,ถนนราษฎร์ยินดี 2,,,,,,
947896972,2505176686,0,243079723,residential,False,,True,357.09157237943396,ถนนราษฏร์ยินดี ซอย 2,,,,,,
947896976,3307271142,0,81350004,residential,False,,False,6.53215720577384,ถนนตันรัตนากร,,,,,,
947896976,620881015,0,323960908,secondary,True,,False,13.35571091902556,ถนนศรีภูวนารถ,,,,,,
947896979,2505176388,0,66984613,residential,True,,False,49.70710534247384,ถนนราษฎร์ยินดี 2,,,,,,
947896979,2505176494,0,243079673,unclassified,False,,False,13.220689461428256,,,,yes,,,
947896981,947896972,0,66984613,residential,True,,False,136.67996717752172,ถนนราษฎร์ยินดี 2,,,,,,
947896981,2507400773,0,81350006,tertiary,False,,True,47.90231975101524,Thanon Rajyindee Soi 1,,,,,,
947896981,1680668223,0,95542480,tertiary,False,,False,14.204711188296155,,,,yes,,,
947896982,1107773216,0,81350004,residential,False,,False,74.1015127487252,ถนนตันรัตนากร,,,,,,
947896982,3307271142,0,81350004,residential,False,,True,110.51562269564603,ถนนตันรัตนากร,,,,,,
947896982,1107773197,0,81350010,residential,True,,False,91.03877926262187,,,,,,,
947896982,1107773259,0,95532104,residential,False,,False,48.79750019823817,,,,,,,
947896985,2505176734,0,243079682,residential,False,,True,51.86398097983257,,,,,,,
947896985,2507400773,0,81350006,tertiary,False,,False,82.36176048938931,Thanon Rajyindee Soi 1,,,,,,
947896985,1597535079,0,81350006,tertiary,False,,True,202.0406785463335,Thanon Rajyindee Soi 1,,,,,,
947896989,947896979,0,66984613,residential,True,,False,21.259756714552235,ถนนราษฎร์ยินดี 2,,,,,,
947896989,2505176514,0,243079775,residential,False,,True,13.721784870468392,,,,yes,,,
947896989,2505176598,0,243314440,residential,False,,False,375.49751942423995,Thanon Rajyindee Soi 3,,,,,,
985092239,916327730,0,77967084,secondary,True,,False,20.7496237489748,ถนนเพชรเกษม,,,,,,
985092239,985092700,0,706104217,residential,False,,True,15.270010096756604,ถนนเเสงศรี,,,,,,
985092359,8363289259,0,84842964,tertiary,False,,False,47.82734289082687,ถนนนิพัทธ์สงเคราะห์ 1 ซอย 4,,,,,,
985092359,8360827888,0,84842970,tertiary,False,,True,38.76130701120208,Niphat Songkhro 5,,,,,,
985092359,8360807203,0,96713523,tertiary,False,,True,78.45854636253316,Niphat Songkaew 5,,,,,,
985092433,2507402069,0,84842970,tertiary,False,,False,52.845884432142725,Niphat Songkhro 5,,,,,,
985092433,2507402077,0,84842972,tertiary,False,,False,53.13061714561546,ถนนรัถการ,2,,,,,
985092433,1115585867,0,84842972,tertiary,False,,True,175.56319695719046,ถนนรัถการ,2,,,,,
985092459,2505177759,0,84842972,tertiary,False,,False,22.62365472243255,ถนนรัถการ,2,,,,,
985092459,8935275225,0,84842973,secondary,False,,False,37.96340188907671,ถนนนิพันธ์สงเคราะห์,,,,,,
985092459,8349052655,0,84842972,tertiary,False,,True,400.26253049809895,ถนนรัถการ,2,,,,,
985092499,2507402054,0,84842970,tertiary,False,,False,49.380001565804726,Niphat Songkhro 5,,,,,,
985092499,8642907669,0,84842970,tertiary,False,,True,20.18887712161075,Niphat Songkhro 5,,,,,,
985092499,2506103269,0,243314329,residential,False,,False,322.3356579546251,Phetjunkong Road,,,,,,
985092634,2505177499,0,243188787,secondary,True,,False,73.75251467909204,ถนนเพชรเกษม,2,,,,,
985092634,796747745,0,1218221898,secondary,True,,False,14.478737613571447,ถนนราษฎร์ยินดี,,,,,,
985092700,2506087709,0,77967090,secondary,True,,False,58.24924196249603,ถนนเพชรเกษม,3,,,,,
985092700,985092239,0,706104217,residential,False,,False,15.270010096756604,ถนนเเสงศรี,,,,,,
985092700,6634630594,0,706104217,residential,False,,True,31.182298238022174,ถนนเเสงศรี,,,,,,
985092779,1431715427,0,243188776,residential,False,,False,107.54380565366898,ถนนนิพัทธ์อุทิศ 1,2,,,,,
985092779,8634028439,0,323958462,secondary,True,,False,514.6309084459843,ถนนศรีภูวนารถ,,,,,,
985092815,2506092950,0,84842973,secondary,False,,True,67.375517776989,ถนนนิพันธ์สงเคราะห์,,,,,,
985092815,2507401088,0,700908871,tertiary,False,,True,97.09866357378706,ถนนนิพัทธ์สงเคราะห์ 1 ซอย 4,,,,,,
985092815,2507401003,0,84842973,secondary,False,,False,64.99101539395889,ถนนนิพันธ์สงเคราะห์,,,,,,
985092815,2506092313,0,96713677,tertiary,False,,False,233.93526467606986,ถนนนิพัทธ์สงเคราะห์ 1 ซอย 7,,,,,,
986084781,1173916508,0,"[102007106, 1214455772]",primary,True,,False,222.242687651986,ถนนกาญจนวณิชย์,3,,,,,
986090102,1160612973,0,959974132,primary,True,,False,191.93327232416237,ถนนกาญจนวณิชย์,,,,,,
986090146,796720013,0,959974131,primary,True,,False,21.041666929805974,ถนนกาญจนวณิชย์,3,,,,,
986090146,796747697,0,84963941,primary_link,True,,False,21.431046654025717,,,,,,,
986090190,796720013,0,40264701,secondary,True,,False,28.525414420695235,ถนนศรีภูวนารถ,,,,,,
986090190,4900464579,0,959974137,primary,True,,False,23.113734598968094,ถนนกาญจนวณิชย์,3,,,,,
1107773181,1107773223,0,142455606,residential,False,,False,56.047684526559244,ถนนผดุงภักดี,,,,,,
1107773181,1107773207,0,142455606,residential,False,,True,71.69850952593653,ถนนผดุงภักดี,,,,,,
1107773194,1107773241,0,84842974,tertiary,True,,False,118.12304227050849,ถนนนิพัทธ์อุทิศ 3,3,,,,,
1107773194,1431715423,0,706097791,residential,True,,False,54.943117843336246,ถนนผดุงภักดี,,,,,,
1107773197,1107773181,0,95532108,residential,True,,False,162.27005113946097,ถนนศรีผดุงวิถี,,,,,,
1107773198,1107773281,0,706097790,residential,True,,False,38.13253936830243,ซอย 2 ถนนนิพัทธ์อุทิศ 3,,,,,,
1107773198,1107773259,0,"[95532104, 142455593]",residential,False,,True,114.01102537159903,,,,,,,
1107773199,10904788579,0,1223390438,secondary,True,,False,31.36215128165878,ถนนศรีภูวนารถ,,,,,,
1107773207,1107773181,0,142455606,residential,False,,False,71.69850952593653,ถนนผดุงภักดี,,,,,,
1107773207,1559016898,0,95532102,residential,False,,False,31.65541567984885,ถนนฉัยยากุลอุทิศ,,,,,,
1107773207,1107773199,0,95532105,residential,True,,False,288.5508955709429,ถนนผดุงภักดี,,,,,,
1107773207,1107773263,0,95532107,residential,False,,True,360.7998972608446,,,,,,,
1107773211,1559016916,0,148941242,residential,False,,True,52.89153006895222,ถนนฉัยยากุลอุทิศ,,,,,,
1107773211,1110416556,0,1454593202,tertiary,False,,False,20.817143841688672,ถนนหอยมุกต์,,,,,,
1107773211,1431715415,0,1454593202,tertiary,False,,True,44.77682517542563,ถนนหอยมุกต์,,,,,,
1107773216,1107773223,0,81350004,residential,False,,False,85.42597223159638,ถนนตันรัตนากร,,,,,,
1107773216,947896982,0,81350004,residential,False,,True,74.1015127487252,ถนนตันรัตนากร,,,,,,
1107773223,1107773216,0,81350004,residential,False,,True,85.42597223159638,ถนนตันรัตนากร,,,,,,
1107773223,1680666115,0,142455606,residential,False,,False,89.5085043307752,ถนนผดุงภักดี,,,,,,
1107773223,1107773181,0,142455606,residential,False,,True,56.047684526559244,ถนนผดุงภักดี,,,,,,
1107773241,1431715380,0,95532101,residential,True,,False,55.122895368106086,ซอย 1 ถนนนิพัทธ์อุทิศ 3,,,,,,
1107773241,3307271117,0,84842974,tertiary,True,,False,154.34362016005377,ถนนนิพัทธ์อุทิศ 3,3,,,,,
1107773259,947896982,0,95532104,residential,False,,True,48.79750019823817,,,,,,,
1107773259,1107773281,0,95532106,residential,False,,False,75.34756991457799,,,,,,,
1107773259,1107773198,0,"[95532104, 142455593]",residential,False,,False,114.01102537159903,,,,,,,
1107773263,1110416666,0,1223390438,secondary,True,,False,34.70037996541542,ถนนศรีภูวนารถ,,,,,,
1107773263,1107773207,0,95532107,residential,False,,False,360.7998972608446,,,,,,,
1107773281,1107773259,0,95532106,residential,False,,True,75.34756991457799,,,,,,,
1107773281,1107773216,0,706097790,residential,True,,False,46.262485434558634,ซอย 2 ถนนนิพัทธ์อุทิศ 3,,,,,,
1107784878,1107784883,0,95533433,residential,True,,False,86.52238317062995,Thanon Sangchan,,,,,,
1107784878,1122072658,0,706256379,residential,False,,True,75.85741258772832,ถนนกิมประดิษฐ์,,,,,,
1107784878,4900465208,0,706256379,residential,False,,False,47.94444470643308,ถนนกิมประดิษฐ์,,,,,,
1107784879,4900465099,0,706093505,residential,True,,False,47.47097728594086,Duangchan Rd,,,,,,
1107784879,1107784887,0,706093504,residential,True,,False,90.87243541365294,Thanon Sangchan,,,,,,
1107784883,1107784884,0,95533433,residential,True,,False,72.90311162783547,Thanon Sangchan,,,,,,
1107784883,4900465209,0,706256377,residential,False,,False,46.55086221131836,Thanon Sheutit,2,,,,,
1107784883,2052547075,0,706256377,residential,False,,True,76.43570330411494,Thanon Sheutit,2,,,,,
1107784884,2506085496,0,40264697,tertiary,True,,False,52.43567517425561,ถนนธรรมนูญวิถี,2,,,,,
1107784884,4900465471,0,706093509,residential,True,,False,57.12600867510139,Thanon Sangchan,,,,,,
1107784887,2052497441,0,706093506,residential,True,,False,55.56086119970707,Thanon Sangchan,,,,,,
1107784887,2506086181,0,706104219,tertiary,False,,False,74.21398402030312,ถนนศุภสารรังสรรค์,2,,,,,
1107784887,1110416654,0,706104219,tertiary,False,,True,50.12041764992566,ถนนศุภสารรังสรรค์,2,,,,,
1107862455,1431715384,0,129827553,residential,False,,True,58.254742745257474,Thanon Nipatpukdee Soi 2,,,,,,
1107862455,1431715410,0,232338905,tertiary,False,,False,81.83371901683995,Thanon Nipatpukdee,,,,,,
1107862455,1107862926,0,"[1259559184, 232338905, 1259559185]",tertiary,False,,True,60.99415412636716,Thanon Nipatpukdee,,,yes,,,
1107862455,1431715374,0,"[129827557, 706262925]",residential,False,,False,121.26481090087482,Thanon Nipatpukdee Soi 1,,,yes,,,
1107862819,1680661314,0,155690279,residential,False,,True,40.72300086093975,,,,,,,
1107862819,1558343216,0,931321078,tertiary,False,,False,97.51173755642196,ถนนพลพิชัย,,,,,,
1107862819,6636840466,0,931321078,tertiary,False,,True,306.79085649905494,ถนนพลพิชัย,,,,,,
1107862887,1559016809,0,232338905,tertiary,False,,True,145.50066036437238,Thanon Nipatpukdee,,,,,,
1107862887,8643290511,0,932391651,residential,False,,False,148.7031671100549,,,,,,,
1107862926,8643291816,0,498671445,residential,False,,True,46.98074495456009,,,,,,,
1107862926,1107862455,0,"[1259559184, 1259559185, 232338905]",tertiary,False,,False,60.99415412636716,Thanon Nipatpukdee,,,yes,,,
1107862926,1196924393,0,1259559184,tertiary,False,,True,42.901261842693465,Thanon Nipatpukdee,,,,,,
1107926432,4900466223,0,95542483,tertiary,False,,False,49.717704952062434,ถนนคลองเรียน 2,,,,,,
1107926432,1431867152,0,95542483,tertiary,False,,True,54.26667191994996,ถนนคลองเรียน 2,,,,,,
1107926432,1431867164,0,129842392,residential,False,,False,145.02278389405384,Thanon Klongren 2 Soi 8,,,,,,
1107926433,1558314144,0,706094740,residential,False,,False,25.61448196925423,ถนนสามชัย,,,,,,
1107926433,8976429007,0,970010765,tertiary,True,,False,284.2024293103294,ถนนธรรมนูญวิถี,,,,,,
1107926467,1107926968,0,243188710,tertiary,False,,True,51.43083506944884,ซอยบุญราช,,,,,,
1107926467,4900465052,0,498671427,residential,False,,False,113.48155376598346,ซอยทินกร,,,,,,
1107926467,1369020939,0,243188710,tertiary,False,,False,153.21706832616275,ซอยบุญราช,,,,,,
1107926481,1107926561,0,95542482,tertiary,False,,False,55.095151563725565,ถนนจุติอนุสรณ์,,,,,,
1107926481,2505176697,0,95809258,tertiary,False,,False,29.770320124134493,ถนนสามชัย,,,yes,,,
1107926481,1666900747,0,95542485,residential,False,,False,376.7202157513459,ถนนสามชัย,,,,,,
1107926481,1369020939,0,243188710,tertiary,False,,True,58.06374486789303,ซอยบุญราช,,,,,,
1107926513,13472440775,0,706105951,residential,False,,True,53.98508965725694,ถนนสามชัย,,,,,,
1107926513,8363308288,0,900244003,residential,False,,False,27.755266100372616,,,,,,,
1107926513,856214524,0,706105951,residential,False,,False,149.171496600775,ถนนสามชัย,,,,,,
1107926537,2506085555,0,243188741,residential,False,,False,126.45310375891617,,,,,,,
1107926537,8976429009,0,706105950,residential,False,,False,84.19245389416878,ถนนสามชัย,,,,,,
1107926537,1107926639,0,706105951,residential,False,,True,75.38289195523836,ถนนสามชัย,,,,,,
1107926561,1107926940,0,95542482,tertiary,False,,False,44.74135685811154,ถนนจุติอนุสรณ์,,,,,,
1107926561,1107926481,0,95542482,tertiary,False,,True,55.095151563725565,ถนนจุติอนุสรณ์,,,,,,
1107926561,2506088404,0,243188585,residential,False,,True,93.2926458835223,Soi 5 Suphasarnrangsan Road,,,,,,
1107926597,1680666173,0,95542487,unclassified,False,,True,410.24455949016783,Thanon Klongren 2 Soi 2,,,,,,
1107926597,1558314100,0,142395240,residential,False,,False,27.222613312476405,,,,,,,
1107926597,4900465180,0,706087698,unclassified,False,,False,45.5590067884946,Thanon Karnjanavanit Soi 19,,,,,,
1107926599,1107926977,0,95542482,tertiary,False,,False,49.36695493406135,ถนนจุติอนุสรณ์,,,,,,
1107926599,2506088529,0,243188641,residential,True,,False,91.81765298093376,Thanon Suvanvong,,,,,,
1107926599,1107926940,0,95542482,tertiary,False,,True,114.17218132627721,ถนนจุติอนุสรณ์,,,,,,
1107926606,1407219425,0,706087701,unclassified,False,,True,43.63570904967035,Thanon Karnjanavanit Soi 19,,,,,,
1107926606,6634523512,0,"[104353657, 85647285, 959974135]",primary,True,407,False,84.02550878495813,ถนนกาญจนวณิชย์,3,,yes,,,
1107926609,1431867096,0,95542483,tertiary,False,,False,13.206538926418155,ถนนคลองเรียน 2,,,,,,
1107926609,1263469280,0,95542483,tertiary,False,,True,52.55287636607934,ถนนคลองเรียน 2,,,,,,
1107926609,1680666111,0,95542487,unclassified,False,,False,47.61576866077695,Thanon Klongren 2 Soi 2,,,,,,
1107926639,856214524,0,706105951,residential,False,,True,104.72239087366812,ถนนสามชัย,,,,,,
1107926639,2506085631,0,243188351,residential,False,,True,119.44515112650768,Thanon Prachathipat Soi 3,,,,,,
1107926639,796747634,0,243188629,residential,False,,False,160.98615285735892,,,,,,,
1107926639,1107926537,0,706105951,residential,False,,False,75.38289195523836,ถนนสามชัย,,,,,,
1107926675,8642232172,0,127078252,residential,False,,False,160.0331549062602,,,,,,,
1107926675,4900465180,0,706087698,unclassified,False,,True,89.49313500732346,Thanon Karnjanavanit Soi 19,,,,,,
1107926675,1407220492,0,706087701,unclassified,False,,False,21.862228952389458,Thanon Karnjanavanit Soi 19,,,,,,
1107926719,1407219518,0,66984611,tertiary,False,,True,12.250310735404689,ถนนทุ่งรี,,,,,,
1107926719,6636716600,0,66984611,tertiary,False,,False,38.76059222798018,ถนนทุ่งรี,,,,,,
1107926734,1107926977,0,95542482,tertiary,False,,True,53.16054596035327,ถนนจุติอนุสรณ์,,,,,,
1107926734,2506089309,0,243188670,residential,True,,False,21.699308858426598,,,,,,,
1107926734,1110416526,0,95542482,tertiary,False,,False,166.73886519501298,ถนนจุติอนุสรณ์,,,,,,
1107926940,1107926561,0,95542482,tertiary,False,,True,44.74135685811154,ถนนจุติอนุสรณ์,,,,,,
1107926940,1107926599,0,95542482,tertiary,False,,False,114.17218132627721,ถนนจุติอนุสรณ์,,,,,,
1107926940,2506088492,0,243188552,residential,False,,True,86.11846985830145,Kullawat,,,,,,
1107926946,1407219518,0,66984611,tertiary,False,,False,25.348881847154665,ถนนทุ่งรี,,,,,,
1107926968,1110416567,0,243188348,tertiary,False,,True,33.63417057953387,ถนนสามชัย ซอย 3,,,yes,,,
1107926968,1107926467,0,243188710,tertiary,False,,False,51.43083506944884,ซอยบุญราช,,,,,,
1107926968,1680668239,0,96941852,residential,False,,False,389.69060511418013,ซอยบุญราช,,,,,,
1107926968,1680668226,0,243314395,tertiary,False,,True,96.7972486266807,ถนนสามชัย ซอย 3,,,,,,
1107926973,4900465066,0,498671279,residential,False,,True,38.25902717522727,Soi Klongdamrei,,,,,,
1107926973,6636716600,0,"[127078155, 66984611]",tertiary,False,,True,17.15956925102673,ถนนทุ่งรี,,,yes,,,
1107926973,796719881,0,127078355,tertiary,False,,False,99.76425277961282,ถนนบ้านทุ่งรี,,,,,,
1107926977,1107926734,0,95542482,tertiary,False,,False,53.16054596035327,ถนนจุติอนุสรณ์,,,,,,
1107926977,1107926599,0,95542482,tertiary,False,,True,49.36695493406135,ถนนจุติอนุสรณ์,,,,,,
1107926977,2506088612,0,243188594,residential,True,,False,88.40021995712328,,,,,,,
1107926977,2506089309,0,980451721,unclassified,False,,True,55.88201618236482,,,,,,,
1108909293,1108909401,0,95637117,residential,False,,True,33.468295677786095,,,,,,,
1108909293,1108909487,0,706265656,residential,False,,False,48.91496962908084,,,,,,,
1108909293,8642697507,0,"[932318964, 932318965]",residential,False,,False,159.45906134180615,,,,,,,
1108909313,4900465097,0,95637131,tertiary,False,,False,13.795282337805236,ถนนทุ่งเสา 2,,,,,,
1108909313,1680664939,0,95637131,tertiary,False,,True,46.352803403810846,ถนนทุ่งเสา 2,,,,,,
1108909313,4900465177,0,498671469,residential,False,,False,155.0834311394003,Thanon Thung Sao 12/1,,,,,,
1108909319,1680663049,0,95637133,unclassified,False,,True,89.10216784747351,Soi 3 Chan Viroj,,,,,,
1108909319,1680663402,0,95637140,residential,False,,False,40.68779517626613,ถนนจันทร์วิโรจน์,,,,,,
1108909319,1108909394,0,95637140,residential,False,,True,64.17622234734084,ถนนจันทร์วิโรจน์,,,,,,
1108909332,9168932845,0,155690366,residential,False,,False,29.327390967936246,Thanon Sutthisamit,,,,,,
1108909332,1108909550,0,931321078,tertiary,False,,False,65.96354053523778,ถนนพลพิชัย,,,,,,
1108909332,1680664322,0,931321078,tertiary,False,,True,73.50404584193538,ถนนพลพิชัย,,,,,,
1108909355,1108909494,0,95637138,residential,False,,False,23.488847958071098,ถนนสาครมงคล ซอย 3,,,,,,
1108909355,2506088067,0,95637138,residential,False,,True,50.26073422211313,ถนนสาครมงคล ซอย 3,,,,,,
1108909355,2506088527,0,95637137,residential,False,,False,249.89507474269953,ถนนศรนรินทร์,,,,,,
1108909394,1108909319,0,95637140,residential,False,,False,64.17622234734084,ถนนจันทร์วิโรจน์,,,,,,
1108909394,4900465043,0,155691164,residential,False,,False,56.35458307435001,,,,,,,
1108909394,4900465515,0,155691164,residential,False,,True,179.18420931470644,,,,,,,
1108909401,1108909293,0,95637117,residential,False,,False,33.468295677786095,,,,,,,
1108909401,8642697501,0,95637123,residential,False,,True,21.41727750429643,Soi 5 Thung Sao 2 Road,,,,,,
1108909401,1559016826,0,95637125,residential,False,,False,91.13309347934019,,,,,,,
1108909411,8934538596,0,142398165,unclassified,False,,False,5.833596036177864,,,,,,,
1108909411,4900465140,0,155690274,residential,False,,True,51.72701480363665,,,,,,,
1108909411,8635026610,0,699744521,unclassified,False,,True,45.40583522879737,,,,,,,
1108909449,1680667230,0,706341245,tertiary,False,,True,125.62875286566425,ถนนสาครมงคล,,,,,,
1108909449,1680666900,0,84842969,secondary,True,,False,111.53475974404265,ถนนเพชรเกษม,,,,,,
1108909473,1680662668,0,95637133,unclassified,False,,False,125.23670835033272,Soi 3 Chan Viroj,,,,,,
1108909473,1680662362,0,142398173,residential,False,,True,50.698033773061596,ถนนจันทร์วิโรจน์ ซอย 5,,,,,,
1108909473,1108909621,0,142398173,residential,False,,False,80.44539291175172,ถนนจันทร์วิโรจน์ ซอย 5,,,,,,
1108909487,1108909293,0,706265656,residential,False,,True,48.91496962908084,,,,,,,
1108909494,1108909355,0,95637138,residential,False,,True,23.488847958071098,ถนนสาครมงคล ซอย 3,,,,,,
1108909494,2506088278,0,95637138,residential,False,,False,30.008708972749886,ถนนสาครมงคล ซอย 3,,,,,,
1108909494,8634648993,0,931329680,residential,False,,False,176.57111440891669,,,,,,,
1108909501,2506095129,0,706341245,tertiary,False,,False,26.159187619322832,ถนนสาครมงคล,,,,,,
1108909501,2506095614,0,706341245,tertiary,False,,True,14.557649560483846,ถนนสาครมงคล,,,,,,
1108909519,1108909644,0,95637131,tertiary,False,,True,45.611989732603895,ถนนทุ่งเสา 2,,,,,,
1108909519,1680665045,0,685344729,residential,False,,False,41.01824134332424,ถนนศรีภูวนารถ ซอย 10,,,,,,
1108909519,1680665338,0,1322055591,unclassified,True,,False,45.807516066556666,Thanon Sripoomvanart Soi 10,,,,,,
1108909542,1559016880,0,1315837498,tertiary,True,,False,46.027884425849535,ถนนนิพัทธ์อุทิศ 1,3,,,,,
1108909542,1108909723,0,95637139,residential,True,,False,84.149208627962,Thanon Leepatana,,,,,,
1108909542,4900465149,0,706096639,residential,False,,False,53.48492044832104,Thanon Nipatuthit 1 Soi 1,,,,,,
1108909545,8523363326,0,952598318,tertiary,False,,True,30.468829316351517,ถนนรัถการ,2,,,,,
1108909545,1120014693,0,96713675,tertiary,False,,False,443.8422102908811,ถนนนิพัทธ์สงเคราะห์ 1 ซอย 5,,,,,,
1108909545,2052529358,0,"[1420859561, 84842972, 952598318]",tertiary,False,,False,158.81710447042605,ถนนรัถการ,2,,,,,
1108909548,2506090391,0,243188221,residential,False,,True,87.71593870940154,Thanon Tammatatutit,,,,,,
1108909548,8634798737,0,706341245,tertiary,False,,False,46.77549851137271,ถนนสาครมงคล,,,,,,
1108909548,13327840483,0,706341245,tertiary,False,,True,8.658183102880376,ถนนสาครมงคล,,,,,,
1108909550,1108909332,0,931321078,tertiary,False,,True,65.96354053523778,ถนนพลพิชัย,,,,,,
1108909550,8363189526,0,155691050,residential,False,,False,225.67509267559393,Thanon Watprakarn,,,,,,
1108909550,1680663769,0,931321078,tertiary,False,,False,50.77077824227688,ถนนพลพิชัย,,,,,,
1108909554,13378469948,0,95637138,residential,False,,True,12.534225301383945,ถนนสาครมงคล ซอย 3,,,,,,
1108909554,2506088533,0,706341245,tertiary,False,,True,44.705073667233705,ถนนสาครมงคล,,,,,,
1108909554,4890612258,0,706341245,tertiary,False,,False,475.51762467426806,ถนนสาครมงคล,,,,,,
1108909562,1680663706,0,95637131,tertiary,False,,False,47.09983900627995,ถนนทุ่งเสา 2,,,,,,
1108909562,1680663378,0,706256384,residential,False,,True,34.79743926394405,Thanon Thungsao 2,,,,,,
1108909562,8642704671,0,706265654,tertiary,False,,True,74.0964590160183,Thung Sao 1 Rd,,,,,,
1108909562,1431715396,0,699753145,tertiary,False,,False,194.6318640725132,ถนนทุ่งเสา 1,,,,,,
1108909564,8642422888,0,155690908,residential,False,,True,36.123354723886656,Thanon Phonphichai Soi 12,,,,,,
1108909564,1558729775,0,931321078,tertiary,False,,False,117.53198533426787,ถนนพลพิชัย,,,,,,
1108909564,1680662857,0,931321078,tertiary,False,,True,52.05749159396987,ถนนพลพิชัย,,,,,,
1108909586,13347725404,0,952598318,tertiary,False,,False,34.0469419752401,ถนนรัถการ,2,,,,,
1108909586,2506086906,0,952598318,tertiary,False,,True,58.295801534407985,ถนนรัถการ,2,,,,,
1108909586,2506087487,0,243188200,residential,False,,False,202.7831757810274,ถนนชีวานุสรณ์,,,,,,
1108909596,8634730514,0,706341245,tertiary,False,,False,28.802660744688463,ถนนสาครมงคล,,,,,,
1108909596,2506093285,0,706341245,tertiary,False,,True,18.007009447476214,ถนนสาครมงคล,,,,,,
1108909596,2506093175,0,243188089,residential,False,,False,160.0434125055759,Soi 5 Sakornmongkol,,,,,,
1108909621,1108909473,0,142398173,residential,False,,True,80.44539291175172,ถนนจันทร์วิโรจน์ ซอย 5,,,,,,
1108909621,1680662523,0,"[155690770, 498671323, 155690663]",residential,False,,"[False, True]",263.62950156477245,,,,,,,
1108909621,1680662523,1,155690886,residential,False,,True,150.20246736943633,,,,,,,
1108909644,1108909519,0,95637131,tertiary,False,,False,45.611989732603895,ถนนทุ่งเสา 2,,,,,,
1108909644,1108909722,0,95637122,residential,False,,True,224.47689942886865,ซอย 14 ถนนทุ่งเสา 2,,,,,,
1108909644,1559016832,0,95637131,tertiary,False,,True,46.0278932194949,ถนนทุ่งเสา 2,,,,,,
1108909672,1173916525,0,103596544,residential,False,,False,48.84599192492005,ถนนโชติวิทยะกุล 5,,,,,,
1108909672,1123399751,0,1216711164,residential,False,,True,35.871793117541465,Thanon Chotevittayakul 5,,,,,,
1108909672,4900465022,0,685344729,residential,False,,True,99.00768607541892,ถนนศรีภูวนารถ ซอย 10,,,,,,
1108909691,1680663941,0,95637131,tertiary,False,,True,56.89743892016125,ถนนทุ่งเสา 2,,,,,,
1108909691,1431715388,0,95637123,residential,False,,False,86.8455408777631,Soi 5 Thung Sao 2 Road,,,,,,
1108909691,1431715442,0,95637131,tertiary,False,,False,66.59410213357657,ถนนทุ่งเสา 2,,,,,,
1108909691,1680663483,0,155691039,residential,False,,True,114.1628471218674,Thanon Thungsao 2 Soi 4/1,,,,,,
1108909716,796747456,0,65080340,residential,False,,False,45.42113624651334,ถนนจันทร์นิเวศน์ 2,,,,,,
1108909716,1123399813,0,232338905,tertiary,False,,False,73.0534102797895,Thanon Nipatpukdee,,,,,,
1108909716,1431715385,0,232338905,tertiary,False,,True,119.01783355427233,Thanon Nipatpukdee,,,,,,
1108909722,1123399751,0,706259495,residential,False,,False,61.36648162849046,,,,,,,
1108909722,1108909644,0,95637122,residential,False,,False,224.47689942886865,ซอย 14 ถนนทุ่งเสา 2,,,,,,
1108909722,1123399945,0,706259495,residential,False,,True,48.482795345101366,,,,,,,
1108909723,1122072640,0,40264696,tertiary,True,,False,141.85063085487096,ถนนนิพัทธ์อุทิศ 2,3,,,,,
1108909747,2506091676,0,243188193,residential,False,,True,148.36149877697613,Thanon Rajuthit Soi  29,,,,,,
1108909747,2506091993,0,706341245,tertiary,False,,True,41.865270479019614,ถนนสาครมงคล,,,,,,
1108909747,2506091424,0,706341245,tertiary,False,,False,46.87546673459808,ถนนสาครมงคล,,,,,,
1110416315,2507400939,0,700908620,residential,False,,False,29.950685224658805,,,,,,,
1110416315,1123399667,0,96941854,residential,False,,False,68.62382773169854,ซอยชุมอุทิศ 1,,,,,,
1110416315,2507400898,0,700908619,residential,False,,True,87.53899309246161,,,,,,,
1110416342,1120012976,0,243079621,residential,False,,True,50.1801618064904,Thanon Samchai 3,2,,,,,
1110416342,2506089901,0,243188503,residential,False,,True,46.7453771770567,,,,,,,
1110416342,1110416567,0,243079621,residential,False,,False,103.85480789415391,Thanon Samchai 3,2,,,,,
1110416355,2507400883,0,243188149,residential,False,,False,40.37157932067156,,,,,,,
1110416355,1110416501,0,451806328,residential,False,,True,49.66841317157035,,,,,,,
1110416355,2507400898,0,700908619,residential,False,,False,68.97534489036636,,,,,,,
1110416379,1559016903,0,95809262,residential,False,,False,52.79611402608908,Thanon Chaiyakuluthit Soi 4,,,,,,
1110416379,1680666461,0,706256380,tertiary,False,,False,20.1523983694915,ถนนละม้ายสงเคราะห์,,,,,,
1110416379,1680666322,0,706256380,tertiary,False,,True,34.21619971437434,ถนนละม้ายสงเคราะห์,,,,,,
1110416402,1110416567,0,451806328,residential,False,,True,64.57737490780477,,,,,,,
1110416402,1120012989,0,243188067,residential,False,,True,160.51112260070775,,,,,,,
1110416402,2506090909,0,451806328,residential,False,,False,54.592351224860366,,,,,,,
1110416410,2052547075,0,706256377,residential,False,,False,46.059131595824084,Thanon Sheutit,2,,,,,
1110416410,1431715429,0,"[1365892990, 969765782]",residential,False,,True,16.849646848812306,Thanon Sheutit,2,,yes,,,
1110416444,13424220804,0,706092523,residential,True,,False,44.235410475186114,Thanon Pracharak,,,,,,
1110416444,1110416654,0,706104219,tertiary,False,,False,77.70598232667405,ถนนศุภสารรังสรรค์,2,,,,,
1110416444,1140280757,0,706104219,tertiary,False,,True,48.208653080419175,ถนนศุภสารรังสรรค์,2,,,,,
1110416444,2506087432,0,1365892748,residential,False,,False,104.97420420202927,Thanon Pracharak,,,,,,
1110416454,2506085476,0,95533432,tertiary,False,,False,25.109009301168026,ถนนหอยมุกต์,,,,,,
1110416469,2507400772,0,95542482,tertiary,False,,False,54.742163944851654,ถนนจุติอนุสรณ์,,,,,,
1110416469,2507400769,0,95542482,tertiary,False,,True,64.90112092934167,ถนนจุติอนุสรณ์,,,,,,
1110416469,1123399492,0,100401320,tertiary,False,,False,93.57409021734897,,,,,,,
1110416470,2506087955,0,95809268,residential,True,,False,48.20600748444361,Thanon Suphassrnrangsan Soi 1,,,,,,
1110416470,4900465517,0,706104217,residential,False,,False,29.84395895636934,ถนนเเสงศรี,,,,,,
1110416470,2506088039,0,706104217,residential,False,,True,61.360964768353355,ถนนเเสงศรี,,,,,,
1110416501,2935421242,0,290007153,residential,False,,True,109.31797112520448,,,,,,,
1110416501,1110416355,0,451806328,residential,False,,False,49.66841317157035,,,,,,,
1110416501,2506090909,0,451806328,residential,False,,True,58.76215031156897,,,,,,,
1110416526,2507400769,0,95542482,tertiary,False,,False,49.42407232899226,ถนนจุติอนุสรณ์,,,,,,
1110416526,1107926734,0,95542482,tertiary,False,,True,166.738865195013,ถนนจุติอนุสรณ์,,,,,,
1110416526,1123399569,0,243188273,residential,False,,False,114.6703092333225,,,,,,,
1110416535,2507400998,0,243314261,residential,False,,True,81.52447042119027,,,,,,,
1110416535,1110416604,0,700908620,residential,False,,False,50.91818821664286,,,,,,,
1110416535,2507400939,0,700908620,residential,False,,True,47.627679063207644,,,,,,,
1110416535,2507401162,0,"[243314369, 700908870]",residential,False,,"[False, True]",230.82472755603055,,,,,,,
1110416556,1107773211,0,1454593202,tertiary,False,,True,20.817143841688672,ถนนหอยมุกต์,,,,,,
1110416556,1110416655,0,129827554,unclassified,False,,True,87.74437316378348,ถนนหอยมุกต์,,,,,,
1110416556,1431715429,0,706256383,unclassified,True,,False,91.60633521440336,,,,,,,
1110416556,1431715409,0,"[1374050352, 1374050353, 706256379]",residential,False,,False,28.62917553159774,ถนนกิมประดิษฐ์,,,yes,,,
1110416567,1123399513,0,96941841,residential,False,,True,50.45364976211813,,,,,,,
1110416567,1107926968,0,243188348,tertiary,False,,False,33.63417057953387,ถนนสามชัย ซอย 3,,,yes,,,
1110416567,1110416402,0,451806328,residential,False,,False,64.57737490780477,,,,,,,
1110416567,1110416342,0,243079621,residential,False,,True,103.85480789415391,Thanon Samchai 3,2,,,,,
1110416568,1431715366,0,243079805,tertiary,True,,False,22.678980963796892,ถนนธรรมนูญวิถี,,,yes,,,
1110416568,1110416410,0,1365892991,residential,True,,False,75.54412360178249,,,,,,,
1110416568,2052489649,0,706520617,residential,False,,True,128.43180890058437,Thumnoonvithi Road,,,,,,
1110416604,1110416608,0,243079714,residential,False,,False,77.86575442964926,Soi Chum Uthit 3,,,,,,
1110416604,4900465454,0,700908620,residential,False,,False,46.22346075257164,,,,,,,
1110416604,1110416535,0,700908620,residential,False,,True,50.91818821664286,,,,,,,
1110416608,1110416604,0,243079714,residential,False,,True,77.86575442964926,Soi Chum Uthit 3,,,,,,
1110416608,4900465455,0,243188782,secondary,True,,False,46.78040564848604,ถนนราษฎร์ยินดี,,,,,,
1110416631,12346099051,0,95809267,residential,True,,False,2.22524311032394,ถนนสวนศิริ,,,,,,
1110416631,1123399502,0,"[243188785, 243188786]",residential,False,,False,24.046418751320047,ถนนสวนศิริ,,,yes,,,
1110416654,1107784887,0,706104219,tertiary,False,,False,50.12041764992566,ถนนศุภสารรังสรรค์,2,,,,,
1110416654,1110416444,0,706104219,tertiary,False,,True,77.70598232667405,ถนนศุภสารรังสรรค์,2,,,,,
1110416655,1110416556,0,129827554,unclassified,False,,False,87.74437316378348,ถนนหอยมุกต์,,,,,,
1110416655,1680666468,0,129827554,unclassified,False,,True,132.02341503883943,ถนนหอยมุกต์,,,,,,
1110416655,8643114367,0,932368267,residential,False,,False,46.85161155071816,,,,,,,
1110416666,1680665792,0,95809263,residential,False,,False,100.26070783147968,ถนนละม้ายสงเคราะห์,,,,,,
1110416666,796720075,0,1223390438,secondary,True,,False,233.6886985870645,ถนนศรีภูวนารถ,,,,,,
1110416677,1680666026,0,95809263,residential,False,,True,22.300938823978463,ถนนละม้ายสงเคราะห์,,,,,,
1110416677,1680666119,0,706256380,tertiary,False,,False,21.12330334018084,ถนนละม้ายสงเคราะห์,,,,,,
1110416677,1559016895,0,142455604,residential,False,,False,91.38364462472528,ถนนละม้ายสงเคราะห์,,,,,,
1110416726,1431715372,0,148941242,residential,False,,False,29.002433694075354,ถนนฉัยยากุลอุทิศ,,,,,,
1110416726,1680666468,0,129827554,unclassified,False,,False,165.219121128506,ถนนหอยมุกต์,,,,,,
1110416726,1559016895,0,142455604,residential,False,,True,94.59496116187461,ถนนละม้ายสงเคราะห์,,,,,,
1110416726,1559016898,0,"[148941242, 148941245, 95532102]",residential,False,,True,40.61641300359146,ถนนฉัยยากุลอุทิศ,,,yes,,,
1110416742,4900465069,0,243188765,unclassified,False,,False,58.72798587398063,Thanon Samchai,,,,,,
1110416742,2505176697,0,243188765,unclassified,False,,True,39.21736141772014,Thanon Samchai,,,,,,
1110416742,1123399740,0,497290263,residential,False,,True,62.66738028256355,Thanon Jirnakorn,,,,,,
1110416754,1123399591,0,95542482,tertiary,False,,False,38.98193285117974,ถนนจุติอนุสรณ์,,,,,,
1110416754,2507400772,0,95542482,tertiary,False,,True,93.30620197505229,ถนนจุติอนุสรณ์,,,,,,
1110416754,2506089487,0,243188786,residential,False,,True,50.86116296188549,ถนนสวนศิริ,,,,,,
1115361870,2505176348,0,96217972,residential,False,,True,187.86506960363087,ถนนประชายินดี ซอย 4,,,,,,
1115361870,2507400706,0,243314468,residential,False,,False,44.44928427969004,Soi Noon Uthit,,,,,,
1115361870,2507400685,0,243314468,residential,False,,True,74.25223380554102,Soi Noon Uthit,,,,,,
1115361870,4900465243,0,706091196,residential,False,,False,52.350705560291,Soi 4 Klongren Road 1,,,,,,
1115560969,13347606684,0,967724491,tertiary,False,,True,21.6524742127867,ถนนสัจจกุล,,,,,,
1115560969,1115561003,0,243188751,tertiary,True,,False,435.85674666484533,ถนนสัจจกุล,,,,,,
1115560973,1115561024,0,48598023,tertiary,True,,False,41.86844150047123,ถนนราษฏร์อุทิศ,,,,,,
1115560973,2506092381,0,243188760,residential,False,,False,714.5746833446672,Thanon Rattana Uthit Soi 15,,,,,,
1115560979,2506091462,0,48598023,tertiary,True,,False,42.32715188608524,ถนนราษฏร์อุทิศ,,,,,,
1115560979,2506091732,0,243188022,residential,False,,False,726.305638924846,Thanon Rattana Uthit Soi 13,,,,,,
1115560991,2506095681,0,1150624011,tertiary,True,,False,64.46441911390994,ถนนราษฏร์อุทิศ,,,,,,
1115560991,2506096242,0,243188564,residential,False,,True,279.2958589788043,Thanon Rajuthit Soi  30/2,,,,,,
1115560995,5460392235,0,48598023,tertiary,True,,False,106.07815974902361,ถนนราษฏร์อุทิศ,,,,,,
1115560995,2506089434,0,243188645,residential,False,,False,129.07201804223288,,,,,,,
1115561003,2506095681,0,1150624013,tertiary,True,,False,10.579166455218187,ถนนราษฏร์อุทิศ,,,,,,
1115561003,2506095568,0,1150624016,tertiary,True,,False,10.771837930943981,ถนนสัจจกุล,,,,,,
1115561003,2506094858,0,48598023,tertiary,True,,False,56.96847764430157,ถนนราษฏร์อุทิศ,,,,,,
1115561016,2506092981,0,48598023,tertiary,True,,False,41.123272643484114,ถนนราษฏร์อุทิศ,,,,,,
1115561016,2506093364,0,243188006,residential,False,,False,696.4836239752308,Thanon Rattana Uthit Soi 18,,,,,,
1115561024,1115560979,0,48598023,tertiary,True,,False,43.11033395991536,ถนนราษฏร์อุทิศ,,,,,,
1115561024,2506092132,0,700908574,residential,False,,True,720.1674689463782,Thanon Rattana Uthit Soi 14,,,,,,
1115561030,2506093692,0,48598023,tertiary,True,,False,44.5788959359701,ถนนราษฏร์อุทิศ,,,,,,
1115561030,2506094041,0,243188734,residential,False,,False,517.6860892935397,Thanon Rattana Uthit Soi 20,,,,,,
1115561039,2506097089,0,96240985,residential,False,,False,94.7172744133322,ถนนราษฎร์อุทิศ ซอย 32/1,,,,,,
1115561039,2506096642,0,1150624011,tertiary,True,,False,51.4493007229315,ถนนราษฏร์อุทิศ,,,,,,
1115561044,2506089928,0,48598023,tertiary,True,,False,53.24971081941526,ถนนราษฏร์อุทิศ,,,,,,
1115561044,2506090288,0,"[700908581, 243188542, 498671287]",residential,False,,False,637.0564931178939,Thanon Rattana Uthit Soi 5,,,,,,
1115561050,2506097017,0,96240985,residential,False,,True,142.587633058856,ถนนราษฎร์อุทิศ ซอย 32/1,,,,,,
1115561051,4900465922,0,84842973,secondary,False,,True,35.965566300914276,ถนนนิพันธ์สงเคราะห์,,,,,,
1115561051,8524057336,0,96240987,tertiary,False,,False,36.219386663657524,ถนนสัจจกุล,,,,,,
1115561051,2506094426,0,84842973,secondary,False,,False,169.79243747315365,ถนนนิพันธ์สงเคราะห์,,,,,,
1115585385,1115585909,0,142453602,residential,False,,False,60.21589004986505,Thanon Choltara,,,,,,
1115585385,1966404349,0,498671395,residential,True,,False,90.30899279880411,,,,,,,
1115585385,4900464584,0,1204844051,tertiary,False,,True,21.637741653293826,ถนนประชาธิปัตย์,,,,,,
1115585385,4900464598,0,969757849,tertiary,False,,False,60.313238816337375,ถนนประชาธิปัตย์,,,,,,
1115585393,1123399771,0,96242763,residential,True,,False,53.33232285498286,,,,,,,
1115585393,947896971,0,706104219,tertiary,False,,False,17.86422019203876,ถนนศุภสารรังสรรค์,2,,,,,
1115585393,1123399639,0,706104219,tertiary,False,,True,181.0423374329536,ถนนศุภสารรังสรรค์,2,,,,,
1115585403,13545019681,0,96242763,residential,True,,False,38.95994562262696,,,,,,,
1115585403,1966404349,0,154097280,residential,False,,False,39.0437406260928,Thanon Boonponguthit,,,,,,
1115585416,1115585463,0,142453602,residential,False,,True,51.216374924320164,Thanon Choltara,,,,,,
1115585416,12649445299,0,706520617,residential,False,,False,63.95694695425057,Thumnoonvithi Road,,,,,,
1115585416,1123399587,0,969765780,residential,False,,True,196.6382076612613,Thumnoonvithi Road,,,,,,
1115585426,1115585518,0,243079792,residential,True,,False,91.58727645235827,,,,,,,
1115585426,2505177118,0,243314386,residential,True,,False,158.04839319628394,Thanon Jirnakorn Soi 2,,,,,,
1115585463,1115585909,0,142453602,residential,False,,True,46.946682642859834,Thanon Choltara,,,,,,
1115585463,1115585416,0,142453602,residential,False,,False,51.216374924320164,Thanon Choltara,,,,,,
1115585463,2506085525,0,243188024,residential,False,,False,407.95400653210436,,,,,,,
1115585518,2507400879,0,970311985,secondary,True,,False,47.854463696970925,ถนนเพชรเกษม,,,,,,
1115585548,2507401428,0,84842964,tertiary,False,,False,44.559615519483806,ถนนนิพัทธ์สงเคราะห์ 1 ซอย 4,,,,,,
1115585548,4900464606,0,96242772,tertiary,False,,True,64.92169526711315,ถนนนิพัทธ์สงเคราะห์ 4,,,,,,
1115585548,8935262480,0,706136674,tertiary,False,,False,69.94434375013111,ถนนนิพัทธ์สงเคราะห์ 4,,,,,,
1115585548,8363289259,0,84842964,tertiary,False,,True,87.42391827640424,ถนนนิพัทธ์สงเคราะห์ 1 ซอย 4,,,,,,
1115585643,2507402003,0,96242772,tertiary,False,,True,53.331862346587535,ถนนนิพัทธ์สงเคราะห์ 4,,,,,,
1115585643,2507401965,0,96242772,tertiary,False,,False,60.73006715697434,ถนนนิพัทธ์สงเคราะห์ 4,,,,,,
1115585643,2507401993,0,243314179,residential,False,,False,160.10730575523945,Soi Samarkee,,,,,,
1115585792,1123399562,0,706520617,residential,False,,True,51.093770430425884,Thumnoonvithi Road,,,,,,
1115585792,2052489649,0,706520617,residential,False,,False,61.58394880998435,Thumnoonvithi Road,,,,,,
1115585792,2506085690,0,931354570,residential,True,,False,95.35587094635089,,,,,,,
1115585796,3614995932,0,65080343,secondary,True,,False,79.09682630672386,ถนนเพชรเกษม,,,,,,
1115585796,4900465387,0,706136674,tertiary,False,,True,221.30213944847458,ถนนนิพัทธ์สงเคราะห์ 4,,,,,,
1115585857,4888861618,0,497290261,residential,True,,False,7.8418891204188785,,,,,roundabout,,
1115585867,985092433,0,84842972,tertiary,False,,False,175.56319695719046,ถนนรัถการ,2,,,,,
1115585867,2507402055,0,84842972,tertiary,False,,True,79.25863374234197,ถนนรัถการ,2,,,,,
1115585867,8635272037,0,96242772,tertiary,False,,False,120.85890839412144,ถนนนิพัทธ์สงเคราะห์ 4,,,,,,
1115585897,2507401496,0,96242772,tertiary,False,,False,40.42537274493847,ถนนนิพัทธ์สงเคราะห์ 4,,,,,,
1115585897,2507401525,0,96242772,tertiary,False,,True,51.942746357189534,ถนนนิพัทธ์สงเคราะห์ 4,,,,,,
1115585897,2507401509,0,243314367,residential,False,,False,148.42933383272364,Thanon Nipatsongkaew 2 Soi 3,,,,,,
1115585909,1115585463,0,142453602,residential,False,,False,46.946682642859834,Thanon Choltara,,,,,,
1115585909,1115585385,0,142453602,residential,False,,True,60.21589004986505,Thanon Choltara,,,,,,
1115585909,4900465166,0,498671393,residential,False,,True,108.01713841678081,,,,,,,
1120012974,2505176388,0,96713525,residential,False,,False,152.21787896937403,ถนนราฎร์ยินดี ซอย 4,,,,,,
1120012974,2505176470,0,96713525,residential,False,,True,249.4568849687121,ถนนราฎร์ยินดี ซอย 4,,,,,,
1120012974,8932380443,0,965556034,residential,False,,False,44.904067544261025,,,,,,,
1120012976,1110416342,0,243079621,residential,False,,False,50.1801618064904,Thanon Samchai 3,2,,,,,
1120012976,6634648309,0,243188765,unclassified,False,,False,37.72236842370576,Thanon Samchai,,,,,,
1120012976,4900465069,0,243188765,unclassified,False,,True,79.75651093273204,Thanon Samchai,,,,,,
1120012989,2506090979,0,243188765,unclassified,False,,False,47.76589179614222,Thanon Samchai,,,,,,
1120012989,6634648309,0,243188765,unclassified,False,,True,11.687587304086247,Thanon Samchai,,,,,,
1120012989,1110416402,0,243188067,residential,False,,False,160.51112260070775,,,,,,,
1120014693,2507400951,0,84842973,secondary,False,,True,25.501318273728756,ถนนนิพันธ์สงเคราะห์,,,,,,
1120014693,2507400902,0,970291416,secondary,False,,False,17.797448900427046,ถนนนิพันธ์สงเคราะห์,,,,,,
1120014693,1108909545,0,96713675,tertiary,False,,True,443.8422102908811,ถนนนิพัทธ์สงเคราะห์ 1 ซอย 5,,,,,,
1122072640,1122072695,0,96837171,residential,True,,False,79.61660434814361,Thanon Niyomrat,,,,,,
1122072640,1196113662,0,40264696,tertiary,True,,False,108.54511554620257,ถนนนิพัทธ์อุทิศ 2,3,,,,,
1122072645,1107773194,0,84842974,tertiary,True,,False,73.23065463709847,ถนนนิพัทธ์อุทิศ 3,3,,,,,
1122072645,1122072640,0,706096643,residential,True,,False,73.96403541376269,Thanon Niyomrat,,,,,,
1122072658,1107784878,0,706256379,residential,False,,False,75.85741258772832,ถนนกิมประดิษฐ์,,,,,,
1122072658,1431715409,0,706256379,residential,False,,True,23.34170097820862,ถนนกิมประดิษฐ์,,,,,,
1122072658,1122072674,0,96837170,residential,False,,False,182.62190163678505,,,,,,,
1122072673,1431715395,0,96837172,residential,True,,False,79.51035630339858,ถนนเสน่หานุสรณ์,,,,,,
1122072673,1431715359,0,129827558,residential,False,,False,83.24201652971038,ถนนเสน่หานุสรณ์,,,,,,
1122072673,1431715421,0,706096643,residential,True,,False,39.102652446839606,Thanon Niyomrat,,,,,,
1122072674,1680666546,0,129827552,residential,False,,True,26.69156755791317,,,,,,,
1122072674,1559016898,0,96837170,residential,False,,False,276.47449388346973,,,,,,,
1122072674,1122072658,0,96837170,residential,False,,True,182.62190163678505,,,,,,,
1122072681,2052547074,0,706096640,residential,True,,False,87.76743298186314,ถนนเสน่หานุสรณ์,,,,,,
1122072681,1174378788,0,706096644,residential,False,,True,89.06115305607837,ถนนเสน่หานุสรณ์,,,,,,
1122072681,4900465208,0,706256379,residential,False,,True,92.78954954994985,ถนนกิมประดิษฐ์,,,,,,
1122072695,1108909542,0,1315837498,tertiary,True,,False,138.14400789446623,ถนนนิพัทธ์อุทิศ 1,3,,,,,
1123399472,1196924377,0,95637131,tertiary,False,,False,16.913038636669977,ถนนทุ่งเสา 2,,,,,,
1123399472,1431715400,0,95637131,tertiary,False,,True,52.42406281462056,ถนนทุ่งเสา 2,,,,,,
1123399472,1160612986,0,100401246,residential,False,,False,143.06820915255992,Soi Kum Uthit 1,,,,,,
1123399483,2506088518,0,243188565,residential,False,,True,90.3090960578046,Thanon Supasarnrangsan Soi 4/3,2,,,,,
1123399483,1123399659,0,706094741,residential,False,,False,58.677753600654675,Thanon Supasarnrangsan Soi 4/1,2,,,,,
1123399483,1123399641,0,706094741,residential,False,,True,40.33274051027978,Thanon Supasarnrangsan Soi 4/1,2,,,,,
1123399486,2506088938,0,243188085,residential,False,,False,83.39422982531926,,,,,,,
1123399486,1123399943,0,684741141,unclassified,False,,True,28.279598659895296,,,,,,,
1123399486,1123399502,0,684741141,unclassified,False,,False,149.43107193230017,,,,,,,
1123399489,1123399659,0,706094741,residential,False,,True,59.90324534517424,Thanon Supasarnrangsan Soi 4/1,2,,,,,
1123399489,3376084911,0,"[684741338, 684740716]",unclassified,False,,False,17.123597333958813,,,,,,,
1123399492,1110416469,0,100401320,tertiary,False,,True,93.57409021734897,,,,,,,
1123399492,1160617590,0,243188214,tertiary,False,,False,38.840837217976635,,,,yes,,,
1123399492,1123399863,0,1257722739,unclassified,True,,False,59.30538019524436,,,,,,,
1123399502,2506088938,0,243188786,residential,False,,False,75.52866031880247,ถนนสวนศิริ,,,,,,
1123399502,1110416631,0,"[243188785, 243188786]",residential,False,,True,24.046418751320047,ถนนสวนศิริ,,,yes,,,
1123399502,1123399486,0,684741141,unclassified,False,,True,149.43107193230017,,,,,,,
1123399513,1110416567,0,96941841,residential,False,,False,50.45364976211813,,,,,,,
1123399513,2506089901,0,243188196,residential,False,,False,68.61634104056483,,,,,,,
1123399513,1123399700,0,96941841,residential,False,,True,68.0174450590954,,,,,,,
1123399516,6634656806,0,243188552,residential,False,,False,95.75114590355005,Kullawat,,,,,,
1123399516,1123399683,0,243188705,unclassified,False,,True,79.96049232490336,,,,,,,
1123399516,1123399641,0,706094741,residential,False,,False,52.86687827132102,Thanon Supasarnrangsan Soi 4/1,2,,,,,
1123399535,4488358856,0,452037066,residential,False,,False,78.45931394884454,Thanon Supasarnrangsan Soi 6,2,,,,,
1123399535,4488358857,0,452036923,residential,False,,False,55.686952108851955,Soi 5 Suphasarnrangsan Road,,,,,,
1123399535,1123399561,0,452036923,residential,False,,True,49.63330402994466,Soi 5 Suphasarnrangsan Road,,,,,,
1123399561,4488368090,0,452036922,residential,False,,False,71.11042850136174,Thanon Supasarnrangsan Soi 6,2,,,,,
1123399561,1123399535,0,452036923,residential,False,,False,49.633304029944654,Soi 5 Suphasarnrangsan Road,,,,,,
1123399561,4488366488,0,452036923,residential,False,,True,56.82410471477036,Soi 5 Suphasarnrangsan Road,,,,,,
1123399562,1115585792,0,706520617,residential,False,,False,51.093770430425884,Thumnoonvithi Road,,,,,,
1123399562,13424220819,0,1463496593,residential,False,,False,18.289885810340156,,,,yes,,,
1123399562,1123399706,0,96941842,residential,False,,False,85.30004853944354,Thanon Prachathipat 1,,,,,,
1123399562,12649445299,0,706520617,residential,False,,True,83.76420780524126,Thumnoonvithi Road,,,,,,
1123399569,2507400792,0,980451722,unclassified,True,,False,47.03067404492149,,,,,,,
1123399569,1110416526,0,243188273,residential,False,,True,114.6703092333225,,,,,,,
1123399587,8976429007,0,970010772,secondary_link,False,,False,5.287430656024534,,,,,,,
1123399587,2506085525,0,969757851,tertiary,True,,False,253.5151974067054,ถนนธรรมนูญวิถี,,,,,,
1123399587,1115585416,0,969765780,residential,False,,False,196.6382076612613,Thumnoonvithi Road,,,,,,
1123399591,1110416754,0,95542482,tertiary,False,,True,38.98193285117974,ถนนจุติอนุสรณ์,,,,,,
1123399591,2506090118,0,243188243,tertiary,False,,True,42.88496247266295,ถนนจุติอนุสรณ์,,,yes,,,
1123399591,1123399675,0,684741141,unclassified,False,,False,53.061557414262296,,,,,,,
1123399595,1966399248,0,96941842,residential,False,,False,94.2770768550462,Thanon Prachathipat 1,,,,,,
1123399595,1123399706,0,96941842,residential,False,,True,100.33260690314484,Thanon Prachathipat 1,,,,,,
1123399595,4900466448,0,96941857,residential,False,,False,95.57073122866916,,,,,,,
1123399600,5149825984,0,96941849,residential,False,,False,360.3266886385119,Suphasanrangsan Road Soi 9,,,,,,
1123399600,4900464584,0,"[185951074, 1204844052, 969757850]",tertiary,False,,False,33.65137840183312,ถนนประชาธิปัตย์,,,yes,,,
1123399600,4900465707,0,185951074,tertiary,False,,True,140.14861118990274,ถนนประชาธิปัตย์,,,,,,
1123399600,4900465999,0,498671615,residential,False,,True,78.61899061012689,,,,,,,
1123399615,1196924373,0,685343066,secondary_link,False,,True,16.9790876208474,,,,,,,
1123399615,1680665586,0,1228979771,secondary,True,,False,30.8542776632242,ถนนศรีภูวนารถ,,,,,,
1123399615,1680665326,0,96941853,tertiary,True,,False,98.1913980386592,ถนนราษฎร์ดำริ,,,,,,
1123399639,4900464587,0,530314558,residential,False,,True,46.803393312113194,,,,,,,
1123399639,5149825984,0,706104218,tertiary,False,,True,26.4599812817936,ถนนศุภสารรังสรรค์,,,yes,,,
1123399639,1115585393,0,706104219,tertiary,False,,False,181.0423374329536,ถนนศุภสารรังสรรค์,2,,,,,
1123399641,2506088509,0,243188212,residential,False,,False,89.7866297741582,Thanon Supasarnrangsan Soi 4/2,2,,,,,
1123399641,2506088019,0,"[243188212, 243188101, 1335076429]","['unclassified', 'residential']",False,,True,36.03131657026034,Thanon Supasarnrangsan Soi 4/2,2,,yes,,,
1123399641,1123399483,0,706094741,residential,False,,False,40.33274051027978,Thanon Supasarnrangsan Soi 4/1,2,,,,,
1123399641,1123399516,0,706094741,residential,False,,True,52.86687827132102,Thanon Supasarnrangsan Soi 4/1,2,,,,,
1123399659,1123399489,0,706094741,residential,False,,False,59.90324534517424,Thanon Supasarnrangsan Soi 4/1,2,,,,,
1123399659,1123399483,0,706094741,residential,False,,True,58.677753600654675,Thanon Supasarnrangsan Soi 4/1,2,,,,,
1123399667,2505177293,0,96941854,residential,False,,False,14.281220101214574,ซอยชุมอุทิศ 1,,,,,,
1123399667,1110416315,0,96941854,residential,False,,True,68.62382773169854,ซอยชุมอุทิศ 1,,,,,,
1123399667,2507400998,0,243188782,secondary,True,,False,58.88718272281265,ถนนราษฎร์ยินดี,,,,,,
1123399675,2506089487,0,243188161,residential,False,,False,67.51363373390502,,,,,,,
1123399675,1123399943,0,684741141,unclassified,False,,False,50.656394104296716,,,,,,,
1123399675,1123399591,0,684741141,unclassified,False,,True,53.061557414262296,,,,,,,
1123399676,2506089779,0,"[243188298, 497290269]",unclassified,False,,"[False, True]",28.156343930606006,,,,yes,,,
1123399676,2506089309,0,980451721,unclassified,False,,False,55.31171415729338,,,,,,,
1123399676,1123399569,0,980451722,unclassified,True,,False,152.9701441797663,,,,,,,
1123399678,6487100755,0,101677220,residential,False,,False,186.8936547658891,Thanon Chotevittayakul 1,,,,,,
1123399678,1123399784,0,96941848,residential,False,,True,62.72393897291035,,,,,,,
1123399678,1123399914,0,"[706259493, 706259494]",residential,False,,False,195.75050376000877,,,,,,,
1123399683,4488366488,0,243188225,residential,False,,False,99.39358008983967,Soi 5 Suphasarnrangsan Road,,,,,,
1123399683,1123399516,0,243188705,unclassified,False,,False,79.96049232490336,,,,,,,
1123399683,4488368090,0,452036923,residential,False,,True,53.124455592304614,Soi 5 Suphasarnrangsan Road,,,,,,
1123399700,2506089901,0,243188503,residential,False,,False,72.7673551944934,,,,,,,
1123399700,1123399513,0,96941841,residential,False,,False,68.0174450590954,,,,,,,
1123399700,2505176697,0,96941841,residential,False,,True,105.83283232825971,,,,,,,
1123399706,1123399595,0,96941842,residential,False,,False,100.33260690314484,Thanon Prachathipat 1,,,,,,
1123399706,2506085690,0,969757849,tertiary,False,,False,55.554988964430585,ถนนประชาธิปัตย์,,,,,,
1123399706,856214538,0,969757849,tertiary,False,,True,95.78229298324307,ถนนประชาธิปัตย์,,,,,,
1123399706,1123399562,0,96941842,residential,False,,True,85.30004853944354,Thanon Prachathipat 1,,,,,,
1123399713,2506090451,0,243188115,residential,False,,False,113.52042521894627,Soi Thongdee 3,,,,,,
1123399713,1123399740,0,497290263,residential,False,,False,61.97683467146831,Thanon Jirnakorn,,,,,,
1123399713,2506089545,0,497290263,residential,False,,True,50.08013957911165,Thanon Jirnakorn,,,,,,
1123399715,3376091819,0,1257722736,unclassified,True,,False,5.022149188223731,,,,,,,
1123399715,2506088715,0,243188670,residential,True,,False,145.75360408191833,,,,,,,
1123399740,1110416742,0,497290263,residential,False,,False,62.66738028256355,Thanon Jirnakorn,,,,,,
1123399740,1123399713,0,497290263,residential,False,,True,61.97683467146831,Thanon Jirnakorn,,,,,,
1123399740,2506090385,0,243188445,residential,False,,False,125.91975556443415,Soi Thongdee 1,,,,,,
1123399751,1173916572,0,96941848,residential,False,,False,17.20093986519995,,,,,,,
1123399751,1108909722,0,706259495,residential,False,,True,61.36648162849046,,,,,,,
1123399751,1108909672,0,1216711164,residential,False,,False,35.871793117541465,Thanon Chotevittayakul 5,,,,,,
1123399771,1115585403,0,96242763,residential,True,,False,41.592044495652324,,,,,,,
1123399771,4900464587,0,498671391,residential,False,,True,182.5744794787404,,,,,,,
1123399784,1196924287,0,101677208,residential,False,,False,193.3246002498585,Thanon  Chotevittayakul 2,,,,,,
1123399784,1123399678,0,96941848,residential,False,,False,62.72393897291035,,,,,,,
1123399784,1123399860,0,96941848,residential,False,,True,60.18544298867738,,,,,,,
1123399813,1108909716,0,232338905,tertiary,False,,True,73.0534102797895,Thanon Nipatpukdee,,,,,,
1123399813,1559016809,0,232338905,tertiary,False,,False,88.07130675820756,Thanon Nipatpukdee,,,,,,
1123399813,796747695,0,706273956,residential,False,,True,45.300633293015714,ถนนจันทร์นิเวศน์ 3,,,,,,
1123399860,1196924342,0,101677226,residential,False,,False,56.187325676852254,Thanon  Chotevittayakul 3,,,,,,
1123399860,1123399784,0,96941848,residential,False,,False,60.18544298867738,,,,,,,
1123399860,1173916572,0,96941848,residential,False,,True,54.22035873214668,,,,,,,
1123399863,2507400772,0,243314160,residential,False,,False,78.1854475900164,,,,,,,
1123399863,1123399591,0,1257722739,unclassified,True,,False,155.9469069707085,,,,,,,
1123399914,1431715362,0,100401248,residential,False,,True,42.745615085269634,Kham Uthit Soi 2,,,,,,
1123399914,1123399678,0,"[706259493, 706259494]",residential,False,,True,195.75050376000877,,,,,,,
1123399914,1559016821,0,706259495,residential,False,,False,80.93547821681543,,,,,,,
1123399943,2506089058,0,243188361,residential,False,,False,78.9498968835916,,,,,,,
1123399943,1123399486,0,684741141,unclassified,False,,False,28.279598659895296,,,,,,,
1123399943,1123399675,0,684741141,unclassified,False,,True,50.656394104296716,,,,,,,
1123399945,1559016832,0,142455605,residential,True,,False,226.3888895421608,ซอย 12 ถนนทุ่งเสา 2,,,,,,
1123399945,1108909722,0,706259495,residential,False,,False,48.482795345101366,,,,,,,
1123399945,1559016821,0,706259495,residential,False,,True,72.53556729687999,,,,,,,
1137030928,2508581234,0,98264712,residential,False,,False,63.536047076815386,ถนนกาญจนวนิช ซอย 13,,,,,,
1137030928,2508581807,0,970029499,primary,True,,False,209.47871694585567,ถนนกาญจนวณิชย์,3,,,,,
1137030934,8254104119,0,129731584,residential,False,,True,211.10169624965226,,,,,,,
1137030934,2505177544,0,243188790,secondary,True,,False,206.93742818754885,ถนนเพชรเกษม,,,,,,
1137102383,1137102395,0,98270310,residential,False,,False,46.00617166899875,Pasawang Road,2,,,,,
1137102383,2508580802,0,243454144,residential,False,,False,81.03356144424215,,,,,,,
1137102383,2508580722,0,98270310,residential,False,,True,79.35328807097541,Pasawang Road,2,,,,,
1137102384,1137102414,0,98270317,residential,False,,False,48.72361259944151,,,,,,,
1137102384,2508580765,0,243454245,residential,False,,True,82.47809511892346,,,,,,,
1137102395,1137102402,0,98270310,residential,False,,False,51.41692468147409,Pasawang Road,2,,,,,
1137102395,1137102383,0,98270310,residential,False,,True,46.00617166899875,Pasawang Road,2,,,,,
1137102395,1137102414,0,98270317,residential,False,,True,92.26535417463244,,,,,,,
1137102395,2508580933,0,243454354,residential,False,,True,189.39280983068363,,,,,,,
1137102402,1137102395,0,98270310,residential,False,,True,51.41692468147409,Pasawang Road,2,,,,,
1137102402,2508581030,0,243454488,residential,False,,False,92.08259390253005,,,,,,,
1137102414,1137102395,0,98270317,residential,False,,False,92.26535417463244,,,,,,,
1137102414,1137102384,0,98270317,residential,False,,True,48.72361259944151,,,,,,,
1137102414,2508581030,0,98270318,residential,False,,True,47.61782906132912,Soi Pasawang 4,,,,,,
1140280757,13424220803,0,498671544,residential,False,,False,44.93587054019512,,,,,,,
1140280757,1110416444,0,706104219,tertiary,False,,False,48.208653080419175,ถนนศุภสารรังสรรค์,2,,,,,
1140280757,1966399241,0,706104219,tertiary,False,,True,30.54406471681412,ถนนศุภสารรังสรรค์,2,,,,,
1140280758,8523406713,0,706104217,residential,False,,False,25.963658180986517,ถนนเเสงศรี,,,,,,
1140280758,1140280757,0,98567749,residential,True,,False,274.2898181613766,Thanon Sangsri 2,,,,,,
1140280758,2506088084,0,706104217,residential,False,,True,48.540517831847424,ถนนเเสงศรี,,,,,,
1160612966,1559029735,0,102007034,residential,False,,False,52.8457703511191,Thanon Tienjawsongkraw 1,,,,,,
1160612966,4900465087,0,129827560,unclassified,False,,True,116.98710466366481,ถนนเทียนจ่ออุทิศ 1,,,,,,
1160612966,8642241900,0,699753144,unclassified,False,,True,3.391558815954344,ถนนเทียนจ่ออุทิศ 1,,,,,,
1160612967,1407218726,0,127078143,residential,False,,False,20.735976520702668,,,,,,,
1160612967,1160612973,0,100401249,unclassified,False,,True,162.86261278178887,Thanon Thaveevarn,,,,,,
1160612969,1431715406,0,101939921,residential,True,,False,96.97829153363281,Thanon Sheutit,2,,,,,
1160612969,13339819893,0,706256381,tertiary,False,,False,76.66798202031822,ถนนเทพสงเคราะห์,,,,,,
1160612973,1407219159,0,959974132,primary,True,,False,40.68458201617906,ถนนกาญจนวณิชย์,,,,,,
1160612973,1160612967,0,100401249,unclassified,False,,False,162.86261278178887,Thanon Thaveevarn,,,,,,
1160612974,8976428985,0,100401250,unclassified,True,,False,16.263954775022874,ถนนเทพสงเคราะห์,,,,,,
1160612974,1123399587,0,969757851,tertiary,True,,False,207.89979797404817,ถนนธรรมนูญวิถี,,,,,,
1160612976,1160612990,0,102007034,residential,False,,False,76.68357946069484,Thanon Tienjawsongkraw 1,,,,,,
1160612976,1559029735,0,102007034,residential,False,,True,49.11411982748326,Thanon Tienjawsongkraw 1,,,,,,
1160612976,1680662647,0,127078261,residential,False,,False,204.4429311962045,ถนนเทียนจ่ออุทิศ 3,,,,,,
1160612976,1177548796,0,127078261,residential,False,,True,198.3391287166477,ถนนเทียนจ่ออุทิศ 3,,,,,,
1160612981,6422302582,0,95637134,secondary_link,False,,True,18.162748333853145,,,,,,,
1160612981,1123399615,0,"[1223390440, 1228979771]",secondary,True,,False,217.62107746021826,ถนนศรีภูวนารถ,,,,,,
1160612986,1431715362,0,100401248,residential,False,,False,39.080122314190305,Kham Uthit Soi 2,,,,,,
1160612986,1431715407,0,100401248,residential,False,,True,56.50343142068877,Kham Uthit Soi 2,,,,,,
1160612986,1123399472,0,100401246,residential,False,,True,143.06820915255992,Soi Kum Uthit 1,,,,,,
1160612986,1160612990,0,"[706273955, 706259492]",residential,False,,False,492.40048828668665,"['Soi Kum Uthit 1', 'Soi 28 Karnjanavanit Road']",,,,,,
1160612990,1160612976,0,102007034,residential,False,,True,76.68357946069484,Thanon Tienjawsongkraw 1,,,,,,
1160612990,11287572428,0,706259492,residential,False,,False,212.4250702963192,Soi 28 Karnjanavanit Road,,,,,,
1160612990,1160612986,0,"[706273955, 706259492]",residential,False,,True,492.40048828668665,"['Soi Kum Uthit 1', 'Soi 28 Karnjanavanit Road']",,,,,,
1160617577,2505177070,0,65080343,secondary,True,,False,107.1782402219795,ถนนเพชรเกษม,,,,,,
1160617577,4900465639,0,706133434,tertiary,False,,True,135.85203274849513,ถนนนิพัทธ์สงเคราะห์ 2,2,,,,,
1160617588,8523461357,0,970311985,secondary,True,,False,37.93216989330849,ถนนเพชรเกษม,,,,,,
1160617588,7179323095,0,243188549,tertiary,True,,False,49.39688088714803,,,,,,,
1160617589,2507401381,0,100401319,tertiary,False,,True,58.07662741015687,ถนนนิพัทธ์สงเคราะห์ 2,2,,,,,
1160617589,2507401192,0,700908871,tertiary,False,,False,62.877885131314606,ถนนนิพัทธ์สงเคราะห์ 1 ซอย 4,,,,,,
1160617589,2507401395,0,700908871,tertiary,False,,True,165.93916063717182,ถนนนิพัทธ์สงเคราะห์ 1 ซอย 4,,,,,,
1160617589,2507401108,0,706133434,tertiary,False,,False,52.627500442626456,ถนนนิพัทธ์สงเคราะห์ 2,2,,,,,
1160617590,1123399492,0,243188214,tertiary,False,,True,38.840837217976635,,,,yes,,,
1160617590,8523461356,0,243188389,residential,False,,True,34.07237508380913,,,,,,,
1160617590,2506090533,0,706102885,residential,True,,False,182.71759978100812,,,,,,,
1173916447,1196924287,0,101677208,residential,False,,True,171.97667327547614,Thanon  Chotevittayakul 2,,,,,,
1173916447,2505175779,0,243079646,primary_link,False,,True,9.213812010772182,,,,,,,
1173916447,1173916660,0,"[1214455776, 947689789]",primary,True,,False,59.50262459977018,ถนนกาญจนวณิชย์,3,,,,,
1173916508,6487100755,0,101677220,residential,False,,True,176.18588443829037,Thanon Chotevittayakul 1,,,,,,
1173916508,1173916447,0,"[1214455772, 1214455773]",primary,True,,False,63.18626137199553,ถนนกาญจนวณิชย์,3,,,,,
1173916514,1173916538,0,947689789,primary,True,,False,103.03621388787879,ถนนกาญจนวณิชย์,3,,,,,
1173916514,1196924365,0,"[1296532897, 101677242]",residential,False,,True,171.51564694647058,Thanon Chotevittayakul 4,,,,,,
1173916525,1173916572,0,101677219,residential,True,,False,66.61597895680593,,,,,,,
1173916525,1108909672,0,103596544,residential,False,,True,48.84599192492005,ถนนโชติวิทยะกุล 5,,,,,,
1173916525,1173916538,0,103596544,residential,False,,False,377.90994234998584,ถนนโชติวิทยะกุล 5,,,,,,
1173916538,1173916525,0,103596544,residential,False,,True,377.90994234998584,ถนนโชติวิทยะกุล 5,,,,,,
1173916538,1680664366,0,947689789,primary,True,,False,108.64138242346795,ถนนกาญจนวณิชย์,3,,,,,
1173916572,1123399751,0,96941848,residential,False,,True,17.20093986519995,,,,,,,
1173916572,1123399860,0,96941848,residential,False,,False,54.22035873214668,,,,,,,
1173916582,1431867158,0,95542483,tertiary,False,,True,134.2612520584166,ถนนคลองเรียน 2,,,,,,
1173916582,796719799,0,110691148,residential,False,,True,15.445139086833217,,,,,,,
1173916582,4900465967,0,232338907,secondary,True,,False,250.44625124228077,ถนนศรีภูวนารถ,,,,,,
1173916660,1196924324,0,101677226,residential,False,,True,173.03585013591075,Thanon  Chotevittayakul 3,,,,,,
1173916660,1173916514,0,947689789,primary,True,,False,55.83562408103543,ถนนกาญจนวณิชย์,3,,,,,
1173916660,12300589089,0,1329521193,primary_link,False,,False,8.993784431827544,,,,,,,
1174378788,1122072681,0,706096644,residential,False,,False,89.06115305607837,ถนนเสน่หานุสรณ์,,,,,,
1174378892,1196113662,0,706096637,residential,True,,False,76.09839637423977,Thanon Preedarom,,,,,,
1174378892,1122072695,0,1315837498,tertiary,True,,False,110.08811517900936,ถนนนิพัทธ์อุทิศ 1,3,,,,,
1176926303,1431715369,0,84842974,tertiary,True,,False,77.4575954260426,ถนนนิพัทธ์อุทิศ 3,3,,,,,
1176926303,2052547074,0,706256377,residential,False,,True,81.0673797675917,Thanon Sheutit,2,,,,,
1177548796,11287572428,0,102007058,primary_link,True,,False,54.77749592581493,,,,,,,
1177548796,1160612976,0,127078261,residential,False,,False,198.3391287166477,ถนนเทียนจ่ออุทิศ 3,,,,,,
1177548836,1177550535,0,102007058,primary_link,True,,False,83.88745074156017,,,,,,,
1177550535,1177550769,0,102007058,primary_link,True,,False,102.37874526482257,,,,,,,
1177550769,1407219964,0,127078147,residential,False,,False,64.9915565857773,,,,,,,
1177550769,4900465977,0,102007058,primary_link,True,,False,128.68855517804883,,,,,,,
1177550822,1559029733,0,102007058,primary_link,True,,False,47.260544180328196,,,,,,,
1177550822,8642241900,0,699753144,unclassified,False,,False,181.43843672863082,ถนนเทียนจ่ออุทิศ 1,,,,,,
1196102301,2506085047,0,154729442,secondary,True,4135,False,40.342570414650126,,,,,,,
1196102301,485546733,0,1075535366,secondary,True,4287,False,11.855266933958582,ถนนเพชรเกษม,,,,,,
1196104112,1196102301,0,154729442,secondary,True,4135,False,18.778665520950273,,,,,,,
1196104112,2506085194,0,1075535367,secondary,True,4287,False,47.053883354459494,ถนนเพชรเกษม,,,,,,
1196106552,620882137,0,1075535367,secondary,True,4287,False,48.32470358102451,ถนนเพชรเกษม,,,,,,
1196106552,485580818,0,243188611,secondary_link,True,,False,80.4950950605486,,,,,,,
1196108339,8642505207,0,932297957,residential,False,,False,27.705566374452427,,,,,,,
1196108339,2506085058,0,959988786,secondary,True,4135,False,161.64528364616632,,,,,,,
1196108922,4890612424,0,1075535366,secondary,True,4287,False,11.624735953865406,ถนนเพชรเกษม,,,,,,
1196113662,3125684630,0,40264696,tertiary,True,,False,63.13439590988118,ถนนนิพัทธ์อุทิศ 2,3,,,,,
1196113662,1966412828,0,101706795,residential,True,,False,79.39225772025486,Thanon Preedarom,,,,,,
1196924287,1173916447,0,101677208,residential,False,,False,171.97667327547614,Thanon  Chotevittayakul 2,,,,,,
1196924287,1123399784,0,101677208,residential,False,,True,193.3246002498585,Thanon  Chotevittayakul 2,,,,,,
1196924287,1196924324,0,103667284,residential,True,,False,58.85917513261619,,,,,,,
1196924324,1173916660,0,101677226,residential,False,,False,173.03585013591075,Thanon  Chotevittayakul 3,,,,,,
1196924324,1196924342,0,101677226,residential,False,,True,139.5395176609476,Thanon  Chotevittayakul 3,,,,,,
1196924324,1196924365,0,103667284,residential,True,,False,54.11032158650786,,,,,,,
1196924331,1680664366,0,66984623,unclassified,False,,False,6.3700247981812845,Soi Thaveerat,,,,,,
1196924331,4900466234,0,66984623,unclassified,False,,True,62.57926947398411,Soi Thaveerat,,,,,,
1196924331,1407217725,0,959974132,primary,True,,False,66.65628226856764,ถนนกาญจนวณิชย์,,,,,,
1196924337,1559016835,0,498671696,residential,False,,True,58.6536544339042,,,,,,,
1196924342,1196924324,0,101677226,residential,False,,False,139.5395176609476,Thanon  Chotevittayakul 3,,,,,,
1196924342,1123399860,0,101677226,residential,False,,True,56.187325676852254,Thanon  Chotevittayakul 3,,,,,,
1196924342,1196924365,0,"[1296532896, 101677242]",residential,False,,False,194.1196586506124,Thanon Chotevittayakul 4,,,,,,
1196924365,1173916514,0,"[1296532897, 101677242]",residential,False,,False,171.51564694647058,Thanon Chotevittayakul 4,,,,,,
1196924365,1196924342,0,"[1296532896, 101677242]",residential,False,,True,194.1196586506124,Thanon Chotevittayakul 4,,,,,,
1196924373,1123399615,0,685343066,secondary_link,False,,False,16.9790876208474,,,,,,,
1196924373,6422302582,0,"[1228979769, 1223390439]",secondary,True,,False,216.29578576344517,ถนนศรีภูวนารถ,,,,,,
1196924377,1123399472,0,95637131,tertiary,False,,True,16.913038636669977,ถนนทุ่งเสา 2,,,,,,
1196924377,1431715416,0,95637131,tertiary,False,,False,62.32553742598145,ถนนทุ่งเสา 2,,,,,,
1196924393,8643291815,0,1173586183,secondary,True,,False,43.129560365360646,ถนนศรีภูวนารถ,,,,,,
1196924393,1107862926,0,1259559184,tertiary,False,,False,42.901261842693465,Thanon Nipatpukdee,,,,,,
1203972086,1203972117,0,104353662,tertiary,False,,False,59.89319833230663,ถนนกาญจนวนิช ซอย18,,,,,,
1203972086,1407218617,0,104353662,tertiary,False,,True,38.208817425517566,ถนนกาญจนวนิช ซอย18,,,,,,
1203972086,8976428999,0,104353663,residential,False,,True,251.11747162066033,ถนนสามมิตร,,,,,,
1203972111,4900466223,0,95542483,tertiary,False,,True,13.89454758743246,ถนนคลองเรียน 2,,,,,,
1203972111,4900465100,0,104353664,unclassified,False,,False,263.9532255062912,Thanon Klongren 2 Soi 6,,,,,,
1203972111,1263469280,0,95542483,tertiary,False,,False,65.38335365232983,ถนนคลองเรียน 2,,,,,,
1203972117,1203972086,0,104353662,tertiary,False,,True,59.89319833230663,ถนนกาญจนวนิช ซอย18,,,,,,
1203972117,1407220595,0,104353660,residential,False,,True,119.98283508846924,ซอยธรรมนูญวิถี,,,,,,
1203972117,1407219355,0,104353662,tertiary,False,,False,40.671427734093804,ถนนกาญจนวนิช ซอย18,,,,,,
1203972117,8642372197,0,"[932281887, 142395238, 127078023]",residential,False,,True,124.97175480842935,,,,yes,,,
1203972125,4900465225,0,104353662,tertiary,False,,True,170.33261140432276,ถนนกาญจนวนิช ซอย18,,,,,,
1203972125,8976428964,0,970037610,primary,True,,False,184.13520594586723,ถนนกาญจนวณิชย์,3,30,,,,
1263469174,4900465167,0,110691139,residential,False,,False,44.445813117024656,Thanon Klongren 2 Soi 4,,,,,,
1263469174,4900465100,0,498671443,residential,False,,False,64.44408963109038,,,,,,,
1263469174,8642662592,0,110691139,residential,False,,True,163.82239529421287,Thanon Klongren 2 Soi 4,,,,,,
1263469280,8642662592,0,110691139,residential,False,,False,120.52465476660767,Thanon Klongren 2 Soi 4,,,,,,
1263469280,1107926609,0,95542483,tertiary,False,,False,52.55287636607934,ถนนคลองเรียน 2,,,,,,
1263469280,1203972111,0,95542483,tertiary,False,,True,65.38335365232983,ถนนคลองเรียน 2,,,,,,
1369020939,1369020942,0,122540020,residential,False,,True,45.32963164233865,ถนนเฉลียวอุทิศ,,,,,,
1369020939,1107926481,0,243188710,tertiary,False,,False,58.063744867893035,ซอยบุญราช,,,,,,
1369020939,1107926467,0,243188710,tertiary,False,,True,153.21706832616275,ซอยบุญราช,,,,,,
1369020942,1369020939,0,122540020,residential,False,,False,45.32963164233865,ถนนเฉลียวอุทิศ,,,,,,
1369020942,2506088528,0,122540020,residential,False,,True,24.24377042086865,ถนนเฉลียวอุทิศ,,,,,,
1369020942,2506088695,0,243188056,residential,False,,False,129.83886752170756,Soi Boonraj,,,,,,
1369020943,2506088023,0,122540020,residential,False,,False,41.69330440687739,ถนนเฉลียวอุทิศ,,,,,,
1369020943,2506087957,0,243188283,residential,False,,False,94.25683556977724,Soi Boonraj 4,,,,,,
1369020943,1369020950,0,122540020,residential,False,,True,155.3640853522196,ถนนเฉลียวอุทิศ,,,,,,
1369020950,1666900747,0,72016745,tertiary,False,,False,48.87142406158581,ถนนศุภสารรังสรรค์,,,,,,
1369020950,856214571,0,72016745,tertiary,False,,True,158.80645557195663,ถนนศุภสารรังสรรค์,,,,,,
1369020950,1369020943,0,122540020,residential,False,,False,155.3640853522196,ถนนเฉลียวอุทิศ,,,,,,
1369020962,620881568,0,"[122540018, 148108188]",secondary,True,,False,485.5064852177317,ถนนเพชรเกษม,,,yes,,,
1369020962,2506085743,0,962795388,tertiary,False,,True,101.0578136710829,Chokesamam 1 Road,,,,,,
1407217725,8643637488,0,127078232,residential,False,,False,83.23762756388304,Soi Sirichotuthit 1,,,,,,
1407217725,1407221092,0,959974132,primary,True,,False,59.57588281616588,ถนนกาญจนวณิชย์,,,,,,
1407217754,1407218457,0,127078092,residential,False,,True,69.63798335948592,,,,,,,
1407217794,1407219621,0,127078368,residential,False,,False,66.8822541402081,,,,,,,
1407217794,1407220047,0,970037612,primary,True,407,False,27.635999072458,ถนนกาญจนวณิชย์,3,,,,,
1407217821,8642704137,0,127078267,residential,False,,True,56.912393992171864,Soi 18/3 Karnjanav Anit Road,,,,,,
1407217821,6420376579,0,970038350,primary,True,407,False,13.128059062232072,ถนนกาญจนวณิชย์,3,,,,,
1407217897,8976429003,0,127078134,residential,False,,True,72.83386482544537,,,,,,,
1407217970,8932544699,0,965575691,tertiary_link,False,,False,7.698011575149332,,,,,,,
1407217970,1407220209,0,"[948036088, 685396452]",tertiary,True,,False,39.56211226727049,ถนนปุณณกัณฑ์,"['2', '4']",,,,,
1407218094,1407218538,0,127078045,residential,False,,False,89.48171717009274,,,,,,,
1407218094,1407218457,0,684736206,tertiary,True,,False,48.80103482442139,ถนนธรรมนูญวิถี,,,,,,
1407218100,1407219964,0,127078185,residential,False,,True,141.44026392936104,,,,,,,
1407218192,8976429002,0,127078175,residential,False,,True,80.59800829578414,,,,,,,
1407218192,1407219798,0,127078362,residential,False,,True,41.84209794690958,,,,,,,
1407218192,8642587441,0,127078175,residential,False,,False,58.26501221706204,,,,,,,
1407218192,8642587441,1,127078362,residential,False,,False,55.424425513169055,,,,,,,
1407218317,12300589089,0,959974132,primary,True,,False,23.426454282505553,ถนนกาญจนวณิชย์,,,,,,
1407218356,1407219730,0,706290644,residential,False,,False,43.25494729375892,,,,,,,
1407218356,1407219889,0,706290644,residential,False,,True,36.352063761868465,,,,,,,
1407218457,1407217754,0,127078092,residential,False,,False,69.63798335948592,,,,,,,
1407218457,849403482,0,684736206,tertiary,True,,False,207.7502958739084,ถนนธรรมนูญวิถี,,,,,,
1407218538,1407218094,0,127078045,residential,False,,True,89.48171717009274,,,,,,,
1407218591,1407219518,0,127078048,residential,False,,True,144.3330998061063,,,,,,,
1407218617,8932307557,0,104353662,tertiary,False,,True,11.61992416166114,ถนนกาญจนวนิช ซอย18,,,,,,
1407218617,1407220177,0,127078283,residential,False,,True,143.76177441118662,Soi 18/6 Karnjanav Anit Road,,,,,,
1407218617,1203972086,0,104353662,tertiary,False,,False,38.208817425517566,ถนนกาญจนวนิช ซอย18,,,,,,
1407218726,1160612967,0,127078143,residential,False,,True,20.735976520702668,,,,,,,
1407218726,1407221707,0,127078275,residential,False,,False,58.22232521245385,,,,,,,
1407218794,8976429004,0,127078086,residential,False,,True,72.05904256807884,,,,,,,
1407218814,1407219889,0,706290644,residential,False,,False,10.97249910286367,,,,,,,
1407218814,1407219159,0,"[706290644, 127078366]",residential,False,,True,150.88098565754697,Soi Paksuk 1,,,,,,
1407218844,4900465225,0,104353662,tertiary,False,,False,29.672387631591363,ถนนกาญจนวนิช ซอย18,,,,,,
1407218844,6634515717,0,706088855,residential,False,,True,81.98892005843899,Soi 18/2 Karnjanav Anit Road,,,,,,
1407218844,1407219355,0,104353662,tertiary,False,,True,72.11151692520816,ถนนกาญจนวนิช ซอย18,,,,,,
1407218844,8642704137,0,127078267,residential,False,,False,148.19148943247734,Soi 18/3 Karnjanav Anit Road,,,,,,
1407218969,1407220004,0,1214455774,primary,True,,False,34.70565378303849,ถนนกาญจนวณิชย์,,,,,,
1407219098,1407219537,0,127078357,residential,False,,False,155.5444924446522,Thanon Karnchanawanich Soi 24,,,,,,
1407219098,1407218969,0,1214455774,primary,True,,False,48.795782120325214,ถนนกาญจนวณิชย์,,,,,,
1407219129,8932307557,0,104353662,tertiary,False,,False,46.329639993805216,ถนนกาญจนวนิช ซอย18,,,,,,
1407219129,8642359275,0,104353662,tertiary,False,,True,36.72393057845226,ถนนกาญจนวนิช ซอย18,,,,,,
1407219129,1407221939,0,127078083,residential,False,,False,140.3746875610621,Soi 18/8 Karnjanav Anit Road,,,,,,
1407219159,1407219387,0,959974132,primary,True,,False,45.2522599869552,ถนนกาญจนวณิชย์,,,,,,
1407219159,1407218814,0,"[706290644, 127078366]",residential,False,,False,150.88098565754697,Soi Paksuk 1,,,,,,
1407219215,1407221092,0,127078321,residential,False,,True,90.67435711652791,Soi Sirichotuthit 2,,,,,,
1407219215,8643637488,0,932263999,residential,False,,False,60.293919176247854,,,,,,,
1407219266,1107926606,0,959974135,primary,True,,False,114.68947086973826,ถนนกาญจนวณิชย์,3,,,,,
1407219266,8642332888,0,"[127078067, 932277411]",residential,False,,True,241.00820409806323,Thanon Karnjanavanit Soi 20,,,yes,,,
1407219345,1407219682,0,706302589,residential,True,,False,47.498301273593476,Thanon Poonnakan Soi 4,,,,,,
1407219355,1407218844,0,104353662,tertiary,False,,False,72.11151692520816,ถนนกาญจนวนิช ซอย18,,,,,,
1407219355,1203972117,0,104353662,tertiary,False,,True,40.671427734093804,ถนนกาญจนวนิช ซอย18,,,,,,
1407219355,1407220595,0,127078308,residential,False,,True,155.29474772575537,Soi 18/4 Karnjanav Anit Road,,,,,,
1407219387,1407219889,0,127078055,residential,False,,False,129.1826431232613,Soi Paksuk 2,,,,,,
1407219387,5474395582,0,959974132,primary,True,,False,93.6263183645834,ถนนกาญจนวณิชย์,,,,,,
1407219425,1107926606,0,706087701,unclassified,False,,False,43.63570904967035,Thanon Karnjanavanit Soi 19,,,,,,
1407219425,1407219934,0,127078214,residential,False,,False,82.64818031143292,,,,,,,
1407219425,1407220492,0,706087701,unclassified,False,,True,44.248858559563104,Thanon Karnjanavanit Soi 19,,,,,,
1407219518,1107926719,0,66984611,tertiary,False,,False,12.250310735404689,ถนนทุ่งรี,,,,,,
1407219518,1107926946,0,66984611,tertiary,False,,True,25.348881847154665,ถนนทุ่งรี,,,,,,
1407219518,1407218591,0,127078048,residential,False,,False,144.3330998061063,,,,,,,
1407219537,8642505516,0,127078357,residential,False,,False,26.6944010579213,Thanon Karnchanawanich Soi 24,,,,,,
1407219537,1407219098,0,127078357,residential,False,,True,155.5444924446522,Thanon Karnchanawanich Soi 24,,,,,,
1407219537,8642536918,0,932300100,residential,False,,False,43.3712002494038,,,,,,,
1407219621,1407217794,0,127078368,residential,False,,True,66.8822541402081,,,,,,,
1407219682,1407217970,0,948036088,tertiary,True,,False,53.30809450026411,ถนนปุณณกัณฑ์,4,,,,,
1407219730,1407218356,0,706290644,residential,False,,True,43.25494729375892,,,,,,,
1407219798,1407221607,0,127078041,residential,False,,False,32.26819404130582,,,,,,,
1407219798,8976429001,0,127078041,residential,False,,True,78.27759753544814,,,,,,,
1407219798,1407218192,0,127078362,residential,False,,False,41.84209794690958,,,,,,,
1407219810,1407218317,0,959974132,primary,True,,False,59.06759868417436,ถนนกาญจนวณิชย์,,,,,,
1407219889,1407219387,0,127078055,residential,False,,True,129.1826431232613,Soi Paksuk 2,,,,,,
1407219889,1407218814,0,706290644,residential,False,,True,10.97249910286367,,,,,,,
1407219889,1407218356,0,706290644,residential,False,,False,36.352063761868465,,,,,,,
1407219934,6634523513,0,498671301,residential,False,,True,28.453193526282483,,,,,,,
1407219934,1407221870,0,127078079,residential,False,,True,55.19761669860582,,,,,,,
1407219934,1407219425,0,127078214,residential,False,,True,82.64818031143292,,,,,,,
1407219964,1177550769,0,127078147,residential,False,,True,64.9915565857773,,,,,,,
1407219964,1407218100,0,127078185,residential,False,,False,141.44026392936104,,,,,,,
1407220004,1177548836,0,1214455774,primary,True,,False,112.6261241485901,ถนนกาญจนวณิชย์,,,,,,
1407220047,1407221250,0,127078325,residential,False,,False,108.24724097613115,,,,,,,
1407220047,796719881,0,"[970037612, 104353653, 104353655]",primary,True,407,False,173.381254000296,ถนนกาญจนวณิชย์,3,,yes,,,
1407220073,1407219098,0,1214455774,primary,True,,False,47.75087222469242,ถนนกาญจนวณิชย์,,,,,,
1407220073,8642536918,0,127078173,residential,False,,True,142.53867323411154,Thanon Karnchanawanich Soi 23,,,,,,
1407220177,1407218617,0,127078283,residential,False,,False,143.76177441118662,Soi 18/6 Karnjanav Anit Road,,,,,,
1407220184,4900465475,0,127078261,residential,False,,True,119.54910085200193,ถนนเทียนจ่ออุทิศ 3,,,,,,
1407220184,1680663195,0,129827549,residential,False,,True,34.655191654947295,ถนนทุ่งเสา 2 ซอย 6,,,,,,
1407220184,1680662868,0,706273954,residential,False,,False,51.1760816256813,ถนนเทียนจ่ออุทิศ 3,,,,,,
1407220201,6487100755,0,103667284,residential,True,,False,32.160683823159616,,,,,,,
1407220209,796719909,0,685396452,tertiary,True,,False,94.4878242953398,ถนนปุณณกัณฑ์,2,,,,,
1407220492,1407221870,0,127078079,residential,False,,False,132.08446795609586,,,,,,,
1407220492,1407219425,0,706087701,unclassified,False,,False,44.248858559563104,Thanon Karnjanavanit Soi 19,,,,,,
1407220492,1107926675,0,706087701,unclassified,False,,True,21.862228952389458,Thanon Karnjanavanit Soi 19,,,,,,
1407220595,8976429000,0,104353660,residential,False,,True,127.92684838812983,ซอยธรรมนูญวิถี,,,,,,
1407220595,1203972117,0,104353660,residential,False,,False,119.98283508846924,ซอยธรรมนูญวิถี,,,,,,
1407220595,1407219355,0,127078308,residential,False,,False,155.29474772575537,Soi 18/4 Karnjanav Anit Road,,,,,,
1407220962,1407219345,0,706302589,residential,True,,False,28.13544250065064,Thanon Poonnakan Soi 4,,,,,,
1407221063,2505175779,0,"[1214455777, 959974132]",primary,True,,False,29.118919953719306,ถนนกาญจนวณิชย์,,,,,,
1407221092,1407219215,0,127078321,residential,False,,False,90.67435711652791,Soi Sirichotuthit 2,,,,,,
1407221092,1407219810,0,959974132,primary,True,,False,59.07415032182938,ถนนกาญจนวณิชย์,,,,,,
1407221149,1407220073,0,1214455774,primary,True,,False,62.58529565731899,ถนนกาญจนวณิชย์,,,,,,
1407221250,1407220047,0,127078325,residential,False,,True,108.24724097613115,,,,,,,
1407221250,8881865433,0,959970868,residential,False,,True,9.819028315741775,Thanon Poonnakan Soi 1,,,,,,
1407221250,1407221621,0,959970868,residential,False,,False,72.67901088221686,Thanon Poonnakan Soi 1,,,,,,
1407221607,1407219798,0,127078041,residential,False,,True,32.26819404130582,,,,,,,
1407221621,1407221250,0,959970868,residential,False,,True,72.67901088221686,Thanon Poonnakan Soi 1,,,,,,
1407221707,1407218726,0,127078275,residential,False,,True,58.22232521245385,,,,,,,
1407221870,1407220492,0,127078079,residential,False,,True,132.08446795609586,,,,,,,
1407221870,1407219934,0,127078079,residential,False,,False,55.19761669860582,,,,,,,
1407221870,1558314100,0,498671300,residential,False,,True,35.6302785576745,,,,,,,
1407221939,1407219129,0,127078083,residential,False,,True,140.3746875610621,Soi 18/8 Karnjanav Anit Road,,,,,,
1421020805,8634015007,0,128632671,residential,False,,True,180.77431385755918,Thanon Rajuthit Soi 20,,,,,,
1421020805,1680668123,0,155690643,residential,False,,False,47.83889143713822,,,,,,,
1421020805,1680667744,0,706357258,residential,False,,False,96.32093632899335,Pracha Uthit Road,,,,,,
1421020817,1421020868,0,155690972,residential,False,,False,80.37145944624348,Soi Senha,,,,,,
1421020817,1680665289,0,155690972,residential,False,,True,107.02891935581239,Soi Senha,,,,,,
1421020817,1680665529,0,706357258,residential,False,,True,47.693293693660124,Pracha Uthit Road,,,,,,
1421020846,1680667426,0,155690726,residential,False,,False,99.60942314152712,,,,,,,
1421020846,1680667739,0,155690726,residential,False,,True,134.91686493602444,,,,,,,
1421020846,1421020877,0,706357258,residential,False,,True,27.390169832115912,Pracha Uthit Road,,,,,,
1421020846,1680667348,0,706357258,residential,False,,False,67.15291666464643,Pracha Uthit Road,,,,,,
1421020850,2506092538,0,243188137,residential,False,,False,83.82940987365673,,,,,,,
1421020850,2506092271,0,706341245,tertiary,False,,False,43.42559733761684,ถนนสาครมงคล,,,,,,
1421020850,8634730506,0,706341245,tertiary,False,,True,24.891576899691383,ถนนสาครมงคล,,,,,,
1421020868,3307259470,0,155690397,residential,False,,False,50.07604571086583,,,,,,,
1421020868,1680665504,0,155690972,residential,False,,False,56.4650616527286,Soi Senha,,,,,,
1421020868,1421020817,0,155690972,residential,False,,True,80.37145944624348,Soi Senha,,,,,,
1421020877,1680667808,0,155691037,residential,False,,False,120.58041383311006,Phetkasem Soi 21/1 Road,,,,,,
1421020877,1421020846,0,706357258,residential,False,,False,27.390169832115912,Pracha Uthit Road,,,,,,
1421020877,1680667744,0,706357258,residential,False,,True,36.372041335395544,Pracha Uthit Road,,,,,,
1421020880,2506096917,0,243188250,residential,False,,False,326.3338930397803,Thanon Sakornmongkol 2 Soi 15/2,,,,,,
1421020880,2506096496,0,706341245,tertiary,False,,False,76.92058036095182,ถนนสาครมงคล,,,,,,
1421020880,2506097286,0,706341245,tertiary,False,,True,26.953157151758564,ถนนสาครมงคล,,,,,,
1421020884,8634015005,0,155691176,residential,False,,False,184.31012850685764,Thanon Rajuthit Soi 16,,,,,,
1421020884,1680666903,0,706357258,residential,False,,False,39.979465285839,Pracha Uthit Road,,,,,,
1421020884,8635148769,0,706357258,residential,False,,True,39.33393206053881,Pracha Uthit Road,,,,,,
1421020884,1680667422,0,155691176,residential,False,,True,271.88406099835976,Thanon Rajuthit Soi 16,,,,,,
1421027659,1421027702,0,128632937,residential,False,,True,162.0384072528703,,,,,,,
1421027659,1421027903,0,243314064,unclassified,False,,False,130.22307977477735,,,,,,,
1421027659,9179528432,0,243314064,unclassified,False,,True,76.78151054345864,,,,,,,
1421027702,849403447,0,128632937,residential,False,,True,9.554749583976795,,,,,,,
1421027702,2507400878,0,243314304,residential,False,,False,74.05717330164862,,,,,,,
1421027702,1421027659,0,128632937,residential,False,,False,162.03840725287026,,,,,,,
1421027788,809537513,0,243188789,secondary,True,,False,26.23582438046834,ถนนเพชรเกษม,,,yes,,,
1421027788,1421027903,0,243314064,unclassified,False,,True,102.60001774358246,,,,,,,
1421027860,2505177708,0,243079628,tertiary,False,,True,19.7211890950092,ถนนเพชรเกษม ซอย 8/2,,,,,,
1421027860,2505177701,0,243079628,tertiary,False,,False,118.6498307906254,ถนนเพชรเกษม ซอย 8/2,,,,,,
1421027868,2507401473,0,128632939,residential,False,,False,51.03705429262009,Thanon Phetkasem Soi 10,,,,,,
1421027868,2507401450,0,128632939,residential,False,,True,43.264937088195246,Thanon Phetkasem Soi 10,,,,,,
1421027868,2505177627,0,243314203,residential,False,,True,132.53402659110188,Thanon Phetkasem Soi 10/4,,,,,,
1421027868,4900465280,0,243314458,residential,False,,False,350.27719708209344,Thanon Phetkasem Soi 10/3,,,,,,
1421027903,1421027788,0,243314064,unclassified,False,,False,102.60001774358246,,,,,,,
1421027903,1421027659,0,243314064,unclassified,False,,True,130.22307977477735,,,,,,,
1421027903,2507401034,0,243314268,residential,False,,False,151.07654531178798,,,,,,,
1430652314,2505178056,0,129731552,primary_link,False,,True,16.751494874436172,,,,,,,
1430652314,2508585868,0,243079803,primary,True,,False,439.1788501117289,ถนนกาญจนวณิชย์,3,,,,,
1430652314,4903690229,0,499047177,unclassified,True,,False,44.5255875683961,,,,,,,
1430652323,2505177940,0,700892601,unclassified,False,,False,11.374076847885243,,,,,,,
1430652323,8634694424,0,700892601,unclassified,False,,True,116.88802053378406,,,,,,,
1430652323,2508585733,0,243079803,primary,True,,False,209.37259556884788,ถนนกาญจนวณิชย์,3,,,,,
1430652424,8932532280,0,1465556728,unclassified,False,,True,12.844354951584613,,,,,,,
1430652424,2508586221,0,499047179,unclassified,True,,False,80.00607614302673,,,,,,,
1430652724,2508584652,0,97954651,residential,False,,False,53.14148763131993,ถนนกาญจนวนิช ซอย 6,,,,,,
1430652724,2508585000,0,970029499,primary,True,,False,46.84555234372379,ถนนกาญจนวณิชย์,3,,,,,
1430652734,2508584630,0,97954651,residential,False,,True,54.88492366669509,ถนนกาญจนวนิช ซอย 6,,,,,,
1430652734,2508584243,0,243454249,residential,False,,True,43.10187721195276,,,,,,,
1431715359,1122072673,0,129827558,residential,False,,True,83.24201652971038,ถนนเสน่หานุสรณ์,,,,,,
1431715359,1680666115,0,142455606,residential,False,,True,48.17587619347551,ถนนผดุงภักดี,,,,,,
1431715362,1160612986,0,100401248,residential,False,,True,39.080122314190305,Kham Uthit Soi 2,,,,,,
1431715362,1123399914,0,100401248,residential,False,,False,42.745615085269634,Kham Uthit Soi 2,,,,,,
1431715362,1431715416,0,129827563,residential,False,,True,180.72898031464214,Thanon Thung Sao 8,,,,,,
1431715363,1160612974,0,71380773,tertiary,True,,False,82.44096868543565,ถนนธรรมนูญวิถี,,,,,,
1431715366,1431715363,0,71380773,tertiary,True,,False,48.28711705955464,ถนนธรรมนูญวิถี,,,,,,
1431715369,617234535,0,684704215,residential,True,,False,73.57105516858454,Thanon Manasruedee,,,,,,
1431715369,1966412828,0,84842974,tertiary,True,,False,102.57666734651255,ถนนนิพัทธ์อุทิศ 3,3,,,,,
1431715372,1559016903,0,95809262,residential,False,,True,91.27507927868062,Thanon Chaiyakuluthit Soi 4,,,,,,
1431715372,1110416726,0,148941242,residential,False,,True,29.002433694075354,ถนนฉัยยากุลอุทิศ,,,,,,
1431715372,1559016904,0,148941242,residential,False,,False,43.56983544372703,ถนนฉัยยากุลอุทิศ,,,,,,
1431715374,1431715386,0,129827545,residential,False,,False,38.79817010100589,,,,,,,
1431715374,1431715427,0,129827545,residential,False,,True,125.58392671685134,,,,,,,
1431715374,1107862455,0,"[129827557, 706262925]",residential,False,,True,121.26481090087482,Thanon Nipatpukdee Soi 1,,,yes,,,
1431715377,1431715436,0,498671509,residential,False,,True,45.03978600647726,,,,,,,
1431715377,796747456,0,95637124,residential,False,,False,72.8654756343146,Soi 1 Channivate 1,,,,,,
1431715377,1431715453,0,95637124,residential,False,,True,58.18008505492672,Soi 1 Channivate 1,,,,,,
1431715380,1107773198,0,95532101,residential,True,,False,107.82601996786067,ซอย 1 ถนนนิพัทธ์อุทิศ 3,,,,,,
1431715380,1431715423,0,129827562,residential,False,,False,109.17076944120555,,,,,,,
1431715381,8363316256,0,706265654,tertiary,False,,False,7.353988153711532,Thung Sao 1 Rd,,,,,,
1431715381,1680664171,0,706265654,tertiary,False,,True,44.77751349476694,Thung Sao 1 Rd,,,,,,
1431715381,1431715456,0,129827550,residential,False,,False,119.38883550237236,Soi 3 Thung Sao 1,,,,,,
1431715384,1431715430,0,129827551,residential,False,,False,83.28258545653807,Thanon Nipatpukdee Soi 1/1,,,,,,
1431715384,1107862455,0,129827553,residential,False,,False,58.254742745257474,Thanon Nipatpukdee Soi 2,,,,,,
1431715384,5474395595,0,"[569148520, 129827553]",residential,False,,True,35.88945363901733,Thanon Nipatpukdee Soi 2,,,,,,
1431715385,1431715453,0,129827564,residential,False,,False,43.74499774072893,Thanon Chanmiwate 1,,,,,,
1431715385,1108909716,0,232338905,tertiary,False,,False,119.01783355427231,Thanon Nipatpukdee,,,,,,
1431715385,1431715410,0,232338905,tertiary,False,,True,50.96545703920157,Thanon Nipatpukdee,,,,,,
1431715386,1431715374,0,129827545,residential,False,,True,38.79817010100589,,,,,,,
1431715386,13428765866,0,"[243188776, 129827559]",residential,False,,True,25.632530531885955,"['Thankn Ratanawiboon Soi 1', 'ถนนนิพัทธ์อุทิศ 1']",2,,,,,
1431715386,1431715447,0,706273952,residential,False,,False,225.72046640007332,Soi 2 Ratanawiboon Road,,,,,,
1431715388,8642230826,0,95637123,residential,False,,False,10.799696114215173,Soi 5 Thung Sao 2 Road,,,,,,
1431715388,1680664228,0,129827550,residential,False,,True,61.8736925617141,Soi 3 Thung Sao 1,,,,,,
1431715388,1108909691,0,95637123,residential,False,,True,86.8455408777631,Soi 5 Thung Sao 2 Road,,,,,,
1431715390,1680664013,0,100401248,residential,False,,False,54.16554035700285,Kham Uthit Soi 2,,,,,,
1431715390,1680663195,0,129827549,residential,False,,False,194.15450889746708,ถนนทุ่งเสา 2 ซอย 6,,,,,,
1431715390,1431715442,0,129827549,residential,False,,True,55.30894130625245,ถนนทุ่งเสา 2 ซอย 6,,,,,,
1431715395,1174378788,0,96837172,residential,True,,False,32.80384407141201,ถนนเสน่หานุสรณ์,,,,,,
1431715395,1680666546,0,129827552,residential,False,,False,49.55140984497059,,,,,,,
1431715396,1680662672,0,129827560,unclassified,False,,False,50.70017295333366,ถนนเทียนจ่ออุทิศ 1,,,,,,
1431715396,8360741889,0,"[899864320, 155690541]",residential,False,,"[False, True]",136.94005738371402,,,,,,,
1431715396,1108909562,0,699753145,tertiary,False,,True,194.6318640725132,ถนนทุ่งเสา 1,,,,,,
1431715400,1123399472,0,95637131,tertiary,False,,False,52.42406281462056,ถนนทุ่งเสา 2,,,,,,
1431715400,1680664277,0,95637131,tertiary,False,,True,52.124040187883296,ถนนทุ่งเสา 2,,,,,,
1431715400,1431715407,0,129827547,residential,False,,False,112.80145146956669,Soi Kum Uthit 2,,,,,,
1431715406,1431715415,0,129827561,unclassified,False,,True,84.0564058579805,ถนนหอมนวล,,,,,,
1431715406,1431715429,0,969765781,residential,False,,False,44.491104236108306,Thanon Sheutit,2,,,,,
1431715406,1431715363,0,706256385,unclassified,True,,False,86.53286012578312,ถนนหอมนวล,,,,,,
1431715407,1160612986,0,100401248,residential,False,,False,56.50343142068877,Kham Uthit Soi 2,,,,,,
1431715407,1680664013,0,100401248,residential,False,,True,44.944451688401614,Kham Uthit Soi 2,,,,,,
1431715407,4900465412,0,498671680,residential,False,,False,191.66635314687457,Soi Kum Uthit 2,,,,,,
1431715407,1431715400,0,129827547,residential,False,,True,112.80145146956669,Soi Kum Uthit 2,,,,,,
1431715409,1122072658,0,706256379,residential,False,,False,23.34170097820862,ถนนกิมประดิษฐ์,,,,,,
1431715409,1110416410,0,96941844,residential,True,,False,91.42100598745435,,,,,,,
1431715409,1110416556,0,"[1374050352, 1374050353, 706256379]",residential,False,,True,28.62917553159774,ถนนกิมประดิษฐ์,,,yes,,,
1431715410,1431715430,0,129827548,residential,False,,False,50.78547230374946,Thanon Nipatpukdee Soi 3,,,,,,
1431715410,1107862455,0,232338905,tertiary,False,,True,81.83371901683995,Thanon Nipatpukdee,,,,,,
1431715410,1431715385,0,232338905,tertiary,False,,False,50.96545703920157,Thanon Nipatpukdee,,,,,,
1431715412,1559016809,0,155691202,residential,False,,False,18.7959851280717,ถนนจันทร์วิโรจน์,,,,,,
1431715412,1558343310,0,"[95637140, 155691202, 155691196]",residential,False,,True,54.62410871014694,ถนนจันทร์วิโรจน์,,,yes,,,
1431715412,8643312641,0,"[155691208, 1463880024, 155691206]",residential,False,,True,104.70507465255844,"['ถนนนิพัทธ์อุทิศ 1', 'Ratanawiboon Road']",2,,yes,,,
1431715414,8635169926,0,96941856,residential,False,,False,89.37919476960806,ถนนจันทร์นิเวศน์ 3,,,,,,
1431715414,1680664362,0,699753146,residential,False,,True,46.84402949810085,ถนนจันทร์นิเวศน์ 3,,,,,,
1431715414,1680664401,0,"[498671634, 155690517]",residential,False,,"[False, True]",160.30837690814877,Thanon Rajdamrei Soi 2/3,,,,,,
1431715415,1431715406,0,129827561,unclassified,False,,False,84.0564058579805,ถนนหอมนวล,,,,,,
1431715415,1107773211,0,1454593202,tertiary,False,,False,44.77682517542563,ถนนหอยมุกต์,,,,,,
1431715415,13339819885,0,1454593202,tertiary,False,,True,89.91340904881623,ถนนหอยมุกต์,,,,,,
1431715416,1559016829,0,95637131,tertiary,False,,False,79.49494626964602,ถนนทุ่งเสา 2,,,,,,
1431715416,1196924377,0,95637131,tertiary,False,,True,62.32553742598145,ถนนทุ่งเสา 2,,,,,,
1431715416,1431715362,0,129827563,residential,False,,False,180.72898031464217,Thanon Thung Sao 8,,,,,,
1431715418,1680662672,0,129827560,unclassified,False,,True,40.75569328009647,ถนนเทียนจ่ออุทิศ 1,,,,,,
1431715418,1680662868,0,706273954,residential,False,,True,50.90868326335224,ถนนเทียนจ่ออุทิศ 3,,,,,,
1431715418,1680662566,0,129827560,unclassified,False,,False,82.67651901531283,ถนนเทียนจ่ออุทิศ 1,,,,,,
1431715421,1122072645,0,706096643,residential,True,,False,55.43046250721868,Thanon Niyomrat,,,,,,
1431715421,1431715423,0,129827562,residential,False,,True,75.31358485228216,,,,,,,
1431715423,1431715380,0,129827562,residential,False,,True,109.17076944120555,,,,,,,
1431715423,1431715421,0,129827562,residential,False,,False,75.31358485228216,,,,,,,
1431715423,1431715359,0,706097791,residential,True,,False,55.91962617470247,ถนนผดุงภักดี,,,,,,
1431715427,1431715374,0,129827545,residential,False,,False,125.58392671685135,,,,,,,
1431715427,13428765866,0,243188776,residential,False,,False,136.2770170741802,ถนนนิพัทธ์อุทิศ 1,2,,,,,
1431715427,985092779,0,243188776,residential,False,,True,107.54380565366898,ถนนนิพัทธ์อุทิศ 1,2,,,,,
1431715428,796747456,0,65080340,residential,False,,True,54.067116596529004,ถนนจันทร์นิเวศน์ 2,,,,,,
1431715428,796747687,0,65080340,residential,False,,False,110.80867137441587,ถนนจันทร์นิเวศน์ 2,,,,,,
1431715428,1431715436,0,706262923,residential,False,,True,61.6237739136333,Thanon Channivate 1 Soi 2,,,,,,
1431715429,1431715406,0,969765781,residential,False,,True,44.491104236108306,Thanon Sheutit,2,,,,,
1431715429,1431715366,0,1365892989,unclassified,True,,False,75.5866462302876,,,,,,,
1431715429,1110416410,0,"[969765782, 1365892990]",residential,False,,False,16.849646848812306,Thanon Sheutit,2,,yes,,,
1431715430,1431715410,0,129827548,residential,False,,True,50.78547230374946,Thanon Nipatpukdee Soi 3,,,,,,
1431715430,1431715384,0,129827551,residential,False,,True,83.28258545653807,Thanon Nipatpukdee Soi 1/1,,,,,,
1431715430,5474395596,0,"[498671633, 129827548]",residential,False,,False,36.49418837786997,Thanon Nipatpukdee Soi 3,,,,,,
1431715436,1431715377,0,498671509,residential,False,,False,45.03978600647726,,,,,,,
1431715436,1431715428,0,706262923,residential,False,,False,61.6237739136333,Thanon Channivate 1 Soi 2,,,,,,
1431715436,1431715453,0,"[706262923, 129827564]",residential,False,,True,103.30971725174456,"['Thanon Channivate 1 Soi 2', 'Thanon Chanmiwate 1']",,,,,,
1431715442,1680664277,0,95637131,tertiary,False,,False,52.47432282030301,ถนนทุ่งเสา 2,,,,,,
1431715442,1108909691,0,95637131,tertiary,False,,True,66.59410213357657,ถนนทุ่งเสา 2,,,,,,
1431715442,1431715390,0,129827549,residential,False,,False,55.30894130625245,ถนนทุ่งเสา 2 ซอย 6,,,,,,
1431715447,8643312641,0,1463939400,residential,False,,False,86.27937462459182,ถนนนิพัทธ์อุทิศ 1,2,,,,,
1431715447,1431715386,0,706273952,residential,False,,True,225.72046640007332,Soi 2 Ratanawiboon Road,,,,,,
1431715447,13428765866,0,1463939400,residential,False,,True,177.39072144642105,ถนนนิพัทธ์อุทิศ 1,2,,,,,
1431715453,1431715385,0,129827564,residential,False,,True,43.74499774072893,Thanon Chanmiwate 1,,,,,,
1431715453,1431715377,0,95637124,residential,False,,False,58.18008505492672,Soi 1 Channivate 1,,,,,,
1431715453,1431715436,0,"[706262923, 129827564]",residential,False,,False,103.30971725174456,"['Thanon Channivate 1 Soi 2', 'Thanon Chanmiwate 1']",,,,,,
1431715456,1680664228,0,129827550,residential,False,,False,46.37424880914549,Soi 3 Thung Sao 1,,,,,,
1431715456,1680664329,0,699753146,residential,False,,False,57.88802802271307,ถนนจันทร์นิเวศน์ 3,,,,,,
1431715456,1431715381,0,129827550,residential,False,,True,119.38883550237237,Soi 3 Thung Sao 1,,,,,,
1431715456,1680663997,0,"[569148517, 498671685, 155690814]",residential,False,,"[False, True]",108.07907294352307,Thanon Keawsomnok,,,,,,
1431867096,1431867158,0,95542483,tertiary,False,,False,66.90690863854475,ถนนคลองเรียน 2,,,,,,
1431867096,1107926609,0,95542483,tertiary,False,,True,13.206538926418155,ถนนคลองเรียน 2,,,,,,
1431867096,1558314093,0,"[706087696, 129842386]","['unclassified', 'residential']",False,,False,155.6280623419498,Thanon Klongren 2 Soi 3,,,,,,
1431867100,1431867150,0,129842397,residential,False,,True,44.54824420067755,Thanon Klongren 2 Soi 7,,,,,,
1431867100,4900465343,0,498671530,residential,False,,True,45.275206200166345,,,,,,,
1431867100,1431867172,0,1457057266,residential,False,,False,146.55413604268938,Thanon Rajyindee Soi 9,,,,,,
1431867100,1431867166,0,1457057266,residential,False,,True,130.7187785876224,Thanon Rajyindee Soi 9,,,,,,
1431867103,8642733850,0,129842397,residential,False,,False,78.84130177653488,Thanon Klongren 2 Soi 7,,,,,,
1431867103,1431867141,0,129842397,residential,False,,True,140.40159630492684,Thanon Klongren 2 Soi 7,,,,,,
1431867103,4900465031,0,706087699,unclassified,False,,True,44.11784824001256,,,,,,,
1431867106,4900465453,0,129842395,residential,False,,True,45.87069453356591,Romyen 2 Road,,,,,,
1431867106,1680667434,0,129842396,residential,False,,False,40.462862324576115,Thanon Klongren 2 Soi 10,,,,,,
1431867106,4900465450,0,498671568,residential,False,,False,30.86395291840022,,,,,,,
1431867108,1680666463,0,129842388,residential,False,,False,60.876114508761034,Thanon Rajyindee Soi 9,,,,,,
1431867108,13362936997,0,1457057267,residential,True,,False,6.262565512270864,Thanon Pattano Uthit,,,,,,
1431867108,1431867160,0,"[932339003, 129842388, 932339004]",residential,False,,True,17.038852213935698,Thanon Rajyindee Soi 9,,,yes,,,
1431867110,4900465284,0,129842393,residential,False,,False,63.141877504892285,Thanon Romyen 1,,,,,,
1431867110,8363355368,0,129842395,residential,False,,False,27.20095163811546,Romyen 2 Road,,,,,,
1431867110,1431867164,0,129842395,residential,False,,True,44.29409000972064,Romyen 2 Road,,,,,,
1431867112,13362936997,0,129842391,residential,False,,True,226.91514540528937,Thanon Pattano Uthit,,,,,,
1431867112,8642279458,0,"[706087697, 706087700]",unclassified,False,,False,231.1428974563592,Thanon Klongren 2 Soi 1,,,,,,
1431867112,1431867172,0,1457057266,residential,False,,True,55.52475299011039,Thanon Rajyindee Soi 9,,,,,,
1431867117,1431867123,0,129842390,unclassified,False,,False,768.0675955235471,ซอยอรรถกระวี 1,,,,,no,
1431867117,2505176233,0,1236748108,tertiary,True,,False,448.4549728207022,ถนนศุภสารรังสรรค์,2,,,,,
1431867123,1431867117,0,129842390,unclassified,False,,True,768.0675955235471,ซอยอรรถกระวี 1,,,,,no,
1431867123,809537700,0,970037610,primary,True,,False,230.56860752370318,ถนนกาญจนวณิชย์,3,30,,,,
1431867127,8932318158,0,498671610,residential,False,,True,79.63761275996026,,,,,,,
1431867127,1431867163,0,706087700,unclassified,False,,False,42.56653187793817,Thanon Klongren 2 Soi 1,,,,,,
1431867127,8642279458,0,706087700,unclassified,False,,True,68.76187845833215,Thanon Klongren 2 Soi 1,,,,,,
1431867129,1431867157,0,129842394,residential,False,,True,26.745961112702904,,,,,,,
1431867132,8635323855,0,84842972,tertiary,False,,False,35.497023727938306,ถนนรัถการ,2,,,,,
1431867132,2507402001,0,100401319,tertiary,False,,False,140.63209425555112,ถนนนิพัทธ์สงเคราะห์ 2,2,,,,,
1431867132,2505177759,0,84842972,tertiary,False,,True,174.14012480178252,ถนนรัถการ,2,,,,,
1431867140,6634515719,0,95542483,tertiary,False,,False,19.577906572076216,ถนนคลองเรียน 2,,,,,,
1431867140,1680667413,0,129842396,residential,False,,True,52.47582952733003,Thanon Klongren 2 Soi 10,,,,,,
1431867140,1680667686,0,95542483,tertiary,False,,True,96.04009021952902,ถนนคลองเรียน 2,,,,,,
1431867140,4900465071,0,155691022,residential,False,,True,273.62789217739396,Soi 8 Rajyindee,,,,,,
1431867141,8523321638,0,95542483,tertiary,False,,True,29.50667839683799,ถนนคลองเรียน 2,,,,,,
1431867141,1431867103,0,129842397,residential,False,,False,140.40159630492684,Thanon Klongren 2 Soi 7,,,,,,
1431867141,4900465148,0,95542483,tertiary,False,,False,24.954180032327095,ถนนคลองเรียน 2,,,,,,
1431867150,1431867100,0,129842397,residential,False,,False,44.54824420067755,Thanon Klongren 2 Soi 7,,,,,,
1431867150,1558314095,0,142395239,residential,False,,False,30.041099461861684,,,,,,,
1431867150,8642733850,0,129842397,residential,False,,True,134.202584231325,Thanon Klongren 2 Soi 7,,,,,,
1431867152,1107926432,0,95542483,tertiary,False,,False,54.26667191994996,ถนนคลองเรียน 2,,,,,,
1431867152,4900465035,0,95542483,tertiary,False,,True,24.570869998025746,ถนนคลองเรียน 2,,,,,,
1431867152,4900465284,0,129842393,residential,False,,True,72.93477048035098,Thanon Romyen 1,,,,,,
1431867155,4900465031,0,706087699,unclassified,False,,False,72.1042940031668,,,,,,,
1431867155,4900465425,0,498671695,residential,False,,True,83.32477544128135,,,,,,,
1431867155,1558314093,0,706087696,residential,False,,True,112.42561982653896,Thanon Klongren 2 Soi 3,,,,,,
1431867157,1431867129,0,129842394,residential,False,,False,26.745961112702904,,,,,,,
1431867157,8642359276,0,129842394,residential,False,,True,43.369053325931304,,,,,,,
1431867157,4900465101,0,129842392,residential,False,,True,88.15525323926994,Thanon Klongren 2 Soi 8,,,,,,
1431867158,1173916582,0,95542483,tertiary,False,,False,134.2612520584166,ถนนคลองเรียน 2,,,,,,
1431867158,1431867096,0,95542483,tertiary,False,,True,66.90690863854475,ถนนคลองเรียน 2,,,,,,
1431867158,1431867163,0,1467517033,unclassified,False,,True,123.58497145876983,Thanon Klongren 2 Soi 1,,,,,,
1431867160,1680666013,0,932339002,secondary,True,,False,182.31624827913532,ถนนราษฎร์ยินดี,2,,,,,
1431867160,1431867108,0,"[932339003, 932339004, 129842388]",residential,False,,False,17.038852213935698,Thanon Rajyindee Soi 9,,,yes,,,
1431867163,1680665741,0,155690633,residential,False,,True,79.80873194524041,,,,,,,
1431867163,1431867127,0,706087700,unclassified,False,,True,42.566531877938175,Thanon Klongren 2 Soi 1,,,,,,
1431867163,1431867158,0,1467517033,unclassified,False,,False,123.58497145876983,Thanon Klongren 2 Soi 1,,,,,,
1431867164,4900465305,0,129842392,residential,False,,False,58.414050575773736,Thanon Klongren 2 Soi 8,,,,,,
1431867164,1107926432,0,129842392,residential,False,,True,145.02278389405384,Thanon Klongren 2 Soi 8,,,,,,
1431867164,1431867110,0,129842395,residential,False,,False,44.29409000972064,Romyen 2 Road,,,,,,
1431867166,1680666463,0,129842388,residential,False,,True,60.91110100103522,Thanon Rajyindee Soi 9,,,,,,
1431867166,1559016911,0,142455592,residential,False,,False,53.73609760333928,Thanon Rajyindee Soi 9,,,,,,
1431867166,1431867100,0,1457057266,residential,False,,False,130.7187785876224,Thanon Rajyindee Soi 9,,,,,,
1431867172,1680666463,0,155691088,residential,False,,False,228.25292638415678,Soi Vachira-Anan 1,,,,,,
1431867172,1431867112,0,1457057266,residential,False,,False,55.52475299011039,Thanon Rajyindee Soi 9,,,,,,
1431867172,1431867100,0,1457057266,residential,False,,True,146.55413604268935,Thanon Rajyindee Soi 9,,,,,,
1558314093,4900465425,0,142395239,residential,False,,True,42.806643753508276,,,,,,,
1558314093,1431867155,0,706087696,residential,False,,False,112.42561982653896,Thanon Klongren 2 Soi 3,,,,,,
1558314093,1431867096,0,"[706087696, 129842386]","['unclassified', 'residential']",False,,True,155.6280623419498,Thanon Klongren 2 Soi 3,,,,,,
1558314095,1431867150,0,142395239,residential,False,,True,30.041099461861684,,,,,,,
1558314095,4900465425,0,142395239,residential,False,,False,92.4745061571719,,,,,,,
1558314095,4900465641,0,498671600,residential,False,,False,74.63862179843576,,,,,,,
1558314100,8642372197,0,142395240,residential,False,,False,46.84833492878835,,,,,,,
1558314100,1107926597,0,142395240,residential,False,,True,27.222613312476405,,,,,,,
1558314100,1407221870,0,498671300,residential,False,,False,35.6302785576745,,,,,,,
1558314142,4900465244,0,498671497,residential,False,,False,55.10416628063931,,,,,,,
1558314142,1558314144,0,706094740,residential,False,,True,20.857199773936895,ถนนสามชัย,,,,,,
1558314142,2506085508,0,706094740,residential,False,,False,184.0741980270816,ถนนสามชัย,,,,,,
1558314144,1558314142,0,706094740,residential,False,,False,20.857199773936895,ถนนสามชัย,,,,,,
1558314144,1107926433,0,706094740,residential,False,,True,25.61448196925423,ถนนสามชัย,,,,,,
1558314144,1680667730,0,155690513,residential,False,,False,77.57912924011828,Soi 14 Rajyindee Road,,,,,,
1558343216,1107862819,0,931321078,tertiary,False,,True,97.51173755642196,ถนนพลพิชัย,,,,,,
1558343216,8934538596,0,142398165,unclassified,False,,True,275.9295255317665,,,,,,,
1558343310,1431715412,0,"[155691202, 155691196, 95637140]",residential,False,,False,54.624108710146935,ถนนจันทร์วิโรจน์,,,yes,,,
1558343310,1680663542,0,95637140,residential,False,,True,61.11490919319557,ถนนจันทร์วิโรจน์,,,,,,
1558343310,13428820087,0,142398173,residential,False,,False,41.59899395279927,ถนนจันทร์วิโรจน์ ซอย 5,,,,,,
1558343337,4890612483,0,142398162,unclassified,False,,False,23.037450032824385,,,,,,,
1558343337,8364230683,0,142398162,unclassified,False,,True,22.320025646929057,,,,,,,
1558343337,4890613804,0,497502825,residential,False,,False,69.04349548198685,,,,,,,
1558343340,8364230681,0,142398162,unclassified,False,,False,36.90206384090342,,,,,,,
1558343340,4465620015,0,142398162,unclassified,False,,True,48.514929079298554,,,,,,,
1558343340,4890612779,0,497502757,residential,False,,False,113.52724002798178,,,,,,,
1558343342,4465620015,0,142398162,unclassified,False,,False,67.27296237575389,,,,,,,
1558343342,1680665186,0,142398167,unclassified,False,,True,58.57615837295118,,,,,,,
1558343342,1680665235,0,155691131,residential,False,,True,31.484557898655154,,,,,,,
1558343344,8634875766,0,142398167,unclassified,False,,False,75.65458284242486,,,,,,,
1558343344,1558729915,0,142434852,unclassified,False,,True,75.41146731489737,,,,yes,,,
1558343344,4464855848,0,142398172,unclassified,False,,True,254.14338144142894,,,,,,,
1558729721,796719962,0,142434857,tertiary,False,,False,9.802398732489582,,,,,,,
1558729721,1559016822,0,142434857,tertiary,False,,True,62.024442839811044,,,,,,,
1558729721,796719858,0,"[65075561, 65075564, 142455591]",unclassified,False,,False,33.278861631982025,,,,yes,,,
1558729775,4900465431,0,142434850,residential,False,,False,116.98561991587313,Soi Boonvanno,,,,,,
1558729775,6636840466,0,931321078,tertiary,False,,False,13.758872176641857,ถนนพลพิชัย,,,,,,
1558729775,1108909564,0,931321078,tertiary,False,,True,117.53198533426787,ถนนพลพิชัย,,,,,,
1558729819,8635029322,0,155690274,residential,False,,False,6.120497523901878,,,,,,,
1558729819,4900465271,0,155690274,residential,False,,True,79.83296780162873,,,,,,,
1558729819,4900465375,0,931370856,residential,False,,False,62.576111692002314,,,,,,,
1558729912,4900465714,0,142434850,residential,False,,True,170.21629072771643,Soi Boonvanno,,,,,,
1558729912,4900465271,0,155690274,residential,False,,False,38.80580941328307,,,,,,,
1558729912,1680662622,0,155690274,residential,False,,True,132.7856743240564,,,,,,,
1558729912,8934731536,0,965810409,residential,False,,True,58.03360878218031,,,,,,,
1558729915,1558343344,0,142434852,unclassified,False,,False,75.41146731489737,,,,yes,,,
1558729915,1559029758,0,142398166,unclassified,False,,False,132.08492796705397,,,,,,,
1558729915,4890612652,0,142456563,residential,False,,False,321.3852192650011,ถนนเทศาพัฒนา,,,,,,
1558997825,2506085508,0,706094742,residential,False,,False,140.02394999297925,ถนนสามชัย,,,,,,
1558997825,8976428985,0,970010765,tertiary,True,,False,165.82487277236896,ถนนธรรมนูญวิถี,,,,,,
1559016809,1431715412,0,155691202,residential,False,,True,18.7959851280717,ถนนจันทร์วิโรจน์,,,,,,
1559016809,1107862887,0,232338905,tertiary,False,,False,145.50066036437238,Thanon Nipatpukdee,,,,,,
1559016809,1123399813,0,232338905,tertiary,False,,True,88.07130675820756,Thanon Nipatpukdee,,,,,,
1559016813,1559016814,0,142455602,residential,False,,False,65.6404488581371,Thanon Jannavate 3,,,,,,
1559016813,1559016814,1,"[142455601, 706273950]",residential,False,,True,152.0008425853665,Thanon Jannavate 3 Soi 2,,,,,,
1559016813,8642692665,0,142455602,residential,False,,True,41.14854208680653,Thanon Jannavate 3,,,,,,
1559016814,1559016819,0,142455601,residential,False,,True,41.8123587708138,Thanon Jannavate 3 Soi 2,,,,,,
1559016814,1559016813,0,142455602,residential,False,,True,65.6404488581371,Thanon Jannavate 3,,,,,,
1559016814,1559016813,1,"[142455601, 706273950]",residential,False,,False,152.0008425853665,Thanon Jannavate 3 Soi 2,,,,,,
1559016814,1559016820,0,706273951,residential,False,,False,102.16449179386754,Thanon Channivate 3 Soi 1,,,,,,
1559016815,8642692665,0,142455602,residential,False,,False,37.41930595286675,Thanon Jannavate 3,,,,,,
1559016815,796747695,0,706273956,residential,False,,False,7.8469576157235075,ถนนจันทร์นิเวศน์ 3,,,,,,
1559016815,1559016819,0,706273956,residential,False,,True,114.96774504449556,ถนนจันทร์นิเวศน์ 3,,,,,,
1559016819,1559016814,0,142455601,residential,False,,False,41.8123587708138,Thanon Jannavate 3 Soi 2,,,,,,
1559016819,1559016815,0,706273956,residential,False,,False,114.96774504449556,ถนนจันทร์นิเวศน์ 3,,,,,,
1559016819,1559016820,0,706273956,residential,False,,True,67.25273802427125,ถนนจันทร์นิเวศน์ 3,,,,,,
1559016820,1559016814,0,706273951,residential,False,,True,102.16449179386754,Thanon Channivate 3 Soi 1,,,,,,
1559016820,1559016819,0,706273956,residential,False,,False,67.25273802427125,ถนนจันทร์นิเวศน์ 3,,,,,,
1559016820,796747673,0,706273956,residential,False,,True,69.43102622161258,ถนนจันทร์นิเวศน์ 3,,,,,,
1559016821,1123399945,0,706259495,residential,False,,False,72.53556729687999,,,,,,,
1559016821,1123399914,0,706259495,residential,False,,True,80.93547821681543,,,,,,,
1559016822,4900465278,0,498671505,residential,False,,True,44.64299320613477,,,,,,,
1559016822,1558729721,0,142434857,tertiary,False,,False,62.02444283981104,,,,,,,
1559016822,796747698,0,142434857,tertiary,False,,True,41.36902954098748,,,,,,,
1559016826,1559016831,0,95637125,residential,False,,False,50.486299849560716,,,,,,,
1559016826,8642879788,0,1190730136,residential,False,,False,16.973865015816784,,,,,,,
1559016826,1108909401,0,95637125,residential,False,,True,91.13309347934019,,,,,,,
1559016829,1680664939,0,95637131,tertiary,False,,False,10.619414729392972,ถนนทุ่งเสา 2,,,,,,
1559016829,13454805888,0,142455594,residential,True,,False,133.33828201591618,Thanon Thung Sao 10,,,,,,
1559016829,1431715416,0,95637131,tertiary,False,,True,79.49494626964602,ถนนทุ่งเสา 2,,,,,,
1559016831,1559016826,0,95637125,residential,False,,True,50.486299849560716,,,,,,,
1559016831,4900466226,0,142455596,residential,False,,False,47.4437544329015,,,,,,,
1559016831,10703664329,0,498671519,residential,False,,True,74.60299316734913,,,,,,,
1559016831,796719962,0,95637125,residential,False,,False,133.85867725474935,,,,,,,
1559016832,1108909644,0,95637131,tertiary,False,,False,46.0278932194949,ถนนทุ่งเสา 2,,,,,,
1559016832,4900465097,0,95637131,tertiary,False,,True,32.859175953289,ถนนทุ่งเสา 2,,,,,,
1559016833,796719962,0,142434857,tertiary,False,,True,47.02648776289603,,,,,,,
1559016833,2505175795,0,142434857,tertiary,False,,False,142.95125499751202,,,,,,,
1559016833,1559016834,0,142455598,residential,True,,False,69.89410894761474,Soi P. Nattapol 4,,,,,,
1559016834,4900466226,0,142455598,residential,True,,False,50.77489234253591,Soi P. Nattapol 4,,,,,,
1559016835,4900466226,0,142455596,residential,False,,True,6.3949525966448615,,,,,,,
1559016835,4900465333,0,706265655,residential,True,,False,103.93183777311249,,,,,,,
1559016835,1196924337,0,498671696,residential,False,,False,58.6536544339042,,,,,,,
1559016846,2505175795,0,243082642,unclassified,False,,False,107.38382545430764,Thanon Simbenjapolpatana,,,,,,
1559016846,796719858,0,243082642,unclassified,False,,True,102.15190014869421,Thanon Simbenjapolpatana,,,,,,
1559016846,4900465127,0,498671603,residential,False,,False,106.92554221949263,,,,,,,
1559016861,796719833,0,685344728,secondary,True,,False,50.00173708089356,ถนนศรีภูวนารถ,,,,,,
1559016861,10904788579,0,1173627707,secondary_link,False,,True,12.612777718812938,,,,,,,
1559016869,8643315937,0,1315837498,tertiary,True,,False,4.241187916479772,ถนนนิพัทธ์อุทิศ 1,3,,,,,
1559016869,1559016880,0,"[706096641, 142455603]",residential,False,,True,289.5365095738928,"['ซอย 3 นิพัทธ์อุทิศ 1', 'ถนนนิพัทธ์อุทิศ 1 ซอย 2']",,,,,,
1559016880,1559016869,0,"[706096641, 142455603]",residential,False,,False,289.5365095738928,"['ซอย 3 นิพัทธ์อุทิศ 1', 'ถนนนิพัทธ์อุทิศ 1 ซอย 2']",,,,,,
1559016880,1559016869,1,1315837498,tertiary,True,,False,44.452444206102264,ถนนนิพัทธ์อุทิศ 1,3,,,,,
1559016895,1559016903,0,142455600,unclassified,False,,True,71.40267778992153,,,,,,,
1559016895,1110416726,0,142455604,residential,False,,False,94.59496116187461,ถนนละม้ายสงเคราะห์,,,,,,
1559016895,1110416677,0,142455604,residential,False,,True,91.38364462472529,ถนนละม้ายสงเคราะห์,,,,,,
1559016898,1110416726,0,"[148941242, 148941245, 95532102]",residential,False,,False,40.61641300359146,ถนนฉัยยากุลอุทิศ,,,yes,,,
1559016898,1107773207,0,95532102,residential,False,,True,31.65541567984885,ถนนฉัยยากุลอุทิศ,,,,,,
1559016898,1122072674,0,96837170,residential,False,,True,276.47449388346973,,,,,,,
1559016903,1431715372,0,95809262,residential,False,,False,91.27507927868062,Thanon Chaiyakuluthit Soi 4,,,,,,
1559016903,1110416379,0,95809262,residential,False,,True,52.79611402608908,Thanon Chaiyakuluthit Soi 4,,,,,,
1559016903,1559016905,0,142455600,unclassified,False,,True,44.168808816512424,,,,,,,
1559016903,1559016895,0,142455600,unclassified,False,,False,71.40267778992153,,,,,,,
1559016904,1559016905,0,142455595,residential,False,,False,93.75860782033295,,,,,,,
1559016904,1559016909,0,148941242,residential,False,,False,44.97792056766388,ถนนฉัยยากุลอุทิศ,,,,,,
1559016904,1431715372,0,148941242,residential,False,,True,43.56983544372703,ถนนฉัยยากุลอุทิศ,,,,,,
1559016905,1559016904,0,142455595,residential,False,,True,93.75860782033295,,,,,,,
1559016905,1559016903,0,142455600,unclassified,False,,False,44.168808816512424,,,,,,,
1559016905,4900465210,0,142455600,unclassified,False,,True,24.231278637516116,,,,,,,
1559016909,1559016910,0,142455590,residential,False,,False,94.20892460219439,Thanon Chaiyakuluthit Soi 2,,,,,,
1559016909,1559016904,0,148941242,residential,False,,True,44.97792056766388,ถนนฉัยยากุลอุทิศ,,,,,,
1559016909,8643114367,0,155690741,residential,False,,True,69.93969604867945,Thanon Chaiyakuluthit Soi 2,,,,,,
1559016909,1559016916,0,148941242,residential,False,,False,44.133892746999024,ถนนฉัยยากุลอุทิศ,,,,,,
1559016910,1559016909,0,142455590,residential,False,,True,94.20892460219439,Thanon Chaiyakuluthit Soi 2,,,,,,
1559016910,4900465210,0,142455600,unclassified,False,,False,20.924245018618784,,,,,,,
1559016910,1559016918,0,142455600,unclassified,False,,True,46.42687045794616,,,,,,,
1559016911,1431867166,0,142455592,residential,False,,True,53.73609760333928,Thanon Rajyindee Soi 9,,,,,,
1559016915,1680666529,0,706096645,residential,False,,True,80.08824392696775,,,,,,,
1559016915,617234534,0,684704215,residential,True,,False,91.61492476203108,Thanon Manasruedee,,,,,,
1559016916,1559016918,0,142455599,residential,True,,False,92.97397538245907,Thanon Chaiyakuluthit Soi 1,,,,,,
1559016916,1107773211,0,148941242,residential,False,,False,52.89153006895222,ถนนฉัยยากุลอุทิศ,,,,,,
1559016916,1559016909,0,148941242,residential,False,,True,44.133892746999024,ถนนฉัยยากุลอุทิศ,,,,,,
1559016918,1559016910,0,142455600,unclassified,False,,False,46.42687045794616,,,,,,,
1559016918,1559016919,0,706256386,residential,False,,False,51.5617385963381,Thanon Chaiyakuluthit Soi 1,,,,,,
1559016919,1680666950,0,706256380,tertiary,False,,False,21.221288008887896,ถนนละม้ายสงเคราะห์,,,,,,
1559016919,1680666686,0,706256380,tertiary,False,,True,68.24901260082805,ถนนละม้ายสงเคราะห์,,,,,,
1559016919,1559016918,0,706256386,residential,False,,True,51.5617385963381,Thanon Chaiyakuluthit Soi 1,,,,,,
1559029733,1177548796,0,102007058,primary_link,True,,False,51.495191697417084,,,,,,,
1559029733,1559029735,0,142456554,residential,False,,True,189.5605124739596,ถนนเทียนจ่ออุทิศ 2,,,,,,
1559029735,1160612976,0,102007034,residential,False,,False,49.11411982748326,Thanon Tienjawsongkraw 1,,,,,,
1559029735,1160612966,0,102007034,residential,False,,True,52.8457703511191,Thanon Tienjawsongkraw 1,,,,,,
1559029735,1559029733,0,142456554,residential,False,,False,189.5605124739596,ถนนเทียนจ่ออุทิศ 2,,,,,,
1559029735,1680662508,0,155690506,residential,False,,True,204.68666378748762,ถนนเทียนจ่ออุทิศ 2,,,,,,
1559029749,4464855848,0,142398172,unclassified,False,,False,51.908427099335654,,,,,,,
1559029749,1559029754,0,"[142456547, 142456548, 142456559]",unclassified,False,,False,73.87605652683055,,,,yes,,,
1559029754,1680664354,0,142398166,unclassified,False,,False,48.621695869553655,,,,,,,
1559029754,1559029755,0,142398166,unclassified,False,,True,52.26814156784122,,,,,,,
1559029754,1559029749,0,"[142456547, 142456548, 142456559]",unclassified,False,,True,73.87605652683055,,,,yes,,,
1559029754,1680665108,0,155690764,residential,False,,True,351.2454972083942,,,,,,,
1559029755,1559029754,0,142398166,unclassified,False,,False,52.26814156784122,,,,,,,
1559029755,1680665283,0,155690642,residential,False,,False,373.1854235239113,,,,,,,
1559029755,1559029756,0,142398166,unclassified,False,,True,52.96517206253888,,,,,,,
1559029756,1559029755,0,142398166,unclassified,False,,False,52.96517206253888,,,,,,,
1559029756,1559029758,0,142398166,unclassified,False,,True,52.5384326511502,,,,,,,
1559029756,1559029764,0,142456555,residential,False,,False,383.7650983973117,,,,,,,
1559029758,1559029756,0,142398166,unclassified,False,,False,52.5384326511502,,,,,,,
1559029758,1558729915,0,142398166,unclassified,False,,True,132.08492796705397,,,,,,,
1559029758,4890612653,0,142456557,residential,False,,False,333.040599060394,,,,,,,
1559029764,1559029768,0,142456561,residential,False,,True,45.43810967124588,,,,,,,
1559029764,1559029756,0,142456555,residential,False,,True,383.7650983973117,,,,,,,
1559029764,1680665283,0,142456561,residential,False,,False,56.48920118071893,,,,,,,
1559029768,4890612653,0,142456557,residential,False,,True,49.405229215489506,,,,,,,
1559029768,1559029764,0,142456561,residential,False,,False,45.43810967124588,,,,,,,
1559029768,1559029771,0,142456561,residential,False,,True,63.6674119068502,,,,,,,
1559029771,1559029768,0,142456561,residential,False,,False,63.6674119068502,,,,,,,
1559029771,1680665698,0,142456563,residential,False,,False,19.330768056415337,ถนนเทศาพัฒนา,,,,,,
1559029771,4890612652,0,142456563,residential,False,,True,53.28077207039969,ถนนเทศาพัฒนา,,,,,,
1559029772,4890612319,0,142456563,residential,False,,False,11.044106280129995,ถนนเทศาพัฒนา,,,,,,
1559029772,1680665743,0,142456563,residential,False,,True,45.79359182295411,ถนนเทศาพัฒนา,,,,,,
1559029772,1680665012,0,155691177,residential,False,,True,275.61453365408937,,,,,,,
1559029774,3327878852,0,155691017,residential,True,,False,146.83631097901295,,,,,,,
1559029774,1680665995,0,1468639123,unclassified,False,,False,77.29420298382556,,,,,,,
1559029774,1680665900,0,1468639123,unclassified,False,,True,45.40907957899628,,,,,,,
1559029775,8363233378,0,1468639123,unclassified,False,,False,42.09367048960349,,,,,,,
1559029775,1680666259,0,155690568,residential,False,,True,98.59996965378622,,,,,,,
1559029775,1680666017,0,1468639123,unclassified,False,,True,31.38853892600733,,,,,,,
1559029777,1559029779,0,332224443,tertiary,False,,False,170.69639299824294,ถนนเพชรเกษม ซอย 27,,,,,,
1559029777,4890612804,0,1468639123,unclassified,False,,True,49.075792805540935,,,,,,,
1559029777,1680666050,0,332224443,tertiary,False,,True,45.27407678194237,ถนนเพชรเกษม ซอย 27,,,,,,
1559029779,1559029777,0,332224443,tertiary,False,,True,170.69639299824294,ถนนเพชรเกษม ซอย 27,,,,,,
1559029779,1680666371,0,"[1218212421, 1218212423]",secondary,True,,False,150.69073786427566,ถนนเพชรเกษม,,,,,,
1559029797,617234576,0,84842974,tertiary,True,,False,89.50398163164122,ถนนนิพัทธ์อุทิศ 3,3,,,,,
1559029798,1559029797,0,142456544,residential,True,,False,84.19591555714871,Trok Sukonthahong,,,,,,
1559029798,617234843,0,706097788,residential,True,,False,96.74337714839535,ถนนเสน่หานุสรณ์,,20,,,,
1597535079,823954362,0,71380772,residential,False,,True,98.48412617098403,ถนนวงศ์วานิช,2,,,,,
1597535079,2507400796,0,71380780,tertiary,False,,False,58.33168569562567,ถนนคลองเรียน 1,4,,,,,
1597535079,823954361,0,71380780,tertiary,False,,True,49.95818384984074,ถนนคลองเรียน 1,4,,,,,
1597535079,947896985,0,81350006,tertiary,False,,False,202.04067854633354,Thanon Rajyindee Soi 1,,,,,,
1612097142,1680667576,0,148108192,secondary,True,,False,121.75793044934977,ถนนเพชรเกษม,,,,,,
1612097142,11806124649,0,1271342646,tertiary,True,,False,8.828615213804841,ถนนราษฏร์อุทิศ,,,,,,
1612097191,2506085819,0,243188550,tertiary,True,,False,96.988815258636,ถนนเพชรเกษม,,,,,,
1612097191,2506085716,0,1315837498,tertiary,True,,False,51.11032206808245,ถนนนิพัทธ์อุทิศ 1,3,,,,,
1612097191,2505176116,0,"[1216769234, 1315837499, 40264695]",secondary,True,,False,592.6786693827055,ถนนเพชรเกษม,3,,yes,,,
1612097195,1612097191,0,1315837496,secondary,True,,False,11.111964042941223,ถนนเพชรเกษม,3,,,,,
1612097195,620881568,0,1315837497,tertiary,False,,False,17.920533924039304,ถนนศุภสารรังสรรค์,,,,,,
1612097195,485580845,0,706096636,tertiary,False,,True,69.39208877331963,ถนนศุภสารรังสรรค์,,,,,,
1612097214,796747689,0,970029499,primary,True,,False,35.90759377191795,ถนนกาญจนวณิชย์,3,,,,,
1612097214,856214513,0,970029500,secondary,True,,False,19.809087105102886,ถนนเพชรเกษม,,,,,,
1612097214,809537695,0,970029498,secondary,True,,False,72.21175011837961,ถนนเพชรเกษม,,,,,,
1639088606,2507400647,0,243314411,residential,False,,True,82.79452669036039,,,,,,,
1639088606,12311231547,0,151072454,residential,False,,False,225.4577781608109,,,,,,,
1639088606,2505176086,0,151072454,residential,False,,True,124.31488953111105,,,,,,,
1639088606,2507400607,0,243314287,residential,False,,True,188.39611182896107,,,,,,,
1639088623,1639088652,0,151072451,residential,False,,False,270.80297197677237,Soi Rajyindee Road 7,,,,,,
1639088623,2507400638,0,"[969757856, 151072453, 969757855]",residential,True,,False,37.47114726773699,,,,yes,,,
1639088636,2507400671,0,71380776,tertiary,False,,False,89.03216192672106,,,,,,,
1639088636,2507400649,0,151072451,residential,False,,True,52.05852122685128,Soi Rajyindee Road 7,,,,,,
1639088636,2505176086,0,71380776,tertiary,False,,True,106.99496164960306,,,,,,,
1639088652,2507400649,0,151072451,residential,False,,False,118.38993880562396,Soi Rajyindee Road 7,,,,,,
1639088652,1639088623,0,151072451,residential,False,,True,270.8029719767723,Soi Rajyindee Road 7,,,,,,
1639088652,2507400599,0,243314389,residential,False,,True,253.9387194563442,,,,,,,
1639088658,1639088623,0,151072453,residential,True,,False,100.69049435027219,,,,,,,
1639088658,8523328987,0,243079757,residential,False,,True,240.64698867973445,Soi Rajyindee Road 6/ 1,,,,,,
1639088658,2505176175,0,"[1218747872, 1218747873, 243314101]",residential,False,,False,15.038360655484352,,,,yes,,,
1666900747,13472440775,0,72016745,tertiary,False,,False,3.995439618563935,ถนนศุภสารรังสรรค์,,,,,,
1666900747,1369020950,0,72016745,tertiary,False,,True,48.87142406158581,ถนนศุภสารรังสรรค์,,,,,,
1666900747,1107926481,0,95542485,residential,False,,True,376.7202157513459,ถนนสามชัย,,,,,,
1672229809,1196104112,0,154729442,secondary,True,4135,False,40.72921104120766,,,,,,,
1672229809,2506085194,0,243188595,secondary_link,True,,False,49.29919013054996,,,,,,,
1672229976,2505175801,0,154729341,residential,False,,True,9.487910108215294,,,,,,,
1672229976,620882145,0,102026768,secondary,True,,False,155.42843446627887,ถนนเพชรเกษม,,,,,,
1672230024,2505175814,0,102026768,secondary,True,,False,140.2351620979423,ถนนเพชรเกษม,,,,,,
1672230024,1672230040,0,154729324,tertiary,False,,True,15.591800841077056,,,,,,,
1672230040,1672230024,0,154729324,tertiary,False,,False,15.591800841077056,,,,,,,
1672230040,5460390611,0,154729324,tertiary,False,,True,123.7691378737124,,,,,,,
1672230040,4890612239,0,243012499,tertiary,True,,False,53.5500629606137,,,,,,,
1672230068,2505175810,0,154729250,residential,False,,False,85.24025111920616,,,,,,,
1672230444,5460390609,0,154729264,residential,False,,False,109.24339734835722,,,,,,,
1680660688,1680660715,0,155691160,residential,False,,True,37.547947937590074,Thanon Rimmueng,,,,,,
1680660713,1680660905,0,155690279,residential,False,,False,114.69132785677192,,,,,,,
1680660715,1680660688,0,155691160,residential,False,,False,37.547947937590074,Thanon Rimmueng,,,,,,
1680660715,1680660870,0,155690836,residential,False,,False,158.47713695630762,,,,,,,
1680660715,1680660762,0,155691160,residential,False,,True,49.23344750968229,Thanon Rimmueng,,,,,,
1680660762,4902418362,0,155691160,residential,False,,True,37.59372891172914,Thanon Rimmueng,,,,,,
1680660762,1680660715,0,155691160,residential,False,,False,49.23344750968229,Thanon Rimmueng,,,,,,
1680660762,8934698920,0,965807630,residential,False,,False,137.25473638801353,,,,,,,
1680660870,8642546242,0,155691160,residential,False,,False,4.2467075208494744,Thanon Rimmueng,,,,,,
1680660870,4902418325,0,155691160,residential,False,,True,45.17848463158608,Thanon Rimmueng,,,,,,
1680660870,1680660715,0,155690836,residential,False,,True,158.47713695630762,,,,,,,
1680660878,1680661103,0,155690737,residential,False,,True,522.1657037890344,,,,,,,
1680660905,4902418325,0,155691160,residential,False,,False,54.68320661165807,Thanon Rimmueng,,,,,,
1680660905,1680661022,0,155690279,residential,False,,False,61.438488560150184,,,,,,,
1680660905,1680660713,0,155690279,residential,False,,True,114.69132785677192,,,,,,,
1680660943,8642543868,0,155690831,residential,False,,False,41.40118823907944,,,,,,,
1680660943,4902418333,0,155690831,residential,False,,True,41.130755654826864,,,,,,,
1680660943,8642546242,0,932302870,residential,False,,False,72.64892090611988,,,,,,,
1680661022,1680661103,0,155690279,residential,False,,False,44.37247312220838,,,,,,,
1680661022,8642543868,0,155690831,residential,False,,True,84.74731325246049,,,,,,,
1680661022,1680660905,0,155690279,residential,False,,True,61.438488560150184,,,,,,,
1680661103,1680661314,0,155690279,residential,False,,False,50.96492099415321,,,,,,,
1680661103,1680661022,0,155690279,residential,False,,True,44.37247312220838,,,,,,,
1680661103,1680660878,0,155690737,residential,False,,False,522.1657037890345,,,,,,,
1680661314,1107862819,0,155690279,residential,False,,False,40.72300086093975,,,,,,,
1680661314,1680661103,0,155690279,residential,False,,True,50.96492099415321,,,,,,,
1680661314,4902418423,0,498901619,residential,False,,True,88.02370018597345,Soi Suthep Charoen,,,,,,
1680662196,1680662566,0,155690364,residential,False,,False,119.52383112151594,,,,,,,
1680662332,4900465087,0,129827560,unclassified,False,,False,83.94233067454878,ถนนเทียนจ่ออุทิศ 1,,,,,,
1680662332,1680662508,0,155691053,residential,False,,False,50.5271777467316,,,,,,,
1680662332,4900465151,0,129827560,unclassified,False,,True,94.32164414410036,ถนนเทียนจ่ออุทิศ 1,,,,,,
1680662332,4900465354,0,498671532,residential,False,,True,49.53348944451299,Soi Praartit,,,,,,
1680662362,1108909473,0,142398173,residential,False,,False,50.698033773061596,ถนนจันทร์วิโรจน์ ซอย 5,,,,,,
1680662362,1680662505,0,142398173,residential,False,,True,53.982151978152125,ถนนจันทร์วิโรจน์ ซอย 5,,,,,,
1680662362,1680662691,0,155691008,residential,False,,True,97.97082637619314,Soi 2 Chan Viroj,,,,,,
1680662422,8359542889,0,155690557,residential,False,,True,12.407888736168966,,,,,,,
1680662505,1680662362,0,142398173,residential,False,,False,53.982151978152125,ถนนจันทร์วิโรจน์ ซอย 5,,,,,,
1680662505,1680662680,0,142398173,residential,False,,True,60.2195424018073,ถนนจันทร์วิโรจน์ ซอย 5,,,,,,
1680662505,1680662744,0,155690975,residential,False,,False,65.28928213741345,Soi 1 Chan Viroj,,,,,,
1680662508,1559029735,0,155690506,residential,False,,False,204.68666378748762,ถนนเทียนจ่ออุทิศ 2,,,,,,
1680662508,1680662868,0,155690506,residential,False,,True,245.30212562515234,ถนนเทียนจ่ออุทิศ 2,,,,,,
1680662508,1680662647,0,155691053,residential,False,,False,49.655530287672065,,,,,,,
1680662508,1680662332,0,155691053,residential,False,,True,50.5271777467316,,,,,,,
1680662523,13293725944,0,1449281857,residential,False,,False,21.493012084188848,,,,,,,
1680662523,1108909621,0,155690886,residential,False,,False,150.20246736943633,,,,,,,
1680662523,1108909621,1,"[155690770, 498671323, 155690663]",residential,False,,"[False, True]",263.6295015647725,,,,,,,
1680662566,4900465151,0,129827560,unclassified,False,,False,70.86162876311381,ถนนเทียนจ่ออุทิศ 1,,,,,,
1680662566,1680662196,0,155690364,residential,False,,True,119.52383112151594,,,,,,,
1680662566,1431715418,0,129827560,unclassified,False,,True,82.67651901531283,ถนนเทียนจ่ออุทิศ 1,,,,,,
1680662578,1680662753,0,155690594,residential,False,,False,52.38490942754599,,,,,,,
1680662578,8642422888,0,155690908,residential,False,,False,46.5219138859065,Thanon Phonphichai Soi 12,,,,,,
1680662578,4900465678,0,"[155690908, 498671621]",residential,False,,True,102.36823709911903,Thanon Phonphichai Soi 12,,,,,,
1680662578,4900465077,0,498671435,residential,False,,True,163.39121924563335,,,,,,,
1680662584,1680662687,0,155690822,residential,False,,True,31.71841712123605,,,,,,,
1680662584,1680662687,1,"[1453294507, 155690788, 155690822]",residential,False,,"[False, True]",83.98102366798531,Thanon Thungsao 2 Soi 2/2,,,,,,
1680662584,8643118819,0,932367454,residential,False,,True,61.37265853614176,,,,,,,
1680662592,1680662616,0,155690763,residential,False,,False,31.67841905970249,,,,,,,
1680662592,8359542886,0,155690888,residential,False,,False,21.77185720990371,,,,,,,
1680662592,1680662736,0,155690888,residential,False,,True,41.20368658844791,,,,,,,
1680662616,8359542887,0,155690557,residential,False,,False,25.996279535050945,,,,,,,
1680662616,1680662622,0,155690763,residential,False,,False,36.59932367515711,,,,,,,
1680662616,1680662592,0,155690763,residential,False,,True,31.67841905970249,,,,,,,
1680662622,1680662616,0,155690763,residential,False,,True,36.59932367515711,,,,,,,
1680662622,1558729912,0,155690274,residential,False,,False,132.7856743240564,,,,,,,
1680662622,1680662760,0,155690274,residential,False,,True,40.50511412816216,,,,,,,
1680662629,1680662801,0,706256384,residential,False,,False,39.355436235202404,Thanon Thungsao 2,,,,,,
1680662629,8635026203,0,706256378,residential,False,,True,156.75195771525063,Thanon Thung Sao 1 Soi 2,,,,,,
1680662629,8643084306,0,932367098,residential,False,,True,123.75227325191193,,,,,,,
1680662647,4900465475,0,127078261,residential,False,,False,126.86782952603181,ถนนเทียนจ่ออุทิศ 3,,,,,,
1680662647,1680662785,0,155691053,residential,False,,False,78.64383301690413,,,,,,,
1680662647,1680662508,0,155691053,residential,False,,True,49.655530287672065,,,,,,,
1680662647,1160612976,0,127078261,residential,False,,True,204.4429311962045,ถนนเทียนจ่ออุทิศ 3,,,,,,
1680662668,1108909473,0,95637133,unclassified,False,,True,125.23670835033272,Soi 3 Chan Viroj,,,,,,
1680662668,1680662691,0,155690925,residential,False,,False,43.68464359874458,,,,,,,
1680662668,1680663049,0,95637133,unclassified,False,,False,84.10840206178585,Soi 3 Chan Viroj,,,,,,
1680662672,1431715418,0,129827560,unclassified,False,,False,40.75569328009647,ถนนเทียนจ่ออุทิศ 1,,,,,,
1680662672,1431715396,0,129827560,unclassified,False,,True,50.70017295333366,ถนนเทียนจ่ออุทิศ 1,,,,,,
1680662672,4900465301,0,155691064,residential,False,,False,49.57813201640321,Thanon Thungsao 2 Soi 4,,,,,,
1680662680,1680662505,0,142398173,residential,False,,False,60.2195424018073,ถนนจันทร์วิโรจน์ ซอย 5,,,,,,
1680662680,13428820087,0,142398173,residential,False,,True,177.33481401423336,ถนนจันทร์วิโรจน์ ซอย 5,,,,,,
1680662680,8642452000,0,155690911,residential,False,,False,111.54688255596449,Soi Permcharoem,,,,,,
1680662687,8643118819,0,155690788,residential,False,,True,31.91231018124115,Thanon Thungsao 2 Soi 2/2,,,,,,
1680662687,1680662584,0,155690822,residential,False,,False,31.71841712123605,,,,,,,
1680662687,1680662584,1,"[1453294507, 155690788, 155690822]",residential,False,,"[False, True]",83.98102366798531,Thanon Thungsao 2 Soi 2/2,,,,,,
1680662691,1680662744,0,155690925,residential,False,,False,43.589263794561674,,,,,,,
1680662691,1680662668,0,155690925,residential,False,,True,43.68464359874458,,,,,,,
1680662691,1680662362,0,155691008,residential,False,,False,97.97082637619314,Soi 2 Chan Viroj,,,,,,
1680662691,1680663097,0,155691008,residential,False,,True,84.17925683966101,Soi 2 Chan Viroj,,,,,,
1680662695,1680662753,0,155690760,residential,False,,False,47.04549405473468,Thanon Phonphichai Soi 10,,,,,,
1680662697,1680662736,0,155690957,residential,False,,False,25.690081233526726,,,,,,,
1680662697,1680662748,0,155690957,residential,False,,True,69.73092765398697,,,,,,,
1680662697,1680662928,0,155690861,residential,False,,False,124.66148835651609,,,,,,,
1680662736,1680662592,0,155690888,residential,False,,False,41.20368658844791,,,,,,,
1680662736,1680662760,0,155690957,residential,False,,False,67.03204685521557,,,,,,,
1680662736,1680662697,0,155690957,residential,False,,True,25.690081233526726,,,,,,,
1680662744,1680662691,0,155690925,residential,False,,True,43.589263794561674,,,,,,,
1680662744,1680663129,0,155690975,residential,False,,False,83.99502554449998,Soi 1 Chan Viroj,,,,,,
1680662744,1680662505,0,155690975,residential,False,,True,65.28928213741345,Soi 1 Chan Viroj,,,,,,
1680662748,1680662697,0,155690957,residential,False,,False,69.73092765398697,,,,,,,
1680662748,1680663479,0,155691041,residential,False,,False,156.44279696058578,,,,,,,
1680662748,13329996399,0,"[155691041, 498671635, 498671558]",residential,False,,"[False, True]",123.09265823421205,,,,,,,
1680662753,1680662578,0,155690594,residential,False,,True,52.38490942754599,,,,,,,
1680662753,1680662857,0,155690760,residential,False,,False,75.5563547157867,Thanon Phonphichai Soi 10,,,,,,
1680662753,1680662695,0,155690760,residential,False,,True,47.04549405473468,Thanon Phonphichai Soi 10,,,,,,
1680662760,1680662928,0,155690274,residential,False,,True,35.115339435500026,,,,,,,
1680662760,1680662736,0,155690957,residential,False,,True,67.03204685521557,,,,,,,
1680662760,1680662622,0,155690274,residential,False,,False,40.50511412816216,,,,,,,
1680662785,1680662647,0,155691053,residential,False,,True,78.64383301690413,,,,,,,
1680662801,8643118819,0,155690788,residential,False,,False,37.69831048417248,Thanon Thungsao 2 Soi 2/2,,,,,,
1680662801,1680662867,0,706256384,residential,False,,False,17.381856855756418,Thanon Thungsao 2,,,,,,
1680662801,1680662629,0,706256384,residential,False,,True,39.355436235202404,Thanon Thungsao 2,,,,,,
1680662818,8360741883,0,155691129,residential,False,,False,16.703203420700653,Thanon Thungsao 2 Soi 2,,,,,,
1680662818,1680662867,0,155690922,residential,False,,True,114.58179356592125,Thanon Thungsao 2 Soi 2/1,,,,,,
1680662818,4900465695,0,"[155691129, 498671631]",residential,False,,"[False, True]",169.22807652518034,Thanon Thungsao 2 Soi 2,,,,,,
1680662857,1680662753,0,155690760,residential,False,,True,75.5563547157867,Thanon Phonphichai Soi 10,,,,,,
1680662857,1108909564,0,931321078,tertiary,False,,False,52.05749159396987,ถนนพลพิชัย,,,,,,
1680662857,1680663064,0,931321078,tertiary,False,,True,52.234292908215245,ถนนพลพิชัย,,,,,,
1680662867,1680662801,0,706256384,residential,False,,True,17.381856855756418,Thanon Thungsao 2,,,,,,
1680662867,1680662818,0,155690922,residential,False,,False,114.58179356592125,Thanon Thungsao 2 Soi 2/1,,,,,,
1680662867,4900466227,0,706256384,residential,False,,False,66.10569342337894,Thanon Thungsao 2,,,,,,
1680662868,1680662508,0,155690506,residential,False,,False,245.30212562515234,ถนนเทียนจ่ออุทิศ 2,,,,,,
1680662868,1431715418,0,706273954,residential,False,,False,50.90868326335224,ถนนเทียนจ่ออุทิศ 3,,,,,,
1680662868,1407220184,0,706273954,residential,False,,True,51.1760816256813,ถนนเทียนจ่ออุทิศ 3,,,,,,
1680662868,4900465301,0,498671512,residential,False,,True,57.66133394784181,ถนนทุ่งเสา 2 ซอย 6/2,,,,,,
1680662928,1680662760,0,155690274,residential,False,,False,35.115339435500026,,,,,,,
1680662928,1680663045,0,155690274,residential,False,,True,33.92275074052466,,,,,,,
1680662928,1680662697,0,155690861,residential,False,,True,124.66148835651609,,,,,,,
1680662969,1680663064,0,155690718,residential,False,,False,123.9118170585188,Thanon Phonphichai Soi 8,,,,,,
1680663045,1680662928,0,155690274,residential,False,,False,33.92275074052466,,,,,,,
1680663045,4900465345,0,155690274,residential,False,,True,12.732158281257933,,,,,,,
1680663045,8642403175,0,932284833,residential,False,,False,38.4251832204638,,,,,,,
1680663049,1108909319,0,95637133,unclassified,False,,False,89.10216784747351,Soi 3 Chan Viroj,,,,,,
1680663049,1680663097,0,155690789,residential,False,,False,44.18417069514524,,,,,,,
1680663049,1680662668,0,95637133,unclassified,False,,True,84.10840206178585,Soi 3 Chan Viroj,,,,,,
1680663064,1680662969,0,155690718,residential,False,,True,123.9118170585188,Thanon Phonphichai Soi 8,,,,,,
1680663064,1680662857,0,931321078,tertiary,False,,False,52.234292908215245,ถนนพลพิชัย,,,,,,
1680663064,1680663246,0,931321078,tertiary,False,,True,51.38778377924792,ถนนพลพิชัย,,,,,,
1680663097,1680663129,0,155690789,residential,False,,False,43.364499605049176,,,,,,,
1680663097,1680663049,0,155690789,residential,False,,True,44.18417069514524,,,,,,,
1680663097,1680662691,0,155691008,residential,False,,False,84.17925683966101,Soi 2 Chan Viroj,,,,,,
1680663097,1680663402,0,155691008,residential,False,,True,86.96582684136585,Soi 2 Chan Viroj,,,,,,
1680663129,1680663097,0,155690789,residential,False,,True,43.364499605049176,,,,,,,
1680663129,1680663469,0,155690975,residential,False,,False,87.67137953489514,Soi 1 Chan Viroj,,,,,,
1680663129,1680662744,0,155690975,residential,False,,True,83.99502554449998,Soi 1 Chan Viroj,,,,,,
1680663191,1680663246,0,155690481,residential,False,,False,106.76312887330097,Thanon Phonphichai Soi 6,,,,,,
1680663195,1407220184,0,129827549,residential,False,,False,34.655191654947295,ถนนทุ่งเสา 2 ซอย 6,,,,,,
1680663195,1680663206,0,155690538,residential,False,,True,88.17794675695,ถนนทุ่งเสา 2 ซอย 6/1,,,,,,
1680663195,1431715390,0,129827549,residential,False,,True,194.15450889746708,ถนนทุ่งเสา 2 ซอย 6,,,,,,
1680663206,1680663195,0,155690538,residential,False,,False,88.17794675695,ถนนทุ่งเสา 2 ซอย 6/1,,,,,,
1680663206,4900465301,0,155691064,residential,False,,True,82.92264267284251,Thanon Thungsao 2 Soi 4,,,,,,
1680663206,1680663941,0,155691064,residential,False,,False,151.80128330529564,Thanon Thungsao 2 Soi 4,,,,,,
1680663246,1680663330,0,931321078,tertiary,False,,True,31.3939417837563,ถนนพลพิชัย,,,,,,
1680663246,1680663191,0,155690481,residential,False,,True,106.76312887330097,Thanon Phonphichai Soi 6,,,,,,
1680663246,1680663064,0,931321078,tertiary,False,,False,51.38778377924792,ถนนพลพิชัย,,,,,,
1680663265,1680664013,0,155690986,residential,False,,False,166.71302223276737,Soi Kum Uthit 3,,,,,,
1680663330,1680663538,0,155690445,residential,False,,False,93.22367743307116,Soi Padungthong,,,,,,
1680663330,1680663246,0,931321078,tertiary,False,,False,31.3939417837563,ถนนพลพิชัย,,,,,,
1680663330,1680663461,0,931321078,tertiary,False,,True,15.155145544279943,ถนนพลพิชัย,,,,,,
1680663371,1680663823,0,155690746,residential,False,,True,95.2803695997744,Thanon Thungsao 2 Soi 4/2,,,,,,
1680663374,1680663388,0,155690732,residential,False,,False,78.29133052887782,,,,,,,
1680663374,8635026203,0,706256378,residential,False,,False,39.7080370573588,Thanon Thung Sao 1 Soi 2,,,,,,
1680663374,8642700034,0,155690732,residential,False,,True,132.3533809412565,,,,,,,
1680663374,1680663948,0,"[706256378, 155690277]",residential,False,,True,187.13105078675414,Thanon Thung Sao 1 Soi 2,,,,,,
1680663378,1108909562,0,706256384,residential,False,,False,34.79743926394405,Thanon Thungsao 2,,,,,,
1680663378,4900465647,0,706256384,residential,False,,True,29.402722542631132,Thanon Thungsao 2,,,,,,
1680663378,4900465186,0,155691129,residential,False,,True,73.73591770724623,Thanon Thungsao 2 Soi 2,,,,,,
1680663383,1680663461,0,155690705,residential,False,,False,81.18199248273426,Thanon Phonphichai Soi 4,,,,,,
1680663388,1680663374,0,155690732,residential,False,,True,78.29133052887782,,,,,,,
1680663396,1680663855,0,155690679,residential,False,,False,111.81372992526492,,,,,,,
1680663402,1680663469,0,95637140,residential,False,,False,44.03834902314582,ถนนจันทร์วิโรจน์,,,,,,
1680663402,1108909319,0,95637140,residential,False,,True,40.68779517626613,ถนนจันทร์วิโรจน์,,,,,,
1680663402,1680663097,0,155691008,residential,False,,False,86.96582684136585,Soi 2 Chan Viroj,,,,,,
1680663402,13414469749,0,498671454,residential,False,,True,85.62941739088966,Thanon Kian-Suneeautid,,,,,,
1680663461,1680663330,0,931321078,tertiary,False,,False,15.155145544279943,ถนนพลพิชัย,,,,,,
1680663461,1680663699,0,931321078,tertiary,False,,True,46.950738160545605,ถนนพลพิชัย,,,,,,
1680663461,1680663383,0,155690705,residential,False,,True,81.18199248273426,Thanon Phonphichai Soi 4,,,,,,
1680663469,1680663542,0,95637140,residential,False,,False,64.65351962155822,ถนนจันทร์วิโรจน์,,,,,,
1680663469,1680663402,0,95637140,residential,False,,True,44.03834902314582,ถนนจันทร์วิโรจน์,,,,,,
1680663469,1680663129,0,155690975,residential,False,,True,87.67137953489514,Soi 1 Chan Viroj,,,,,,
1680663479,1680663833,0,155691041,residential,False,,False,83.59622140574183,,,,,,,
1680663479,8642396828,0,932285143,residential,False,,False,54.26781473085177,,,,,,,
1680663479,1680662748,0,155691041,residential,False,,True,156.44279696058578,,,,,,,
1680663483,1108909691,0,155691039,residential,False,,False,114.16284712186742,Thanon Thungsao 2 Soi 4/1,,,,,,
1680663538,1680663330,0,155690445,residential,False,,True,93.22367743307116,Soi Padungthong,,,,,,
1680663542,1680663469,0,95637140,residential,False,,True,64.65351962155822,ถนนจันทร์วิโรจน์,,,,,,
1680663542,8642454293,0,155690911,residential,False,,True,34.97199340515343,Soi Permcharoem,,,,,,
1680663542,1558343310,0,95637140,residential,False,,False,61.11490919319557,ถนนจันทร์วิโรจน์,,,,,,
1680663542,13414469749,0,"[155690443, 1462437531]",residential,False,,True,223.00828692240663,,,,,,,
1680663630,1680663699,0,155690420,residential,False,,False,54.667465507425874,Thanon Phonphichai Soi 2,,,,,,
1680663694,1680663902,0,155691098,residential,False,,True,46.38630487449032,,,,,,,
1680663699,1680663461,0,931321078,tertiary,False,,False,46.950738160545605,ถนนพลพิชัย,,,,,,
1680663699,1680663769,0,931321078,tertiary,False,,True,16.670114014309508,ถนนพลพิชัย,,,,,,
1680663699,1680663630,0,155690420,residential,False,,True,54.667465507425874,Thanon Phonphichai Soi 2,,,,,,
1680663706,1680663823,0,95637131,tertiary,False,,False,49.02177292141636,ถนนทุ่งเสา 2,,,,,,
1680663706,1108909562,0,95637131,tertiary,False,,True,47.09983900627995,ถนนทุ่งเสา 2,,,,,,
1680663706,1680663997,0,155690597,residential,False,,True,88.08038987830305,Thanon Thung Sao 2 Soi 1,,,,,,
1680663769,1680663699,0,931321078,tertiary,False,,False,16.670114014309508,ถนนพลพิชัย,,,,,,
1680663769,1680663855,0,155691155,residential,False,,False,162.15214128947093,Thanon Cheanuthitkeawsamitpattana,,,,,,
1680663769,1108909550,0,931321078,tertiary,False,,True,50.77077824227688,ถนนพลพิชัย,,,,,,
1680663823,1680663909,0,95637131,tertiary,False,,False,29.418468381412787,ถนนทุ่งเสา 2,,,,,,
1680663823,1680663706,0,95637131,tertiary,False,,True,49.02177292141636,ถนนทุ่งเสา 2,,,,,,
1680663823,1680663371,0,155690746,residential,False,,False,95.2803695997744,Thanon Thungsao 2 Soi 4/2,,,,,,
1680663828,1680664052,0,155691050,residential,False,,True,58.86445146537403,Thanon Watprakarn,,,,,,
1680663828,1680663894,0,155691155,residential,False,,False,117.80354275303071,Thanon Cheanuthitkeawsamitpattana,,,,,,
1680663828,1680663833,0,155691155,residential,False,,True,6.083256142586167,Thanon Cheanuthitkeawsamitpattana,,,,,,
1680663833,1680663479,0,155691041,residential,False,,True,83.59622140574183,,,,,,,
1680663833,1680663828,0,155691155,residential,False,,False,6.083256142586167,Thanon Cheanuthitkeawsamitpattana,,,,,,
1680663833,1680663855,0,155691155,residential,False,,True,98.07909103934463,Thanon Cheanuthitkeawsamitpattana,,,,,,
1680663855,1680663396,0,155690679,residential,False,,True,111.81372992526492,,,,,,,
1680663855,1680663833,0,155691155,residential,False,,False,98.07909103934463,Thanon Cheanuthitkeawsamitpattana,,,,,,
1680663855,1680663769,0,155691155,residential,False,,True,162.15214128947093,Thanon Cheanuthitkeawsamitpattana,,,,,,
1680663894,1680663828,0,155691155,residential,False,,True,117.80354275303071,Thanon Cheanuthitkeawsamitpattana,,,,,,
1680663894,4900465345,0,155690274,residential,False,,False,161.47857624906186,,,,,,,
1680663894,8642960061,0,498671547,residential,False,,True,158.9219134655027,,,,,,,
1680663902,1680663954,0,155690583,residential,False,,False,79.26898469756803,,,,,,,
1680663902,1680663694,0,155691098,residential,False,,False,46.38630487449032,,,,,,,
1680663902,1680664046,0,155691098,residential,False,,True,48.208307081980884,,,,,,,
1680663909,1680663941,0,95637131,tertiary,False,,False,11.226426421472583,ถนนทุ่งเสา 2,,,,,,
1680663909,1680663823,0,95637131,tertiary,False,,True,29.418468381412787,ถนนทุ่งเสา 2,,,,,,
1680663909,1680664228,0,155690744,residential,False,,False,110.42290134037381,Thanon Thungsao 2 Soi 3,,,,,,
1680663938,1680663997,0,155690814,residential,False,,False,51.036812830888614,Thanon Keawsomnok,,,,,,
1680663938,8642704671,0,706265654,tertiary,False,,False,34.57501770205805,Thung Sao 1 Rd,,,,,,
1680663938,1680663948,0,706265654,tertiary,False,,True,11.664512085573552,Thung Sao 1 Rd,,,,,,
1680663941,1108909691,0,95637131,tertiary,False,,False,56.89743892016125,ถนนทุ่งเสา 2,,,,,,
1680663941,1680663909,0,95637131,tertiary,False,,True,11.226426421472583,ถนนทุ่งเสา 2,,,,,,
1680663941,1680663206,0,155691064,residential,False,,True,151.80128330529567,Thanon Thungsao 2 Soi 4,,,,,,
1680663948,1680663938,0,706265654,tertiary,False,,False,11.664512085573552,Thung Sao 1 Rd,,,,,,
1680663948,8363316256,0,706265654,tertiary,False,,True,32.89787282288616,Thung Sao 1 Rd,,,,,,
1680663948,1680663374,0,"[706256378, 155690277]",residential,False,,False,187.13105078675414,Thanon Thung Sao 1 Soi 2,,,,,,
1680663954,1680663902,0,155690583,residential,False,,True,79.26898469756803,,,,,,,
1680663993,1680664058,0,155690675,residential,False,,False,40.81619111691905,,,,,,,
1680663993,1680664166,0,"[155690490, 155691095]",residential,False,,False,88.0846483045868,,,,,,,
1680663997,1680663706,0,155690597,residential,False,,False,88.08038987830305,Thanon Thung Sao 2 Soi 1,,,,,,
1680663997,1680663938,0,155690814,residential,False,,True,51.036812830888614,Thanon Keawsomnok,,,,,,
1680663997,1431715456,0,"[498671685, 569148517, 155690814]",residential,False,,"[False, True]",108.07907294352307,Thanon Keawsomnok,,,,,,
1680664013,1431715407,0,100401248,residential,False,,False,44.944451688401614,Kham Uthit Soi 2,,,,,,
1680664013,1431715390,0,100401248,residential,False,,True,54.16554035700285,Kham Uthit Soi 2,,,,,,
1680664013,1680663265,0,155690986,residential,False,,True,166.71302223276737,Soi Kum Uthit 3,,,,,,
1680664013,1680664277,0,155690986,residential,False,,False,87.80394253976138,Soi Kum Uthit 3,,,,,,
1680664046,1680663902,0,155691098,residential,False,,False,48.208307081980884,,,,,,,
1680664046,4890611692,0,699744520,residential,False,,False,14.082920270585443,,,,,,,
1680664046,1680664058,0,1205106847,residential,False,,True,14.647288756421778,,,,,,,
1680664052,1680663828,0,155691050,residential,False,,False,58.86445146537403,Thanon Watprakarn,,,,,,
1680664052,8363189526,0,155691050,residential,False,,True,34.767212796693855,Thanon Watprakarn,,,,,,
1680664052,4900465111,0,498671306,residential,False,,True,123.88552532856184,,,,,,,
1680664058,1680663993,0,155690675,residential,False,,True,40.81619111691905,,,,,,,
1680664058,1680664166,0,1205106847,residential,False,,True,43.50068391253358,,,,,,,
1680664058,1680664046,0,1205106847,residential,False,,False,14.647288756421778,,,,,,,
1680664120,4890611692,0,699744520,residential,False,,True,64.7134890342242,,,,,,,
1680664160,1680664214,0,155690698,residential,False,,False,100.00999891030615,,,,,,,
1680664166,1680664058,0,1205106847,residential,False,,False,43.50068391253358,,,,,,,
1680664166,4890612509,0,1205106847,residential,False,,True,66.41217067702146,,,,,,,
1680664166,1680663993,0,"[155690490, 155691095]",residential,False,,True,88.0846483045868,,,,,,,
1680664171,1680664255,0,155690745,residential,False,,False,45.5897432323503,Thanon Kaewsanit,,,,,,
1680664171,1431715381,0,706265654,tertiary,False,,False,44.77751349476694,Thung Sao 1 Rd,,,,,,
1680664171,796747673,0,706265654,tertiary,False,,True,50.538128979923044,Thung Sao 1 Rd,,,,,,
1680664183,8363189525,0,155690366,residential,False,,True,20.304202599724178,Thanon Sutthisamit,,,,,,
1680664183,8363189533,0,900226784,residential,False,,True,49.104463398057575,,,,,,,
1680664183,8363189534,0,900226785,residential,False,,False,37.88603541064834,,,,,,,
1680664191,4890612454,0,142398162,unclassified,False,,True,39.64507813424271,,,,,,,
1680664191,8934759688,0,155690915,residential,False,,False,107.58680906133105,,,,,,,
1680664214,1680664160,0,155690698,residential,False,,True,100.00999891030615,,,,,,,
1680664214,4900465119,0,155690987,residential,False,,False,21.80041348058612,,,,,,,
1680664214,8635153349,0,155690987,residential,False,,True,178.8168141191552,,,,,,,
1680664228,1431715388,0,129827550,residential,False,,False,61.8736925617141,Soi 3 Thung Sao 1,,,,,,
1680664228,1431715456,0,129827550,residential,False,,True,46.37424880914549,Soi 3 Thung Sao 1,,,,,,
1680664228,1680663909,0,155690744,residential,False,,True,110.42290134037381,Thanon Thungsao 2 Soi 3,,,,,,
1680664255,1680664329,0,155690745,residential,False,,False,80.1896648173948,Thanon Kaewsanit,,,,,,
1680664255,1680664171,0,155690745,residential,False,,True,45.5897432323503,Thanon Kaewsanit,,,,,,
1680664255,8635169926,0,931388873,residential,False,,True,49.79860709148821,,,,,,,
1680664277,1431715442,0,95637131,tertiary,False,,True,52.47432282030301,ถนนทุ่งเสา 2,,,,,,
1680664277,1431715400,0,95637131,tertiary,False,,False,52.124040187883296,ถนนทุ่งเสา 2,,,,,,
1680664277,1680664013,0,155690986,residential,False,,True,87.80394253976138,Soi Kum Uthit 3,,,,,,
1680664308,4890612454,0,142398162,unclassified,False,,False,10.592242911079524,,,,,,,
1680664308,4890612483,0,142398162,unclassified,False,,True,17.21200357286579,,,,,,,
1680664320,1680664436,0,155690668,residential,False,,False,135.92305029592845,,,,,,,
1680664320,4900465408,0,155690987,residential,False,,False,12.839646408491356,,,,,,,
1680664320,4900465119,0,155690987,residential,False,,True,17.58469946746841,,,,,,,
1680664322,4900465367,0,155690784,residential,False,,False,87.93691759718922,,,,,,,
1680664322,1680664363,0,931321078,tertiary,False,,True,27.49306412535949,ถนนพลพิชัย,,,,,,
1680664322,1108909332,0,931321078,tertiary,False,,False,73.50404584193538,ถนนพลพิชัย,,,,,,
1680664324,1680664427,0,155690326,residential,False,,True,39.4819028437862,,,,,,,
1680664324,1680664331,0,155690379,residential,False,,False,71.1241296208689,,,,,,,
1680664329,1680664255,0,155690745,residential,False,,True,80.1896648173948,Thanon Kaewsanit,,,,,,
1680664329,1680664362,0,699753146,residential,False,,False,10.284538750931091,ถนนจันทร์นิเวศน์ 3,,,,,,
1680664329,1431715456,0,699753146,residential,False,,True,57.88802802271307,ถนนจันทร์นิเวศน์ 3,,,,,,
1680664331,1680664324,0,155690379,residential,False,,True,71.1241296208689,,,,,,,
1680664343,1680664350,0,155690784,residential,False,,False,36.97418176818349,,,,,,,
1680664343,4900465367,0,155690784,residential,False,,True,65.02060102148282,,,,,,,
1680664343,1680664471,0,155690845,residential,False,,True,59.16788829336034,,,,,,,
1680664350,1680664343,0,155690784,residential,False,,True,36.97418176818349,,,,,,,
1680664354,1559029754,0,142398166,unclassified,False,,True,48.621695869553655,,,,,,,
1680664354,1680664944,0,155690825,residential,False,,False,331.7462525164408,,,,,,,
1680664357,1680664464,0,155690322,residential,False,,False,46.19404770515404,,,,,,,
1680664357,1680664360,0,155690621,residential,False,,True,39.710178945875775,,,,,,,
1680664360,1680664357,0,155690621,residential,False,,False,39.710178945875775,,,,,,,
1680664362,1680664401,0,155691108,residential,False,,False,65.83381203388987,Thanon Rajdamrei Soi 2,,,,,,
1680664362,1431715414,0,699753146,residential,False,,False,46.84402949810085,ถนนจันทร์นิเวศน์ 3,,,,,,
1680664362,1680664329,0,699753146,residential,False,,True,10.284538750931091,ถนนจันทร์นิเวศน์ 3,,,,,,
1680664363,4900465368,0,155690759,residential,False,,False,99.33452079816732,Thanon Deeland 1,,,,,,
1680664363,1680664322,0,931321078,tertiary,False,,False,27.49306412535949,ถนนพลพิชัย,,,,,,
1680664363,1680664436,0,931321078,tertiary,False,,True,28.65527511260419,ถนนพลพิชัย,,,,,,
1680664366,1196924331,0,66984623,unclassified,False,,True,6.3700247981812845,Soi Thaveerat,,,,,,
1680664366,1680665225,0,155691112,residential,True,,False,215.9884650641008,Thanon Sripoonvanart 16,,,,,,
1680664366,6630248218,0,947689789,primary,True,,False,363.4750225985159,ถนนกาญจนวณิชย์,3,,,,,
1680664401,1680664437,0,155691108,residential,False,,False,44.8931487329533,Thanon Rajdamrei Soi 2,,,,,,
1680664401,1680664362,0,155691108,residential,False,,True,65.83381203388987,Thanon Rajdamrei Soi 2,,,,,,
1680664401,1431715414,0,"[498671634, 155690517]",residential,False,,"[False, True]",160.30837690814877,Thanon Rajdamrei Soi 2/3,,,,,,
1680664427,1680664324,0,155690326,residential,False,,False,39.4819028437862,,,,,,,
1680664427,1680664515,0,155690326,residential,False,,True,38.65951431124192,,,,,,,
1680664427,1680664434,0,155690618,residential,False,,False,75.41614153419214,,,,,,,
1680664434,1680664427,0,155690618,residential,False,,True,75.41614153419214,,,,,,,
1680664436,1680664320,0,155690668,residential,False,,True,135.92305029592845,,,,,,,
1680664436,4900465457,0,931321078,tertiary,False,,True,55.56505781037398,ถนนพลพิชัย,,,,,,
1680664436,1680664363,0,931321078,tertiary,False,,False,28.65527511260419,ถนนพลพิชัย,,,,,,
1680664437,1680664603,0,95637123,residential,False,,False,50.36908445141771,Soi 5 Thung Sao 2 Road,,,,,,
1680664437,8642230826,0,95637123,residential,False,,True,59.17317993374217,Soi 5 Thung Sao 2 Road,,,,,,
1680664437,1680664401,0,155691108,residential,False,,True,44.8931487329533,Thanon Rajdamrei Soi 2,,,,,,
1680664437,1680664525,0,706256382,residential,False,,False,191.39664841952882,Thanon Rajdamrei Soi 2,,,,,,
1680664441,2505175788,0,155690864,residential,False,,True,316.4308351318316,,,,,,,
1680664461,1680664464,0,155690560,residential,False,,False,40.84522171858294,,,,,,,
1680664464,1680664357,0,155690322,residential,False,,True,46.19404770515404,,,,,,,
1680664464,1680664461,0,155690560,residential,False,,True,40.84522171858294,,,,,,,
1680664464,1680664664,0,155690322,residential,False,,False,51.09957898618812,,,,,,,
1680664471,1680664476,0,155690759,residential,False,,False,31.211483065776243,Thanon Deeland 1,,,,,,
1680664471,4900465368,0,155690759,residential,False,,True,64.91214914213116,Thanon Deeland 1,,,,,,
1680664471,1680664343,0,155690845,residential,False,,False,59.16788829336034,,,,,,,
1680664476,1680664471,0,155690759,residential,False,,True,31.211483065776243,Thanon Deeland 1,,,,,,
1680664515,1680664427,0,155690326,residential,False,,False,38.65951431124192,,,,,,,
1680664515,1680664535,0,155690446,residential,False,,False,69.99665513267907,,,,,,,
1680664515,1680664673,0,155690326,residential,False,,True,37.78151583519815,,,,,,,
1680664521,1680665041,0,155690650,residential,False,,False,117.93778223487237,,,,,,,
1680664525,1680664774,0,155691142,residential,False,,False,44.16221449258921,Thanon Rajdamrei Soi 2/1,,,,,,
1680664525,1680664529,0,706256382,residential,False,,False,44.07640222462471,Thanon Rajdamrei Soi 2,,,,,,
1680664525,1680664437,0,706256382,residential,False,,True,191.39664841952882,Thanon Rajdamrei Soi 2,,,,,,
1680664529,1196924377,0,96941853,tertiary,True,,False,23.530112724053403,ถนนราษฎร์ดำริ,,,,,,
1680664529,1680664525,0,706256382,residential,False,,True,44.07640222462471,Thanon Rajdamrei Soi 2,,,,,,
1680664531,8364234953,0,155690832,residential,False,,False,13.33382999990892,,,,,,,
1680664535,1680664515,0,155690446,residential,False,,True,69.99665513267907,,,,,,,
1680664593,4900465115,0,155691164,residential,False,,False,139.8580342886109,,,,,,,
1680664593,4900465694,0,"[155691164, 498671630]",residential,False,,"[False, True]",140.42925864009334,,,,,,,
1680664593,8643316526,0,932390804,residential,False,,False,63.30216142521228,,,,,,,
1680664603,8642697501,0,95637123,residential,False,,False,32.15156043545884,Soi 5 Thung Sao 2 Road,,,,,,
1680664603,1680664437,0,95637123,residential,False,,True,50.36908445141771,Soi 5 Thung Sao 2 Road,,,,,,
1680664603,1680664774,0,155690552,residential,False,,False,194.09713591368674,Thanon Rajdamri Soi 2/2,,,,,,
1680664660,1680664664,0,155690710,residential,False,,False,34.27761104804224,,,,,,,
1680664664,1680664660,0,155690710,residential,False,,True,34.27761104804224,,,,,,,
1680664664,1680664950,0,155690322,residential,False,,False,59.064961207626965,,,,,,,
1680664664,1680664464,0,155690322,residential,False,,True,51.09957898618812,,,,,,,
1680664673,1680664923,0,155690326,residential,False,,True,36.13869146026714,,,,,,,
1680664673,1680664722,0,155690681,residential,False,,False,69.81800308789788,,,,,,,
1680664673,1680664515,0,155690326,residential,False,,False,37.78151583519815,,,,,,,
1680664722,1680664673,0,155690681,residential,False,,True,69.81800308789788,,,,,,,
1680664732,1680665112,0,706259496,residential,False,,True,151.48634897241237,,,,,,,
1680664774,1680664525,0,155691142,residential,False,,True,44.16221449258921,Thanon Rajdamrei Soi 2/1,,,,,,
1680664774,1680664603,0,155690552,residential,False,,True,194.09713591368674,Thanon Rajdamri Soi 2/2,,,,,,
1680664774,1680664921,0,155691142,residential,False,,False,108.56396473869546,Thanon Rajdamrei Soi 2/1,,,,,,
1680664784,1680664869,0,155691091,residential,False,,True,64.39909608631024,Thanon Sripuwanart Soi 12,,,,,,
1680664795,4890612509,0,155691106,residential,False,,False,134.62542751504665,ซอยสุมาลี,,,,,,
1680664795,485580819,0,1075535366,secondary,True,4287,False,19.30480907206505,ถนนเพชรเกษม,,,,,,
1680664800,4890612470,0,142456561,residential,False,,False,31.95606114044019,,,,,,,
1680664800,1680664944,0,142456561,residential,False,,True,24.871088034848817,,,,,,,
1680664800,1680664903,0,155691138,residential,False,,False,46.66556873951359,,,,,,,
1680664827,1680665235,0,155690635,residential,False,,False,144.6759407215305,,,,,,,
1680664869,1680664784,0,155691091,residential,False,,False,64.39909608631024,Thanon Sripuwanart Soi 12,,,,,,
1680664869,13446172242,0,1466004548,unclassified,False,,False,13.158838096481974,,,,,,,
1680664869,809537420,0,155691091,residential,False,,True,211.3539395779889,Thanon Sripuwanart Soi 12,,,,,,
1680664903,1680665730,0,155690640,residential,False,,True,285.8247756337623,,,,,,,
1680664903,1680664958,0,155691138,residential,False,,False,48.46316807513563,,,,,,,
1680664903,1680664800,0,155691138,residential,False,,True,46.66556873951359,,,,,,,
1680664921,8642697507,0,932318969,residential,False,,False,24.121804600720576,,,,,,,
1680664921,1680665180,0,155690656,residential,False,,False,70.6332860139669,,,,,,,
1680664921,1680664774,0,155691142,residential,False,,True,108.56396473869547,Thanon Rajdamrei Soi 2/1,,,,,,
1680664923,1680664673,0,155690326,residential,False,,False,36.13869146026714,,,,,,,
1680664923,1680665049,0,155690326,residential,False,,True,36.995790079678414,,,,,,,
1680664923,1680664927,0,155690548,residential,False,,False,73.86859735258224,,,,,,,
1680664927,1680664923,0,155690548,residential,False,,True,73.86859735258224,,,,,,,
1680664939,1108909313,0,95637131,tertiary,False,,False,46.352803403810846,ถนนทุ่งเสา 2,,,,,,
1680664939,1559016829,0,95637131,tertiary,False,,True,10.619414729392972,ถนนทุ่งเสา 2,,,,,,
1680664939,1680665449,0,155690823,residential,False,,True,148.82987970845576,Thanon Thung Sao 7,,,,,,
1680664944,1680664800,0,142456561,residential,False,,False,24.871088034848817,,,,,,,
1680664944,1680665108,0,142456561,residential,False,,True,58.23838666668955,,,,,,,
1680664944,1680664354,0,155690825,residential,False,,True,331.7462525164408,,,,,,,
1680664950,1680664952,0,155690492,residential,False,,True,33.03901817832462,,,,,,,
1680664950,1680665134,0,155690322,residential,False,,False,48.35741296283366,,,,,,,
1680664950,1680664664,0,155690322,residential,False,,True,59.064961207626965,,,,,,,
1680664952,1680664950,0,155690492,residential,False,,False,33.03901817832462,,,,,,,
1680664958,1680665743,0,155690349,residential,False,,False,279.89778330524234,,,,,,,
1680664958,1680665012,0,155691138,residential,False,,False,48.007998277406486,,,,,,,
1680664958,1680664903,0,155691138,residential,False,,True,48.46316807513563,,,,,,,
1680664977,1680664987,0,706256376,residential,False,,False,65.62172392838153,Thanon Rajdamrei Soi 3,,,,,,
1680664977,1680665326,0,155691069,residential,False,,True,145.92806716358496,Thanon Rajdamrei Soi 1,,,,,,
1680664977,8642230827,0,932266426,residential,False,,False,35.02024931073256,,,,,,,
1680664987,1680664977,0,706256376,residential,False,,True,65.62172392838153,Thanon Rajdamrei Soi 3,,,,,,
1680664987,1680664529,0,96941853,tertiary,True,,False,95.21033214711962,ถนนราษฎร์ดำริ,,,,,,
1680665012,1680664958,0,155691138,residential,False,,True,48.007998277406486,,,,,,,
1680665012,1680665799,0,155691138,residential,False,,False,314.1280086871164,,,,,,,
1680665012,1559029772,0,155691177,residential,False,,False,275.6145336540893,,,,,,,
1680665041,1680664521,0,155690650,residential,False,,True,117.93778223487237,,,,,,,
1680665041,4900464613,0,323958075,secondary,False,,True,16.683750863017163,ถนนศรีภูวนารถ,,,,,,
1680665041,485580824,0,323958075,secondary,False,,False,141.9952784533658,ถนนศรีภูวนารถ,,,,,,
1680665045,1108909519,0,685344729,residential,False,,True,41.01824134332424,ถนนศรีภูวนารถ ซอย 10,,,,,,
1680665045,1680665173,0,155690647,residential,False,,False,101.35428336882259,Thanon  Sripuwanart soi 10/1,,,,,,
1680665045,4900465022,0,685344729,residential,False,,False,48.43770414734417,ถนนศรีภูวนารถ ซอย 10,,,,,,
1680665049,1680664923,0,155690326,residential,False,,False,36.995790079678414,,,,,,,
1680665049,1680665167,0,155690326,residential,False,,True,35.05969367059414,,,,,,,
1680665049,1680665057,0,155690409,residential,False,,False,73.90030315607665,,,,,,,
1680665057,1680665049,0,155690409,residential,False,,True,73.90030315607665,,,,,,,
1680665108,1680664944,0,142456561,residential,False,,False,58.23838666668955,,,,,,,
1680665108,1680665283,0,142456561,residential,False,,True,44.766840479566476,,,,,,,
1680665108,1559029754,0,155690764,residential,False,,False,351.2454972083942,,,,,,,
1680665112,1680665225,0,155691109,residential,False,,True,120.0231886189771,Thanon Sripunwanart Soi 16/1,,,,,,
1680665112,11252506077,0,498671697,residential,False,,True,43.30744927348614,,,,,,,
1680665112,1680664732,0,706259496,residential,False,,False,151.48634897241237,,,,,,,
1680665119,1680665816,0,155690893,residential,False,,False,286.2448291648259,,,,,,,
1680665127,2505175783,0,1455359987,secondary_link,False,,True,18.271313272655668,,,,,,,
1680665127,1680664795,0,"[102026840, 1075535366]",secondary,True,4287,False,169.61658318085418,ถนนเพชรเกษม,,,,,,
1680665131,1680665134,0,155690646,residential,False,,False,34.65649092890993,,,,,,,
1680665134,1680665328,0,155690322,residential,False,,False,45.96650201526389,,,,,,,
1680665134,1680665131,0,155690646,residential,False,,True,34.65649092890993,,,,,,,
1680665134,1680664950,0,155690322,residential,False,,True,48.35741296283366,,,,,,,
1680665167,1680665049,0,155690326,residential,False,,False,35.05969367059414,,,,,,,
1680665167,1680665292,0,155690326,residential,False,,True,32.32906134606999,,,,,,,
1680665167,1680665176,0,155690657,residential,False,,False,75.3861439787805,,,,,,,
1680665173,1680665045,0,155690647,residential,False,,True,101.35428336882259,Thanon  Sripuwanart soi 10/1,,,,,,
1680665176,1680665167,0,155690657,residential,False,,True,75.3861439787805,,,,,,,
1680665180,1680664921,0,155690656,residential,False,,True,70.6332860139669,,,,,,,
1680665180,1680665586,0,155690962,residential,False,,False,226.25036258099652,Soi 6 Sripoonvant,,,,,,
1680665180,8642697487,0,"[1217977144, 932318967]",residential,False,,False,76.00407827202554,,,,,,,
1680665186,1558343342,0,142398167,unclassified,False,,False,58.57615837295118,,,,,,,
1680665186,8934753640,0,142398167,unclassified,False,,True,54.25422547690029,,,,,,,
1680665186,8634879751,0,155690894,residential,False,,True,183.18269517290975,,,,,,,
1680665225,1680665112,0,155691109,residential,False,,False,120.0231886189771,Thanon Sripunwanart Soi 16/1,,,,,,
1680665225,1680665366,0,155691112,residential,True,,False,43.6485679741158,Thanon Sripoonvanart 16,,,,,,
1680665232,4900465156,0,931321078,tertiary,False,,False,49.86785676922299,ถนนพลพิชัย,,,,,,
1680665232,1680665321,0,931321078,tertiary,False,,True,27.314856482444288,ถนนพลพิชัย,,,,,,
1680665232,1680665321,1,155690977,residential,False,,True,264.02817042426216,,,,,,,
1680665235,1680664827,0,155690635,residential,False,,True,144.6759407215305,,,,,,,
1680665235,1558343342,0,155691131,residential,False,,False,31.484557898655154,,,,,,,
1680665235,1680665294,0,155691131,residential,False,,True,27.189977783944624,,,,,,,
1680665239,1680665363,0,155691003,residential,False,,True,144.63981125127,,,,,,,
1680665283,1680665108,0,142456561,residential,False,,False,44.766840479566476,,,,,,,
1680665283,1559029755,0,155690642,residential,False,,True,373.1854235239113,,,,,,,
1680665283,1559029764,0,142456561,residential,False,,True,56.48920118071893,,,,,,,
1680665289,1421020817,0,155690972,residential,False,,False,107.02891935581239,Soi Senha,,,,,,
1680665289,8634014994,0,931256568,tertiary,True,,False,7.028200855869369,,,,,,,
1680665292,1680665167,0,155690326,residential,False,,False,32.32906134606999,,,,,,,
1680665292,1680665317,0,155690514,residential,False,,False,73.19747874456377,,,,,,,
1680665292,1680665423,0,155690326,residential,False,,True,34.75088117836763,,,,,,,
1680665294,1680665235,0,155691131,residential,False,,False,27.189977783944624,,,,,,,
1680665294,8634879751,0,155691131,residential,False,,True,79.24018055481207,,,,,,,
1680665294,8364234956,0,155690832,residential,False,,True,105.60399776453727,,,,,,,
1680665317,1680665292,0,155690514,residential,False,,True,73.19747874456377,,,,,,,
1680665321,1680665232,0,931321078,tertiary,False,,False,27.314856482444288,ถนนพลพิชัย,,,,,,
1680665321,1680665232,1,155690977,residential,False,,False,264.02817042426216,,,,,,,
1680665321,1680665363,0,931321078,tertiary,False,,True,15.918218899590808,ถนนพลพิชัย,,,,,,
1680665323,1680665328,0,155690388,residential,False,,False,39.07984304823274,,,,,,,
1680665325,1680665338,0,155690586,residential,False,,False,68.82000739073192,,,,,,,
1680665326,1680664987,0,96941853,tertiary,True,,False,90.32694637626105,ถนนราษฎร์ดำริ,,,,,,
1680665326,1680664977,0,155691069,residential,False,,False,145.92806716358496,Thanon Rajdamrei Soi 1,,,,,,
1680665328,1680665463,0,155690322,residential,False,,False,47.88854095106702,,,,,,,
1680665328,1680665134,0,155690322,residential,False,,True,45.96650201526389,,,,,,,
1680665328,1680665323,0,155690388,residential,False,,True,39.07984304823274,,,,,,,
1680665338,1680665325,0,155690586,residential,False,,True,68.82000739073192,,,,,,,
1680665338,1160612981,0,1322055591,unclassified,True,,False,88.82836607083671,Thanon Sripoomvanart Soi 10,,,,,,
1680665363,1680665321,0,931321078,tertiary,False,,False,15.918218899590808,ถนนพลพิชัย,,,,,,
1680665363,4900465637,0,931321078,tertiary,False,,True,34.63920827278433,ถนนพลพิชัย,,,,,,
1680665363,1680665239,0,155691003,residential,False,,False,144.63981125127003,,,,,,,
1680665365,1680665488,0,155690848,residential,False,,False,172.02948066812175,,,,,,,
1680665366,1680665465,0,155691112,residential,True,,False,41.064606372441844,Thanon Sripoonvanart 16,,,,,,
1680665366,11252506079,0,1214491982,residential,False,,False,120.20407493786786,,,,,,,
1680665406,796719799,0,155691024,residential,False,,False,67.77599888722926,ถนนศรีภูวนารถ ซอย 14,,,,,,
1680665406,1680665414,0,1326411454,residential,False,,False,51.42877744204989,,,,,,,
1680665406,8642553288,0,155691024,residential,False,,True,93.96754383825083,ถนนศรีภูวนารถ ซอย 14,,,,,,
1680665414,11252506076,0,965619017,residential,False,,True,39.921726285593614,,,,,,,
1680665414,11252506078,0,1214491981,residential,False,,False,43.263707716611,,,,,,,
1680665414,1680665406,0,1326411454,residential,False,,True,51.42877744204989,,,,,,,
1680665423,1680665498,0,155690326,residential,False,,True,34.19454726614369,,,,,,,
1680665423,1680665425,0,155690333,residential,False,,False,72.63950477559209,,,,,,,
1680665423,1680665292,0,155690326,residential,False,,False,34.75088117836763,,,,,,,
1680665425,1680665423,0,155690333,residential,False,,True,72.63950477559209,,,,,,,
1680665449,1680664939,0,155690823,residential,False,,False,148.82987970845576,Thanon Thung Sao 7,,,,,,
1680665452,1680665529,0,155690576,residential,False,,True,112.90657244411783,Thanon Rajuthit Soi 2,,,,,,
1680665452,1680665289,0,931256568,tertiary,True,,False,47.07202513529806,,,,,,,
1680665460,1680665463,0,155690709,residential,False,,False,35.705917029534746,,,,,,,
1680665463,1680665328,0,155690322,residential,False,,True,47.88854095106702,,,,,,,
1680665463,1680665460,0,155690709,residential,False,,True,35.705917029534746,,,,,,,
1680665463,2505175802,0,155690322,residential,False,,False,63.16057984153128,,,,,,,
1680665465,1680665621,0,155691112,residential,True,,False,60.144394977582095,Thanon Sripoonvanart 16,,,,,,
1680665465,12553414764,0,155690974,residential,False,,True,115.79512328186614,Sripuwanart Soi 16/1,,,,,,
1680665468,1680665604,0,155690942,residential,False,,False,54.4004116307371,,,,,,,
1680665488,1680665365,0,155690848,residential,False,,True,172.02948066812175,,,,,,,
1680665488,1680665626,0,243188783,tertiary,True,,False,59.13220149053187,ถนนราษฏร์อุทิศ,,,,,,
1680665498,1680665423,0,155690326,residential,False,,False,34.19454726614369,,,,,,,
1680665498,2505175807,0,155690326,residential,False,,True,55.860802011526516,,,,,,,
1680665498,1680665500,0,155690479,residential,False,,False,66.08809247582671,,,,,,,
1680665500,1680665498,0,155690479,residential,False,,True,66.08809247582671,,,,,,,
1680665502,2505175790,0,102026840,secondary,True,,False,46.11632163371613,ถนนเพชรเกษม,,,,,,
1680665502,2505175791,0,155690979,residential,False,,False,15.169858208998836,,,,,,,
1680665504,13347091083,0,155690779,residential,False,,True,5.948115955955055,,,,,,,
1680665504,1421020868,0,155690972,residential,False,,True,56.4650616527286,Soi Senha,,,,,,
1680665504,8642439364,0,155690779,residential,False,,False,159.7410460879338,,,,,,,
1680665507,1680665626,0,155690644,residential,False,,False,84.5455690033348,,,,,,,
1680665529,1680665452,0,155690576,residential,False,,False,112.90657244411783,Thanon Rajuthit Soi 2,,,,,,
1680665529,4900465508,0,498671584,residential,False,,False,33.00854610878025,,,,,,,
1680665529,1680665692,0,706357258,residential,False,,True,66.44048503035312,Pracha Uthit Road,,,,,,
1680665529,1421020817,0,706357258,residential,False,,False,47.693293693660124,Pracha Uthit Road,,,,,,
1680665531,1680665547,0,155690664,residential,False,,False,44.45501714114291,,,,,,,
1680665531,1680665894,0,155690913,residential,False,,True,168.18252500799815,,,,,,,
1680665539,1680665692,0,155690434,residential,False,,False,118.13558064063719,Thanon Rajuthit Soi 4,,,,,,
1680665539,1680665452,0,931256568,tertiary,True,,False,54.93659378338102,,,,,,,
1680665542,4900465637,0,931321078,tertiary,False,,False,61.91174476026525,ถนนพลพิชัย,,,,,,
1680665542,4900465046,0,155690998,residential,False,,True,101.20416744747801,Soi 1 Polpichai,,,,,,
1680665542,1680665734,0,931321078,tertiary,False,,True,87.11709058329015,ถนนพลพิชัย,,,,,,
1680665547,1680665612,0,155690264,residential,False,,False,19.424609412372526,,,,,,,
1680665547,1680665531,0,155690664,residential,False,,True,44.45501714114291,,,,,,,
1680665554,1680665502,0,102026840,secondary,True,,False,47.949869186948185,ถนนเพชรเกษม,,,,,,
1680665554,2505175794,0,155690960,residential,False,,False,14.730109723041815,,,,,,,
1680665586,796747504,0,1228979772,secondary,True,,False,13.576860378707282,ถนนศรีภูวนารถ,,,,,,
1680665586,1680665180,0,155690962,residential,False,,True,226.25036258099652,Soi 6 Sripoonvant,,,,,,
1680665604,1680665701,0,155690942,residential,False,,False,49.88650155484463,,,,,,,
1680665604,1680665468,0,155690942,residential,False,,True,54.4004116307371,,,,,,,
1680665604,1680665708,0,155690828,residential,False,,False,165.43314966189513,,,,,,,
1680665612,1680665547,0,155690264,residential,False,,True,19.424609412372526,,,,,,,
1680665612,1680665667,0,155691126,residential,False,,True,46.84794235135595,,,,,,,
1680665612,1680665900,0,155690264,residential,False,,False,151.08269046052615,,,,,,,
1680665621,796719799,0,959974136,secondary,True,,False,175.72441974804593,ถนนศรีภูวนารถ,,,,,,
1680665626,1680665507,0,155690644,residential,False,,True,84.5455690033348,,,,,,,
1680665626,8634028444,0,243188783,tertiary,True,,False,82.70872647352618,ถนนราษฏร์อุทิศ,,,,,,
1680665647,1680665554,0,102026840,secondary,True,,False,94.51980009610615,ถนนเพชรเกษม,,,,,,
1680665647,2505175798,0,155690391,residential,False,,False,13.778566506032334,,,,,,,
1680665649,1680665647,0,102026840,secondary,True,,False,39.11804056609843,ถนนเพชรเกษม,,,,,,
1680665649,2505175799,0,155690691,residential,False,,False,11.750899227599712,,,,,,,
1680665652,2505175811,0,102026840,secondary,True,,False,208.34737192121614,ถนนเพชรเกษม,,,,,,
1680665652,8634879751,0,155691131,residential,False,,False,73.23233404069892,,,,,,,
1680665659,1680665649,0,102026840,secondary,True,,False,56.66920674097618,ถนนเพชรเกษม,,,,,,
1680665659,2505175803,0,155690352,residential,False,,False,15.068890155246523,,,,,,,
1680665664,1680665659,0,102026840,secondary,True,,False,41.81884823476925,ถนนเพชรเกษม,,,,,,
1680665664,2505175804,0,155691137,residential,False,,False,13.393782524691234,,,,,,,
1680665667,1680665612,0,155691126,residential,False,,False,46.84794235135595,,,,,,,
1680665667,1680665696,0,155691126,residential,False,,True,53.49748715967871,,,,,,,
1680665667,1559029774,0,155691017,residential,True,,False,147.05393059797188,,,,,,,
1680665670,1680665664,0,102026840,secondary,True,,False,42.45383633529175,ถนนเพชรเกษม,,,,,,
1680665670,2505175802,0,155690322,residential,False,,True,15.26369231369454,,,,,,,
1680665672,1680665670,0,102026840,secondary,True,,False,55.97425152009858,ถนนเพชรเกษม,,,,,,
1680665672,2505175805,0,155691045,residential,False,,False,12.828016484014647,,,,,,,
1680665692,1680665539,0,155690434,residential,False,,True,118.13558064063719,Thanon Rajuthit Soi 4,,,,,,
1680665692,1680665529,0,706357258,residential,False,,False,66.44048503035312,Pracha Uthit Road,,,,,,
1680665692,6637201356,0,706357258,residential,False,,True,67.55273141400869,Pracha Uthit Road,,,,,,
1680665696,1680665667,0,155691126,residential,False,,False,53.49748715967871,,,,,,,
1680665696,1680665701,0,155691126,residential,False,,True,19.279467735145293,,,,,,,
1680665696,1680665803,0,155690840,residential,False,,False,62.59843296962987,,,,,,,
1680665698,1680665730,0,142456563,residential,False,,False,40.10474274879962,ถนนเทศาพัฒนา,,,,,,
1680665698,1559029771,0,142456563,residential,False,,True,19.330768056415337,ถนนเทศาพัฒนา,,,,,,
1680665698,1680665890,0,155690471,residential,False,,True,89.5200675946818,,,,,,,
1680665701,1680665604,0,155690942,residential,False,,True,49.88650155484463,,,,,,,
1680665701,1680665696,0,155691126,residential,False,,False,19.279467735145293,,,,,,,
1680665701,1680665753,0,155691126,residential,False,,True,176.5945476143512,,,,,,,
1680665708,1680665753,0,332224443,tertiary,False,,False,35.36740243536887,ถนนเพชรเกษม ซอย 27,,,,,,
1680665708,1680665604,0,155690828,residential,False,,True,165.43314966189513,,,,,,,
1680665708,8635078773,0,332224443,tertiary,False,,True,43.7516456226316,ถนนเพชรเกษม ซอย 27,,,,,,
1680665730,8635016187,0,142456563,residential,False,,False,7.622393940668096,ถนนเทศาพัฒนา,,,,,,
1680665730,1680665698,0,142456563,residential,False,,True,40.10474274879962,ถนนเทศาพัฒนา,,,,,,
1680665730,1680664903,0,155690640,residential,False,,False,285.8247756337623,,,,,,,
1680665734,1680665746,0,155690824,residential,False,,False,87.23665339941758,Thanon Rajuthit Soi 5,,,,,,
1680665734,1680665542,0,931321078,tertiary,False,,False,87.11709058329015,ถนนพลพิชัย,,,,,,
1680665734,1680666042,0,931321078,tertiary,False,,True,170.9477407604051,ถนนพลพิชัย,,,,,,
1680665741,1431867163,0,155690633,residential,False,,False,79.80873194524041,,,,,,,
1680665743,1559029772,0,142456563,residential,False,,False,45.79359182295411,ถนนเทศาพัฒนา,,,,,,
1680665743,8635016187,0,142456563,residential,False,,True,43.57559851536079,ถนนเทศาพัฒนา,,,,,,
1680665743,1680664958,0,155690349,residential,False,,True,279.89778330524234,,,,,,,
1680665746,1680665941,0,155690824,residential,False,,False,219.8081900556285,Thanon Rajuthit Soi 5,,,,,,
1680665746,1680665734,0,155690824,residential,False,,True,87.23665339941758,Thanon Rajuthit Soi 5,,,,,,
1680665746,1680665861,0,155690900,residential,False,,False,43.552796417177966,,,,,,,
1680665753,1680665708,0,332224443,tertiary,False,,True,35.36740243536887,ถนนเพชรเกษม ซอย 27,,,,,,
1680665753,1680665701,0,155691126,residential,False,,False,176.5945476143512,,,,,,,
1680665753,4890612249,0,332224443,tertiary,False,,False,56.46789558887474,ถนนเพชรเกษม ซอย 27,,,,,,
1680665755,1680665898,0,155690785,residential,False,,False,134.0178975941727,Thanon Yanyong Pattana,,,,,,
1680665755,8634028444,0,931256577,tertiary_link,False,,False,7.109974531636787,,,,,,,
1680665755,8634014997,0,931256568,tertiary,True,,False,39.605308706088856,,,,,,,
1680665792,1680665916,0,95809263,residential,False,,False,96.30358911371826,ถนนละม้ายสงเคราะห์,,,,,,
1680665792,1110416666,0,95809263,residential,False,,True,100.26070783147966,ถนนละม้ายสงเคราะห์,,,,,,
1680665792,1680665806,0,155690736,residential,False,,False,117.79668613728816,Soi 5 Lamaisongkraw Road,,,,,,
1680665799,1680665809,0,142456563,residential,False,,False,33.32284963467131,ถนนเทศาพัฒนา,,,,,,
1680665799,4890612319,0,142456563,residential,False,,True,33.1887717635006,ถนนเทศาพัฒนา,,,,,,
1680665799,8635010371,0,931369299,residential,False,,True,114.08297630901255,,,,,,,
1680665799,1680665012,0,155691138,residential,False,,True,314.1280086871164,,,,,,,
1680665803,1680665819,0,155690738,residential,False,,False,51.79391081850267,,,,,,,
1680665803,1680665995,0,155690840,residential,False,,False,84.79464541360298,,,,,,,
1680665803,1680665696,0,155690840,residential,False,,True,62.59843296962987,,,,,,,
1680665806,1680665792,0,155690736,residential,False,,True,117.79668613728816,Soi 5 Lamaisongkraw Road,,,,,,
1680665809,1680665816,0,142456563,residential,False,,False,12.87670122434472,ถนนเทศาพัฒนา,,,,,,
1680665809,1680665799,0,142456563,residential,False,,True,33.32284963467131,ถนนเทศาพัฒนา,,,,,,
1680665809,1680666075,0,155690715,residential,False,,True,119.09595228137192,Thanon Phetkasem Soi 37,,,,,,
1680665813,1680665859,0,155690569,secondary_link,False,,False,18.108578804527358,,,,,,,
1680665813,1680665652,0,"[102026840, 102026849, 102026850]",secondary,True,,False,722.6022002720806,ถนนเพชรเกษม,,,yes,,,
1680665816,1680665851,0,142456563,residential,False,,False,47.62174067413476,ถนนเทศาพัฒนา,,,,,,
1680665816,1680665809,0,142456563,residential,False,,True,12.87670122434472,ถนนเทศาพัฒนา,,,,,,
1680665816,1680665119,0,155690893,residential,False,,True,286.2448291648259,,,,,,,
1680665819,1680665856,0,155690738,residential,False,,False,65.86026415427493,,,,,,,
1680665819,1680665803,0,155690738,residential,False,,True,51.79391081850267,,,,,,,
1680665819,1680665909,0,155690768,residential,False,,False,46.71015455366061,,,,,,,
1680665842,4900465654,0,155691001,residential,False,,True,94.49208335708309,Thanon Rajuthit Soi 3,,,,,,
1680665842,1680665941,0,243188783,tertiary,True,,False,51.381681692055636,ถนนราษฏร์อุทิศ,,,,,,
1680665847,1680666097,0,155691085,residential,False,,False,121.5428034236675,,,,,,,
1680665851,1680665894,0,142456563,residential,False,,False,45.673321642984334,ถนนเทศาพัฒนา,,,,,,
1680665851,1680665816,0,142456563,residential,False,,True,47.62174067413476,ถนนเทศาพัฒนา,,,,,,
1680665856,1680665819,0,155690738,residential,False,,True,65.86026415427493,,,,,,,
1680665859,1680665813,0,155690569,secondary_link,False,,True,18.108578804527358,,,,,,,
1680665859,1680666003,0,102026867,secondary,True,,False,164.47736058337506,ถนนเพชรเกษม,,,,,,
1680665861,4900465352,0,155690856,residential,False,,False,35.967718168427375,Thanon Rajuthit Soi 7,,,,,,
1680665861,1680665956,0,155690900,residential,False,,False,50.952718216592935,,,,,,,
1680665861,1680665746,0,155690900,residential,False,,True,43.552796417177966,,,,,,,
1680665863,1680665916,0,155690919,residential,False,,True,116.7750041360867,Thanon Chaiyakulpattana,,,,,,
1680665890,1680665813,0,102026849,secondary,True,,False,67.09270743980673,ถนนเพชรเกษม,,,,,,
1680665890,1680665698,0,155690471,residential,False,,False,89.5200675946818,,,,,,,
1680665894,1680665900,0,142456563,residential,False,,False,44.10932479966534,ถนนเทศาพัฒนา,,,,,,
1680665894,1680665851,0,142456563,residential,False,,True,45.673321642984334,ถนนเทศาพัฒนา,,,,,,
1680665894,1680665531,0,155690913,residential,False,,False,168.18252500799815,,,,,,,
1680665894,4890612808,0,497502937,residential,False,,False,93.1881032964495,,,,,,,
1680665898,1680665945,0,155690785,residential,False,,False,61.030287211061484,Thanon Yanyong Pattana,,,,,,
1680665898,1680665755,0,155690785,residential,False,,True,134.0178975941727,Thanon Yanyong Pattana,,,,,,
1680665898,6637201356,0,706357258,residential,False,,False,46.24494317498718,Pracha Uthit Road,,,,,,
1680665898,1680666046,0,706357258,residential,False,,True,61.59787209248266,Pracha Uthit Road,,,,,,
1680665900,1680665894,0,142456563,residential,False,,True,44.10932479966534,ถนนเทศาพัฒนา,,,,,,
1680665900,1559029774,0,1468639123,unclassified,False,,False,45.40907957899628,,,,,,,
1680665900,1680665612,0,155690264,residential,False,,True,151.08269046052615,,,,,,,
1680665902,1680666046,0,155690881,residential,False,,True,143.458196453282,Thanon Rajuthit Soi 6,,,,,,
1680665902,1680665755,0,931256568,tertiary,True,,False,68.93972650545291,,,,,,,
1680665904,8634015000,0,155690856,residential,False,,False,142.9366325236321,Thanon Rajuthit Soi 7,,,,,,
1680665904,4900465352,0,155690856,residential,False,,True,34.80940912847268,Thanon Rajuthit Soi 7,,,,,,
1680665904,4900465709,0,"[498671640, 155690354]",residential,False,,"[False, True]",98.73879758541426,,,,,,,
1680665909,13371309892,0,155690768,residential,False,,False,16.394142744543945,,,,,,,
1680665909,1680665819,0,155690768,residential,False,,True,46.71015455366061,,,,,,,
1680665909,1680665947,0,155690677,residential,False,,False,39.242876572352586,,,,,,,
1680665916,1680666026,0,95809263,residential,False,,False,49.33524092249817,ถนนละม้ายสงเคราะห์,,,,,,
1680665916,1680665792,0,95809263,residential,False,,True,96.30358911371826,ถนนละม้ายสงเคราะห์,,,,,,
1680665916,1680665863,0,155690919,residential,False,,False,116.7750041360867,Thanon Chaiyakulpattana,,,,,,
1680665941,1680665746,0,155690824,residential,False,,True,219.8081900556285,Thanon Rajuthit Soi 5,,,,,,
1680665941,8634015000,0,243188783,tertiary,True,,False,54.238493608231,ถนนราษฏร์อุทิศ,,,,,,
1680665943,1680666111,0,155690699,residential,False,,True,78.5847474901824,,,,,,,
1680665945,1680665898,0,155690785,residential,False,,True,61.030287211061484,Thanon Yanyong Pattana,,,,,,
1680665947,1680665909,0,155690677,residential,False,,True,39.242876572352586,,,,,,,
1680665956,1680665861,0,155690900,residential,False,,True,50.952718216592935,,,,,,,
1680665960,1680666003,0,155690383,secondary_link,False,,True,18.6261600795248,,,,,,,
1680665960,8635016188,0,102026849,secondary,True,,False,49.7627804299042,ถนนเพชรเกษม,,,,,,
1680665989,1680666007,0,155690731,residential,False,,False,14.064174361347844,,,,,,,
1680665991,1680666077,0,155690421,residential,False,,False,97.2628574902918,,,,,,,
1680665991,1680666125,0,155691016,residential,False,,False,67.57331684351429,,,,,,,
1680665991,4890612797,0,"[155691016, 497502933]",residential,False,,True,72.73870930589918,,,,,,,
1680665995,8348860157,0,1468639123,unclassified,False,,False,11.80538488784924,,,,,,,
1680665995,1559029774,0,1468639123,unclassified,False,,True,77.29420298382556,,,,,,,
1680665995,1680665803,0,155690840,residential,False,,True,84.79464541360296,,,,,,,
1680666000,1680666050,0,155690542,residential,False,,False,57.22518952559464,,,,,,,
1680666003,1680666068,0,102026867,secondary,True,,False,58.13432783766127,ถนนเพชรเกษม,,,,,,
1680666003,1680665960,0,155690383,secondary_link,False,,False,18.6261600795248,,,,,,,
1680666007,1680666094,0,155690731,residential,False,,False,57.72267738724643,,,,,,,
1680666007,1680665989,0,155690731,residential,False,,True,14.064174361347844,,,,,,,
1680666007,1680666143,0,155690662,residential,False,,True,67.44786945204311,Thanon Klongkren 2 Soi 2/2,,,,,,
1680666013,8642240201,0,"[1469374841, 155690838, 1228980959]",residential,False,,False,72.62239350000335,,,,,,,
1680666013,809537730,0,932339002,secondary,True,,False,185.84675525615737,ถนนราษฎร์ยินดี,2,,,,,
1680666017,1680666217,0,155690884,residential,False,,True,100.77403663507324,,,,,,,
1680666017,8348860157,0,1468639123,unclassified,False,,True,21.9133397453227,,,,,,,
1680666017,1559029775,0,1468639123,unclassified,False,,False,31.38853892600733,,,,,,,
1680666022,1680666077,0,155690266,residential,False,,False,33.7280758120065,,,,,,,
1680666022,8934560669,0,965792837,residential,False,,False,40.22907004940599,,,,,,,
1680666022,8934823998,0,155690266,residential,False,,True,116.75875860040549,,,,,,,
1680666026,1110416677,0,95809263,residential,False,,False,22.300938823978463,ถนนละม้ายสงเคราะห์,,,,,,
1680666026,1680666061,0,155690604,residential,False,,False,61.49242793575495,Soi Lamai Songkraw 4,,,,,,
1680666026,1680665916,0,95809263,residential,False,,True,49.33524092249817,ถนนละม้ายสงเคราะห์,,,,,,
1680666042,4900465360,0,155691194,residential,False,,False,79.01186906902399,Thanon Rajuthit Soi 9,,,,,,
1680666042,1680666326,0,931321078,tertiary,False,,True,158.99321373313856,ถนนพลพิชัย,,,,,,
1680666042,1680665734,0,931321078,tertiary,False,,False,170.9477407604051,ถนนพลพิชัย,,,,,,
1680666046,1680665902,0,155690881,residential,False,,False,143.458196453282,Thanon Rajuthit Soi 6,,,,,,
1680666046,1680666097,0,155690881,residential,False,,True,94.84158150666525,Thanon Rajuthit Soi 6,,,,,,
1680666046,1680665898,0,706357258,residential,False,,False,61.59787209248266,Pracha Uthit Road,,,,,,
1680666046,1680666149,0,706357258,residential,False,,True,56.7396673491224,Pracha Uthit Road,,,,,,
1680666050,1680666000,0,155690542,residential,False,,True,57.225189525594644,,,,,,,
1680666050,1559029777,0,332224443,tertiary,False,,False,45.27407678194237,ถนนเพชรเกษม ซอย 27,,,,,,
1680666050,4890612249,0,332224443,tertiary,False,,True,62.11411729965795,ถนนเพชรเกษม ซอย 27,,,,,,
1680666061,1680666026,0,155690604,residential,False,,True,61.49242793575495,Soi Lamai Songkraw 4,,,,,,
1680666065,1680666149,0,155690769,residential,False,,True,152.36807895940538,Thanon Rajuthit Soi 8,,,,,,
1680666065,1680665902,0,931256568,tertiary,True,,False,69.02356575568496,,,,,,,
1680666068,1680666167,0,102026867,secondary,True,,False,130.50635831717034,ถนนเพชรเกษม,,,,,,
1680666068,4890612661,0,155690571,residential,False,,False,57.440345212406555,Thanon Phetkasem Soi 32,,,,,,
1680666075,8635010371,0,102026849,secondary,True,,False,34.7813244954852,ถนนเพชรเกษม,,,,,,
1680666075,1680665809,0,155690715,residential,False,,False,119.09595228137192,Thanon Phetkasem Soi 37,,,,,,
1680666077,4890611715,0,155690266,residential,False,,False,44.42253926158841,,,,,,,
1680666077,1680666022,0,155690266,residential,False,,True,33.7280758120065,,,,,,,
1680666077,1680665991,0,155690421,residential,False,,True,97.2628574902918,,,,,,,
1680666094,1680666007,0,155690731,residential,False,,True,57.72267738724643,,,,,,,
1680666094,1680666173,0,155690992,residential,False,,True,53.67625502266186,,,,,,,
1680666094,4900465095,0,155690992,residential,False,,False,69.28132862711759,,,,,,,
1680666097,1680666046,0,155690881,residential,False,,False,94.84158150666525,Thanon Rajuthit Soi 6,,,,,,
1680666097,1680666178,0,155691085,residential,False,,False,54.003828423595536,,,,,,,
1680666097,1680665847,0,155691085,residential,False,,True,121.5428034236675,,,,,,,
1680666111,1680666143,0,95542487,unclassified,False,,False,45.08480942799817,Thanon Klongren 2 Soi 2,,,,,,
1680666111,1680665943,0,155690699,residential,False,,False,78.5847474901824,,,,,,,
1680666111,1107926609,0,95542487,unclassified,False,,True,47.61576866077695,Thanon Klongren 2 Soi 2,,,,,,
1680666115,1431715359,0,142455606,residential,False,,False,48.17587619347551,ถนนผดุงภักดี,,,,,,
1680666115,1107773223,0,142455606,residential,False,,True,89.5085043307752,ถนนผดุงภักดี,,,,,,
1680666115,1680666546,0,155690791,residential,False,,True,173.21065392954597,,,,,,,
1680666119,1680666126,0,155690661,residential,False,,False,70.21449983635594,Soi Lamai Songkraw 3,,,,,,
1680666119,1110416677,0,706256380,tertiary,False,,True,21.12330334018084,ถนนละม้ายสงเคราะห์,,,,,,
1680666119,1680666322,0,706256380,tertiary,False,,False,88.26801435189208,ถนนละม้ายสงเคราะห์,,,,,,
1680666125,1680666209,0,155691080,residential,False,,False,87.87385536682972,,,,,,,
1680666125,1680666214,0,155691080,residential,False,,True,50.58886177951692,,,,,,,
1680666125,1680665991,0,155691016,residential,False,,True,67.57331684351429,,,,,,,
1680666126,1680666119,0,155690661,residential,False,,True,70.21449983635594,Soi Lamai Songkraw 3,,,,,,
1680666143,1680666111,0,95542487,unclassified,False,,True,45.08480942799817,Thanon Klongren 2 Soi 2,,,,,,
1680666143,1680666173,0,95542487,unclassified,False,,False,58.80492532115237,Thanon Klongren 2 Soi 2,,,,,,
1680666143,1680666007,0,155690662,residential,False,,False,67.44786945204311,Thanon Klongkren 2 Soi 2/2,,,,,,
1680666149,1680666065,0,155690769,residential,False,,False,152.36807895940538,Thanon Rajuthit Soi 8,,,,,,
1680666149,1680666178,0,155690769,residential,False,,True,88.89461610065456,Thanon Rajuthit Soi 8,,,,,,
1680666149,4900465342,0,706357258,residential,False,,True,55.60968503209215,Pracha Uthit Road,,,,,,
1680666149,1680666046,0,706357258,residential,False,,False,56.7396673491224,Pracha Uthit Road,,,,,,
1680666157,1680666220,0,155690489,residential,False,,False,118.8909312077848,,,,,,,
1680666157,1680666065,0,931256568,tertiary,True,,False,54.52505885815026,,,,,,,
1680666167,1680666205,0,102026867,secondary,True,,False,43.37770089983467,ถนนเพชรเกษม,,,,,,
1680666167,1680666780,0,155690595,residential,True,,False,220.4247702424164,Thanon Phetkasem Soi 30,,,,,,
1680666173,1680666094,0,155690992,residential,False,,False,53.67625502266186,,,,,,,
1680666173,1107926597,0,95542487,unclassified,False,,False,410.24455949016783,Thanon Klongren 2 Soi 2,,,,,,
1680666173,1680666143,0,95542487,unclassified,False,,True,58.80492532115237,Thanon Klongren 2 Soi 2,,,,,,
1680666175,1680665900,0,1468639122,residential,True,,False,139.35841694813374,,,,,,,
1680666175,1680666075,0,102026849,secondary,True,,False,148.2910800953178,ถนนเพชรเกษม,,,,,,
1680666178,1680666149,0,155690769,residential,False,,False,88.89461610065456,Thanon Rajuthit Soi 8,,,,,,
1680666178,4900466014,0,155691085,residential,False,,False,58.647259996094725,,,,,,,
1680666178,1680666097,0,155691085,residential,False,,True,54.003828423595536,,,,,,,
1680666205,1680666280,0,102026867,secondary,True,,False,62.13343551523036,ถนนเพชรเกษม,,,,,,
1680666205,1680666340,0,155690773,residential,False,,True,59.268663778622745,Thanon Phetkasem Soi 28,,,,,,
1680666209,1680666335,0,155690266,residential,False,,False,49.67757563683189,,,,,,,
1680666209,4890611715,0,155690266,residential,False,,True,21.035195902030203,,,,,,,
1680666209,1680666125,0,155691080,residential,False,,True,87.87385536682972,,,,,,,
1680666212,1680666678,0,155691074,residential,False,,True,156.42727635568008,,,,,,,
1680666212,4900465476,0,155691194,residential,False,,False,48.91841953278099,Thanon Rajuthit Soi 9,,,,,,
1680666212,4900465360,0,155691194,residential,False,,True,112.6017159862566,Thanon Rajuthit Soi 9,,,,,,
1680666214,1680666335,0,155690867,residential,False,,False,95.23129716852698,,,,,,,
1680666214,1680666125,0,155691080,residential,False,,False,50.58886177951692,,,,,,,
1680666214,1680666408,0,155691080,residential,False,,True,92.1060207422918,,,,,,,
1680666217,1680666017,0,155690884,residential,False,,False,100.77403663507324,,,,,,,
1680666217,1680666259,0,155690954,residential,False,,False,33.91540608697994,,,,,,,
1680666217,1680666371,0,"[155690884, 1218212422]",residential,False,,True,57.52534791155729,,,,,,,
1680666220,1680666157,0,155690489,residential,False,,True,118.8909312077848,,,,,,,
1680666259,1680666217,0,155690954,residential,False,,True,33.91540608697994,,,,,,,
1680666259,1559029775,0,155690568,residential,False,,False,98.59996965378622,,,,,,,
1680666259,8363233377,0,155690954,residential,False,,False,46.94706056612658,,,,,,,
1680666264,1680666351,0,155691184,residential,False,,False,92.95824008416689,Thanon Wathatyainai,,,,,,
1680666280,3327879291,0,326171465,secondary,True,,False,29.699741127736928,ถนนเพชรเกษม,,,,,,
1680666280,3327879409,0,326171562,secondary_link,True,,False,27.836192113683314,,,,,,,
1680666287,8363233377,0,155690954,residential,False,,True,33.66449092845462,,,,,,,
1680666287,8934712656,0,965810350,residential,False,,False,26.35899813513237,,,,,,,
1680666287,4890612804,0,497502910,residential,False,,False,87.88724840445335,,,,,,,
1680666294,1680666322,0,155690968,residential,False,,True,244.63378871776447,,,,,,,
1680666316,8635076199,0,706357257,residential,False,,True,28.75989190324496,Thanon Rajuthit Soi 9,,,,,,
1680666316,1680666316,0,"[498671304, 498671305, 498671303]",residential,False,,False,374.50495753053195,,,,,,,
1680666316,1680666316,1,"[498671304, 498671305, 498671303]",residential,False,,True,374.50495753053195,,,,,,,
1680666318,4900465476,0,155691194,residential,False,,True,83.57051262885435,Thanon Rajuthit Soi 9,,,,,,
1680666318,1680666516,0,243188783,tertiary,True,,False,73.73915979889782,ถนนราษฏร์อุทิศ,,,,,,
1680666318,8634015002,0,931256578,tertiary,False,,True,7.885682839188923,,,,,,,
1680666322,1680666294,0,155690968,residential,False,,False,244.63378871776445,,,,,,,
1680666322,1110416379,0,706256380,tertiary,False,,False,34.21619971437434,ถนนละม้ายสงเคราะห์,,,,,,
1680666322,1680666119,0,706256380,tertiary,False,,True,88.26801435189208,ถนนละม้ายสงเคราะห์,,,,,,
1680666326,1680666042,0,931321078,tertiary,False,,False,158.99321373313856,ถนนพลพิชัย,,,,,,
1680666326,1680666527,0,931321078,tertiary,False,,True,77.66353372334768,ถนนพลพิชัย,,,,,,
1680666326,1680666614,0,706357260,residential,False,,True,179.01703531738548,Thanon Rajuthit Soi 11,,,,,,
1680666335,1680666209,0,155690266,residential,False,,True,49.67757563683189,,,,,,,
1680666335,4890612622,0,155690867,residential,False,,False,49.4949027096249,,,,,,,
1680666335,1680666214,0,155690867,residential,False,,True,95.23129716852698,,,,,,,
1680666340,1680666205,0,155690773,residential,False,,False,59.268663778622745,Thanon Phetkasem Soi 28,,,,,,
1680666340,1680666829,0,155690773,residential,False,,True,158.63089715494297,Thanon Phetkasem Soi 28,,,,,,
1680666340,1680666898,0,155690937,residential,False,,False,200.96479767323956,Thanon Wathatyainai Soi 2,,,,,,
1680666351,4890611656,0,155691184,residential,False,,False,15.463267509316761,Thanon Wathatyainai,,,,,,
1680666351,1680666264,0,155691184,residential,False,,True,92.95824008416689,Thanon Wathatyainai,,,,,,
1680666351,4890612966,0,497502766,residential,False,,False,91.0985266065006,,,,,,,
1680666356,1680666614,0,155690693,residential,False,,True,76.88286965638305,,,,,,,
1680666371,8348860151,0,102026849,secondary,True,,False,29.685734718167623,ถนนเพชรเกษม,,,,,,
1680666371,1680666217,0,"[155690884, 1218212422]",residential,False,,False,57.52534791155729,,,,,,,
1680666377,4900466014,0,155691085,residential,False,,True,40.35551233825199,,,,,,,
1680666399,1680666603,0,155690301,tertiary,False,,False,51.39506464352766,Thanon Phetkasem 26,,,,,,
1680666399,1680666459,0,326171465,secondary,True,,False,58.615779598902684,ถนนเพชรเกษม,,,,,,
1680666408,1680666531,0,155690629,residential,False,,False,106.44321244836019,,,,,,,
1680666408,1680666214,0,155691080,residential,False,,False,92.1060207422918,,,,,,,
1680666408,1680666752,0,155691080,residential,False,,True,84.66881279462064,,,,,,,
1680666449,1680666964,0,155690605,residential,False,,True,152.47777020082103,Thanon Wathatyainai Soi 1,,,,,,
1680666453,1680666516,0,155690581,residential,False,,False,46.05459229136177,,,,,,,
1680666455,4900464618,0,706357257,residential,False,,False,31.79655606021703,Thanon Rajuthit Soi 9,,,,,,
1680666455,1680666768,0,706357258,residential,False,,True,85.42722012226392,Pracha Uthit Road,,,,,,
1680666455,8634015002,0,706358865,residential,False,,True,167.2483593685567,Thanon Rajuthit Soi 10,,,,,,
1680666455,4900465342,0,706357258,residential,False,,False,80.8486941813128,Pracha Uthit Road,,,,,,
1680666459,1680666883,0,155690488,residential,False,,False,115.49972741587511,,,,,,,
1680666459,13371245483,0,326171465,secondary,True,,False,75.39031099932824,ถนนเพชรเกษม,,,,,,
1680666461,1110416379,0,706256380,tertiary,False,,True,20.1523983694915,ถนนละม้ายสงเคราะห์,,,,,,
1680666461,1680666534,0,155690981,residential,False,,False,190.82908293258475,Soi 2 Lamaisongkraw,,,,,,
1680666461,1680666686,0,706256380,tertiary,False,,False,47.13254165596054,ถนนละม้ายสงเคราะห์,,,,,,
1680666463,1431867166,0,129842388,residential,False,,False,60.91110100103522,Thanon Rajyindee Soi 9,,,,,,
1680666463,1431867108,0,129842388,residential,False,,True,60.876114508761034,Thanon Rajyindee Soi 9,,,,,,
1680666463,1680666716,0,155691088,residential,False,,False,54.417259459083034,Soi Vachira-Anan 1,,,,,,
1680666463,1431867172,0,155691088,residential,False,,True,228.25292638415675,Soi Vachira-Anan 1,,,,,,
1680666468,1110416655,0,129827554,unclassified,False,,False,132.0234150388394,ถนนหอยมุกต์,,,,,,
1680666468,1110416726,0,129827554,unclassified,False,,True,165.21912112850598,ถนนหอยมุกต์,,,,,,
1680666468,8643114367,0,155690741,residential,False,,False,68.05602380743349,Thanon Chaiyakuluthit Soi 2,,,,,,
1680666516,1680666453,0,155690581,residential,False,,True,46.05459229136177,,,,,,,
1680666516,8642373372,0,243188783,tertiary,True,,False,49.92871833353763,ถนนราษฏร์อุทิศ,,,,,,
1680666527,4890612622,0,155690867,residential,False,,True,103.42933611848203,,,,,,,
1680666527,4900465223,0,498671489,residential,False,,False,75.10789743250871,,,,,,,
1680666527,1680666326,0,931321078,tertiary,False,,False,77.66353372334768,ถนนพลพิชัย,,,,,,
1680666527,7194216498,0,931321078,tertiary,False,,True,176.18493777784207,ถนนพลพิชัย,,,,,,
1680666529,1559016915,0,706096645,residential,False,,False,80.08824392696775,,,,,,,
1680666529,13470740163,0,706096645,residential,False,,True,30.947168731056117,,,,,,,
1680666529,617234534,0,"[155690331, 498671563]",residential,False,,False,175.85914694019363,,,,,,,
1680666531,1680666408,0,155690629,residential,False,,True,106.44321244836019,,,,,,,
1680666531,1680666335,0,1187512687,residential,True,,False,87.16235084833876,,,,,,,
1680666534,1680666461,0,155690981,residential,False,,True,190.82908293258475,Soi 2 Lamaisongkraw,,,,,,
1680666546,1122072674,0,129827552,residential,False,,False,26.69156755791317,,,,,,,
1680666546,1431715395,0,129827552,residential,False,,True,49.55140984497059,,,,,,,
1680666546,1680666115,0,155690791,residential,False,,False,173.21065392954597,,,,,,,
1680666603,1680666399,0,155690301,tertiary,False,,True,51.39506464352766,Thanon Phetkasem 26,,,,,,
1680666603,1680666824,0,155690702,residential,True,,False,72.88583562116308,,,,,,,
1680666603,1680666772,0,155690301,tertiary,False,,False,95.98612964836812,Thanon Phetkasem 26,,,,,,
1680666614,1680666356,0,155690693,residential,False,,False,76.88286965638305,,,,,,,
1680666614,1680666678,0,706357260,residential,False,,True,33.65758345261646,Thanon Rajuthit Soi 11,,,,,,
1680666614,1680666326,0,706357260,residential,False,,False,179.01703531738548,Thanon Rajuthit Soi 11,,,,,,
1680666620,1680666711,0,706357257,residential,False,,False,65.04162513313965,Thanon Rajuthit Soi 9,,,,,,
1680666620,1680666711,1,155690945,residential,False,,False,153.77942838283118,,,,,,,
1680666620,4900464618,0,706357257,residential,False,,True,84.79901164218872,Thanon Rajuthit Soi 9,,,,,,
1680666678,1680666212,0,155691074,residential,False,,False,156.42727635568008,,,,,,,
1680666678,1680666830,0,155691074,residential,False,,True,68.66687970159994,,,,,,,
1680666678,1680666614,0,706357260,residential,False,,False,33.65758345261646,Thanon Rajuthit Soi 11,,,,,,
1680666678,1680666786,0,706357260,residential,False,,True,128.88459404361228,Thanon Rajuthit Soi 11,,,,,,
1680666683,1680667233,0,155690875,residential,False,,False,155.24036174510906,,,,,,,
1680666686,1680666699,0,155690340,residential,False,,False,165.90818579856864,Soi 1 Lamaisongkraw,,,,,,
1680666686,4900465210,0,498671483,residential,False,,True,52.45686946184697,,,,,,,
1680666686,1559016919,0,706256380,tertiary,False,,False,68.24901260082805,ถนนละม้ายสงเคราะห์,,,,,,
1680666686,1680666461,0,706256380,tertiary,False,,True,47.13254165596054,ถนนละม้ายสงเคราะห์,,,,,,
1680666699,1680666686,0,155690340,residential,False,,True,165.90818579856864,Soi 1 Lamaisongkraw,,,,,,
1680666711,1680666620,0,706357257,residential,False,,True,65.04162513313965,Thanon Rajuthit Soi 9,,,,,,
1680666711,1680666620,1,155690945,residential,False,,True,153.7794283828312,,,,,,,
1680666711,8635076206,0,706357257,residential,False,,False,52.50369758432325,Thanon Rajuthit Soi 9,,,,,,
1680666716,1680666463,0,155691088,residential,False,,True,54.417259459083034,Soi Vachira-Anan 1,,,,,,
1680666752,1680666408,0,155691080,residential,False,,False,84.66881279462064,,,,,,,
1680666752,1559029779,0,"[102026801, 1218212421, 931321077]",secondary,True,,False,94.4442277194392,ถนนเพชรเกษม,,,yes,,,
1680666763,1680666946,0,155690903,residential,False,,False,79.31599505582844,,,,,,,
1680666768,8634015003,0,155690613,residential,False,,False,174.11170278055943,Thanon Rajuthit Soi 12,,,,,,
1680666768,1680666455,0,706357258,residential,False,,False,85.42722012226392,Pracha Uthit Road,,,,,,
1680666768,1680666821,0,706357258,residential,False,,True,24.094539498849976,Pracha Uthit Road,,,,,,
1680666772,1680667044,0,155690301,tertiary,False,,False,80.74819733390092,Thanon Phetkasem 26,,,,,,
1680666772,1680666603,0,155690301,tertiary,False,,True,95.98612964836812,Thanon Phetkasem 26,,,,,,
1680666775,1431867160,0,932339002,secondary,True,,False,99.76876520175043,ถนนราษฎร์ยินดี,2,,,,,
1680666775,4900465949,0,"[155691084, 932339005, 932339006]",residential,False,,False,17.623516640678332,,,,yes,,,
1680666780,1680666829,0,155691184,residential,False,,False,46.45688849558174,Thanon Wathatyainai,,,,,,
1680666780,4890612485,0,155691184,residential,False,,True,33.09729531745103,Thanon Wathatyainai,,,,,,
1680666786,1680667132,0,243188783,tertiary,True,,False,79.24137897412525,ถนนราษฏร์อุทิศ,,,,,,
1680666786,1680666678,0,706357260,residential,False,,False,128.88459404361228,Thanon Rajuthit Soi 11,,,,,,
1680666789,1680667181,0,155690528,residential,False,,False,87.72068627588618,,,,,,,
1680666821,4900464617,0,155691052,residential,False,,True,31.15888014687924,,,,,,,
1680666821,1680666768,0,706357258,residential,False,,False,24.094539498849976,Pracha Uthit Road,,,,,,
1680666821,1680666903,0,706357258,residential,False,,True,23.820188067472582,Pracha Uthit Road,,,,,,
1680666823,1680667029,0,155691032,residential,False,,True,92.98536444161493,,,,,,,
1680666824,1680666772,0,155691113,residential,True,,False,74.22831404822543,,,,,,,
1680666824,1680666883,0,1469065144,residential,True,,False,49.82166883041561,,,,,,,
1680666827,4900465949,0,155691084,residential,False,,True,94.08040369099179,,,,,,,
1680666827,1680667079,0,155691015,residential,False,,False,49.107254475825,,,,,,,
1680666827,1680666891,0,155691084,residential,False,,False,88.25403187086641,,,,,,,
1680666829,1680666340,0,155690773,residential,False,,False,158.63089715494297,Thanon Phetkasem Soi 28,,,,,,
1680666829,13345661862,0,155691184,residential,False,,False,12.488332693727006,Thanon Wathatyainai,,,,,,
1680666829,1680666780,0,155691184,residential,False,,True,46.45688849558174,Thanon Wathatyainai,,,,,,
1680666830,1680666678,0,155691074,residential,False,,False,68.66687970159994,,,,,,,
1680666830,1680666946,0,155691074,residential,False,,True,23.580269631566566,,,,,,,
1680666830,1680667171,0,155690753,residential,False,,False,126.05265351005247,Thanon Rajuthit Soi 13,,,,,,
1680666869,1680666531,0,1187512687,residential,True,,False,87.46522666241101,,,,,,,
1680666869,1680666752,0,931321077,secondary,True,,False,115.68439956350988,ถนนเพชรเกษม,,,,,,
1680666883,1680666459,0,155690488,residential,False,,True,115.49972741587511,,,,,,,
1680666883,13371245483,0,"[706335016, 1457981945]",residential,False,,False,159.9494531691355,,,,,,,
1680666887,1680666954,0,155690978,residential,False,,False,110.33256753529534,,,,,,,
1680666887,4900465414,0,155690978,residential,False,,True,77.63893299754314,,,,,,,
1680666887,1680667068,0,155691052,residential,False,,False,115.17673497009784,,,,,,,
1680666891,4900465071,0,155691022,residential,False,,False,42.395489490298075,Soi 8 Rajyindee,,,,,,
1680666891,8523321638,0,155691084,residential,False,,False,211.71132501074771,,,,,,,
1680666891,1680666827,0,155691084,residential,False,,True,88.25403187086641,,,,,,,
1680666898,1680666964,0,155691184,residential,False,,False,41.67823042353649,Thanon Wathatyainai,,,,,,
1680666898,13345661862,0,155691184,residential,False,,True,38.99990043322425,Thanon Wathatyainai,,,,,,
1680666898,1680666340,0,155690937,residential,False,,True,200.96479767323956,Thanon Wathatyainai Soi 2,,,,,,
1680666900,1680667143,0,84842969,secondary,True,,False,114.78498523503362,ถนนเพชรเกษม,,,,,,
1680666900,8635015869,0,155691182,residential,False,,True,76.0923205890072,ถนนสันติราษฎร์,,,,,,
1680666903,8634015004,0,155690525,residential,False,,False,179.31804993798013,Thanon Rajuthit Soi 14,,,,,,
1680666903,1680666821,0,706357258,residential,False,,False,23.820188067472582,Pracha Uthit Road,,,,,,
1680666903,1421020884,0,706357258,residential,False,,True,39.979465285839,Pracha Uthit Road,,,,,,
1680666946,1680666830,0,155691074,residential,False,,False,23.580269631566566,,,,,,,
1680666946,1680666763,0,155690903,residential,False,,True,79.31599505582844,,,,,,,
1680666946,1680667576,0,155691074,residential,False,,True,190.70202655533387,,,,,,,
1680666950,1680667029,0,155690878,residential,False,,False,66.49135247715226,,,,,,,
1680666950,13339819888,0,706256380,tertiary,False,,False,26.28465746317585,ถนนละม้ายสงเคราะห์,,,,,,
1680666950,1559016919,0,706256380,tertiary,False,,True,21.221288008887896,ถนนละม้ายสงเคราะห์,,,,,,
1680666954,1680666887,0,155690978,residential,False,,True,110.33256753529534,,,,,,,
1680666964,1680666449,0,155690605,residential,False,,False,152.47777020082103,Thanon Wathatyainai Soi 1,,,,,,
1680666964,1680667044,0,155691184,residential,False,,False,24.288775734604684,Thanon Wathatyainai,,,,,,
1680666964,1680666898,0,155691184,residential,False,,True,41.67823042353649,Thanon Wathatyainai,,,,,,
1680667029,1680667034,0,155690878,residential,False,,False,51.66870199191819,,,,,,,
1680667029,1680666950,0,155690878,residential,False,,True,66.49135247715226,,,,,,,
1680667029,1680666823,0,155691032,residential,False,,False,92.98536444161493,,,,,,,
1680667034,1680667029,0,155690878,residential,False,,True,51.66870199191819,,,,,,,
1680667044,1680666772,0,155690301,tertiary,False,,True,80.74819733390092,Thanon Phetkasem 26,,,,,,
1680667044,1680666964,0,155691184,residential,False,,True,24.288775734604684,Thanon Wathatyainai,,,,,,
1680667068,4900464617,0,155691052,residential,False,,False,119.39085751874843,,,,,,,
1680667068,1680666887,0,155691052,residential,False,,True,115.17673497009783,,,,,,,
1680667068,4900465414,0,498671553,residential,False,,True,105.12123421599308,,,,,,,
1680667079,1680667083,0,155690734,residential,False,,True,40.495211589162665,,,,,,,
1680667079,1680667090,0,155690734,residential,False,,False,47.860505728912024,,,,,,,
1680667079,1680667164,0,155691015,residential,False,,False,27.60973928872794,,,,,,,
1680667079,1680666827,0,155691015,residential,False,,True,49.107254475825,,,,,,,
1680667083,1680667079,0,155690734,residential,False,,False,40.495211589162665,,,,,,,
1680667090,1680667079,0,155690734,residential,False,,True,47.860505728912024,,,,,,,
1680667132,1680667171,0,243188783,tertiary,True,,False,19.67241365131141,ถนนราษฏร์อุทิศ,,,,,,
1680667132,8634015006,0,931256579,tertiary_link,False,,True,7.970735162914123,,,,,,,
1680667143,7194216498,0,40264702,tertiary,False,,False,15.5944702261572,ถนนพลพิชัย,,,,,,
1680667143,1680667255,0,931321079,secondary,True,,False,66.64985553060208,ถนนเพชรเกษม,,,,,,
1680667158,1680667164,0,155690812,residential,False,,True,44.69373811525655,,,,,,,
1680667164,1680667158,0,155690812,residential,False,,False,44.69373811525655,,,,,,,
1680667164,1680667176,0,155690812,residential,False,,True,37.98760291650092,,,,,,,
1680667164,1680667079,0,155691015,residential,False,,True,27.60973928872794,,,,,,,
1680667171,1680666830,0,155690753,residential,False,,True,126.05265351005247,Thanon Rajuthit Soi 13,,,,,,
1680667171,1680667186,0,243188783,tertiary,True,,False,112.37152779141388,ถนนราษฏร์อุทิศ,,,,,,
1680667176,1680667164,0,155690812,residential,False,,False,37.98760291650092,,,,,,,
1680667181,4900465219,0,95533432,tertiary,False,,True,68.43148009064925,ถนนหอยมุกต์,,,,,,
1680667181,1680666789,0,155690528,residential,False,,True,87.72068627588618,,,,,,,
1680667181,13339844003,0,95533432,tertiary,False,,False,166.4472164135148,ถนนหอยมุกต์,,,,,,
1680667186,1612097142,0,243188783,tertiary,True,,False,103.56552882999412,ถนนราษฏร์อุทิศ,,,,,,
1680667186,13459885838,0,1467536684,residential,False,,False,96.80270051817843,,,,,,,
1680667230,1108909449,0,706341245,tertiary,False,,False,125.62875286566425,ถนนสาครมงคล,,,,,,
1680667230,1680667329,0,706341245,tertiary,False,,True,38.48646176580806,ถนนสาครมงคล,,,,,,
1680667230,1680667409,0,"[706335017, 155690468]",residential,False,,True,117.44885275565002,,,,,,,
1680667233,4900465219,0,95533432,tertiary,False,,False,69.57493469705754,ถนนหอยมุกต์,,,,,,
1680667233,2506085475,0,95533432,tertiary,False,,True,15.666718022855868,ถนนหอยมุกต์,,,,,,
1680667233,1680666683,0,155690875,residential,False,,True,155.24036174510906,,,,,,,
1680667255,11806124649,0,931321079,secondary,True,,False,308.8133921380115,ถนนเพชรเกษม,,,,,,
1680667255,1680667364,0,1447304004,residential,False,,True,58.790401839894,เพชรเกษม ซอย 20,,,,,,
1680667329,1680667409,0,155690468,residential,False,,False,54.540743386889595,,,,,,,
1680667329,1680667230,0,706341245,tertiary,False,,False,38.48646176580806,ถนนสาครมงคล,,,,,,
1680667329,4890613570,0,706341245,tertiary,False,,True,106.77125524492158,ถนนสาครมงคล,,,,,,
1680667348,8634015006,0,155691026,residential,False,,False,191.7756365511592,Thanon Rajuthit Soi 18,,,,,,
1680667348,4900464593,0,155691026,residential,False,,True,108.85768648669388,Thanon Rajuthit Soi 18,,,,,,
1680667348,8635148769,0,706357258,residential,False,,False,48.07569799327379,Pracha Uthit Road,,,,,,
1680667348,1421020846,0,706357258,residential,False,,True,67.15291666464643,Pracha Uthit Road,,,,,,
1680667364,2506085684,0,155690516,residential,False,,False,372.1850498773582,,,,,,,
1680667364,1680667255,0,1447304004,residential,False,,False,58.790401839894,เพชรเกษม ซอย 20,,,,,,
1680667364,4890612678,0,"[155691089, 1447304004]",residential,False,,True,86.20423289886935,เพชรเกษม ซอย 20,,,,,,
1680667409,1680667329,0,155690468,residential,False,,True,54.540743386889595,,,,,,,
1680667409,2506085490,0,243188199,residential,False,,False,34.525419603757406,,,,,,,
1680667409,1680667230,0,"[706335017, 155690468]",residential,False,,False,117.44885275565002,,,,,,,
1680667413,1431867140,0,129842396,residential,False,,False,52.47582952733003,Thanon Klongren 2 Soi 10,,,,,,
1680667413,1680667434,0,129842396,residential,False,,True,42.036856876045185,Thanon Klongren 2 Soi 10,,,,,,
1680667413,1680667518,0,155690503,residential,False,,True,38.24351211188972,,,,,,,
1680667422,4900465234,0,155690978,residential,False,,False,32.6681918522546,,,,,,,
1680667422,4900466244,0,155690978,residential,False,,True,57.33717415896974,,,,,,,
1680667422,1421020884,0,155691176,residential,False,,False,271.88406099835976,Thanon Rajuthit Soi 16,,,,,,
1680667426,1421020846,0,155690726,residential,False,,True,99.60942314152712,,,,,,,
1680667434,1680667413,0,129842396,residential,False,,False,42.036856876045185,Thanon Klongren 2 Soi 10,,,,,,
1680667434,1431867106,0,129842396,residential,False,,True,40.462862324576115,Thanon Klongren 2 Soi 10,,,,,,
1680667434,1680667879,0,155691042,residential,False,,True,190.0750147038424,,,,,,,
1680667445,1680667686,0,155690766,residential,False,,False,131.9637820161749,,,,,,,
1680667489,4900465197,0,155690829,residential,False,,True,23.09139538650938,Soi 3 Nhasathanee,,,,,,
1680667509,4900465244,0,155690480,residential,False,,False,30.307471578809082,,,,,,,
1680667513,1680667739,0,155690757,residential,False,,True,65.18258161777678,,,,,,,
1680667513,4900464593,0,155691026,residential,False,,False,21.164338215842218,Thanon Rajuthit Soi 18,,,,,,
1680667513,1680667571,0,155691026,residential,False,,True,33.40707124066765,Thanon Rajuthit Soi 18,,,,,,
1680667518,1680667413,0,155690503,residential,False,,False,38.24351211188972,,,,,,,
1680667571,1680667513,0,155691026,residential,False,,False,33.40707124066765,Thanon Rajuthit Soi 18,,,,,,
1680667571,1680667886,0,155691151,residential,False,,False,96.2451077999996,Soi 4 Nhasathanee,,,,,,
1680667571,13391517303,0,155691151,residential,False,,True,61.23868979478941,Soi 4 Nhasathanee,,,,,,
1680667576,7194216498,0,148108192,secondary,True,,False,251.24148309662343,ถนนเพชรเกษม,,,,,,
1680667576,1680666946,0,155691074,residential,False,,False,190.70202655533387,,,,,,,
1680667594,1680667759,0,155690747,residential,False,,False,53.8743114268542,,,,,,,
1680667594,1680667753,0,155691182,residential,False,,True,45.65027585492624,ถนนสันติราษฎร์,,,,,,
1680667594,8635015869,0,155691182,residential,False,,False,126.49492389534316,ถนนสันติราษฎร์,,,,,,
1680667676,1680667879,0,155690339,residential,False,,False,63.351820744164804,,,,,,,
1680667686,1680667445,0,155690766,residential,False,,True,131.9637820161749,,,,,,,
1680667686,1431867140,0,95542483,tertiary,False,,False,96.04009021952902,ถนนคลองเรียน 2,,,,,,
1680667686,8976428993,0,95542483,tertiary,False,,True,63.57974826145197,ถนนคลองเรียน 2,,,,,,
1680667730,1558314144,0,155690513,residential,False,,True,77.57912924011828,Soi 14 Rajyindee Road,,,,,,
1680667730,8976428988,0,990212966,secondary,True,,False,34.60878476029162,ถนนราษฎร์ยินดี,,,,,,
1680667739,1421020846,0,155690726,residential,False,,False,134.91686493602444,,,,,,,
1680667739,1680667513,0,155690757,residential,False,,False,65.18258161777678,,,,,,,
1680667739,1680667821,0,155690757,residential,False,,True,29.995543744978477,,,,,,,
1680667744,1680667904,0,155690374,residential,False,,False,129.355846877688,,,,,,,
1680667744,1421020877,0,706357258,residential,False,,False,36.372041335395544,Pracha Uthit Road,,,,,,
1680667744,1421020805,0,706357258,residential,False,,True,96.32093632899335,Pracha Uthit Road,,,,,,
1680667753,1680667832,0,155690790,residential,False,,False,39.3241237100007,,,,,,,
1680667753,1680667594,0,155691182,residential,False,,False,45.65027585492624,ถนนสันติราษฎร์,,,,,,
1680667753,1680667816,0,155691182,residential,False,,True,30.291154241272405,ถนนสันติราษฎร์,,,,,,
1680667759,1680667594,0,155690747,residential,False,,True,53.8743114268542,,,,,,,
1680667759,1680667832,0,155690963,residential,False,,False,42.131182327174,,,,,,,
1680667759,2506085692,0,155690747,residential,False,,False,277.8144042568405,,,,,,,
1680667759,2506085653,0,155690963,residential,False,,True,310.1213243328906,,,,,,,
1680667763,1680668037,0,155690667,residential,False,,False,112.65183394049717,Soi 2 Nhasathanee,,,,,,
1680667808,1680667821,0,155691037,residential,False,,False,25.543691264612857,Phetkasem Soi 21/1 Road,,,,,,
1680667808,1421020877,0,155691037,residential,False,,True,120.58041383311006,Phetkasem Soi 21/1 Road,,,,,,
1680667808,1680667904,0,155691018,residential,False,,False,40.11096051229067,,,,,,,
1680667816,1680667753,0,155691182,residential,False,,False,30.291154241272405,ถนนสันติราษฎร์,,,,,,
1680667816,1680667875,0,155691182,residential,False,,True,17.71526271703432,ถนนสันติราษฎร์,,,,,,
1680667816,12925078717,0,497502816,residential,False,,False,61.21213381343833,,,,,,,
1680667821,1680667886,0,155691037,residential,False,,False,51.45494005518369,Phetkasem Soi 21/1 Road,,,,,,
1680667821,1680667808,0,155691037,residential,False,,True,25.543691264612857,Phetkasem Soi 21/1 Road,,,,,,
1680667821,1680667739,0,155690757,residential,False,,False,29.995543744978477,,,,,,,
1680667832,1680667753,0,155690790,residential,False,,True,39.3241237100007,,,,,,,
1680667832,1680667759,0,155690963,residential,False,,True,42.131182327174,,,,,,,
1680667832,2506085820,0,155690790,residential,False,,False,309.8665065570378,,,,,,,
1680667875,1680667816,0,155691182,residential,False,,False,17.71526271703432,ถนนสันติราษฎร์,,,,,,
1680667875,8635042218,0,155691182,residential,False,,True,7.827584252150143,ถนนสันติราษฎร์,,,,,,
1680667875,1680668117,0,155690342,residential,False,,False,100.83991457556104,,,,,,,
1680667879,1680667676,0,155690339,residential,False,,True,63.351820744164804,,,,,,,
1680667879,1680667434,0,155691042,residential,False,,False,190.0750147038424,,,,,,,
1680667879,8976428994,0,155691042,residential,False,,True,16.852524610195086,,,,,,,
1680667886,1680667821,0,155691037,residential,False,,True,51.45494005518369,Phetkasem Soi 21/1 Road,,,,,,
1680667886,1680668058,0,"[453417669, 155691151]",residential,False,,"[False, True]",98.11252821774657,Soi 4 Nhasathanee,,,,,,
1680667886,1680667571,0,155691151,residential,False,,True,96.2451077999996,Soi 4 Nhasathanee,,,,,,
1680667891,8635037516,0,706335018,residential,False,,True,81.86990926510612,Thanon Rajburana,,,,,,
1680667891,8635042223,0,706341245,tertiary,False,,False,36.56997505883926,ถนนสาครมงคล,,,,,,
1680667891,2506085599,0,706341245,tertiary,False,,True,94.16196381823684,ถนนสาครมงคล,,,,,,
1680667904,1680667744,0,155690374,residential,False,,True,129.355846877688,,,,,,,
1680667904,1680667941,0,155691018,residential,False,,False,9.029168402234122,,,,,,,
1680667904,1680667808,0,155691018,residential,False,,True,40.11096051229067,,,,,,,
1680667941,1680667974,0,155690459,residential,False,,False,32.24807792242187,,,,,,,
1680667941,1680667904,0,155691018,residential,False,,True,9.029168402234122,,,,,,,
1680667941,4919945019,0,"[155691018, 155690978]",residential,False,,False,170.00509178103215,,,,,,,
1680667974,1680667941,0,155690459,residential,False,,True,32.24807792242187,,,,,,,
1680668031,8635042218,0,155691182,residential,False,,False,54.697052942017166,ถนนสันติราษฎร์,,,,,,
1680668031,8635037516,0,706335018,residential,False,,False,41.490327180450954,Thanon Rajburana,,,,,,
1680668031,2506085572,0,706335018,residential,False,,True,35.06688630209164,Thanon Rajburana,,,,,,
1680668037,1680667763,0,155690667,residential,False,,True,112.65183394049717,Soi 2 Nhasathanee,,,,,,
1680668037,1680668058,0,453417669,residential,False,,False,43.926498193899036,Soi 4 Nhasathanee,,,,,,
1680668037,4501548849,0,453417669,residential,False,,True,35.791683036045114,Soi 4 Nhasathanee,,,,,,
1680668058,1680668037,0,453417669,residential,False,,True,43.926498193899036,Soi 4 Nhasathanee,,,,,,
1680668058,4900465197,0,155690829,residential,False,,False,167.83385903997876,Soi 3 Nhasathanee,,,,,,
1680668058,1680667886,0,"[453417669, 155691151]",residential,False,,"[False, True]",98.11252821774657,Soi 4 Nhasathanee,,,,,,
1680668117,2506085572,0,706335018,residential,False,,False,54.49344062945301,Thanon Rajburana,,,,,,
1680668117,1680667875,0,155690342,residential,False,,True,100.83991457556104,,,,,,,
1680668117,2506086133,0,155690815,residential,False,,True,285.79092528302886,Thanon Rathboonrana,,,,,,
1680668123,8634028442,0,931256575,secondary,True,,False,155.25516438747138,ถนนเพชรเกษม,,,,,,
1680668123,1421020805,0,155690643,residential,False,,True,47.83889143713822,,,,,,,
1680668223,947896981,0,95542480,tertiary,False,,True,14.204711188296155,,,,yes,,,
1680668223,2505176514,0,970323546,secondary,True,,False,215.34121589727886,ถนนราษฎร์ยินดี,2,,,,,
1680668226,1680668239,0,65080358,secondary,True,,False,267.7915414631777,ถนนราษฎร์ยินดี,,,,,,
1680668226,1107926968,0,243314395,tertiary,False,,False,96.7972486266807,ถนนสามชัย ซอย 3,,,,,,
1680668239,809537716,0,96941852,residential,False,,False,11.083110325286677,ซอยบุญราช,,,,,,
1680668239,1123399667,0,243188778,secondary,True,,False,43.000729422897635,ถนนราษฎร์ยินดี,,,yes,,,
1680668239,1107926968,0,96941852,residential,False,,True,389.69060511418,ซอยบุญราช,,,,,,
1858126165,1858126166,0,175176180,residential,False,,True,78.99111601590258,,,,,,,
1858126165,485580840,0,706093503,residential,True,,False,109.19824641087752,,,,,,,
1858126166,8642916477,0,48923851,residential,True,,False,21.20344750673378,ถนนรัถการ,,,,,,
1858126166,1858126165,0,175176180,residential,False,,False,78.99111601590258,,,,,,,
1966386254,1107784879,0,706093504,residential,True,,False,137.56466860183792,Thanon Sangchan,,,,,,
1966386254,8523344319,0,706093508,tertiary,True,,False,118.99306161768351,ถนนประชาธิปัตย์,,,,,,
1966386254,2506085628,0,931354569,tertiary,False,,True,51.29833891088787,ถนนประชาธิปัตย์,,,,,,
1966399241,1140280757,0,706104219,tertiary,False,,False,30.54406471681412,ถนนศุภสารรังสรรค์,2,,,,,
1966399241,8523333972,0,706104219,tertiary,False,,True,9.808323326765361,ถนนศุภสารรังสรรค์,2,,,,,
1966399241,2506088084,0,96713729,residential,True,,False,267.2268857365167,Thanon Sangsri 4,,,,,,
1966399248,1123399595,0,96941842,residential,False,,True,94.2770768550462,Thanon Prachathipat 1,,,,,,
1966399248,8523333972,0,706104219,tertiary,False,,False,42.998534682092654,ถนนศุภสารรังสรรค์,2,,,,,
1966399248,2506086795,0,706104219,tertiary,False,,True,50.78120088033415,ถนนศุภสารรังสรรค์,2,,,,,
1966399248,2506088024,0,243188491,residential,False,,True,253.6298444576023,Thanon Prachathipat 1,,,,,,
1966404349,4900464580,0,96941857,residential,False,,True,58.37758411240349,,,,,,,
1966404349,13472440789,0,498671395,residential,True,,False,94.3213754075684,,,,,,,
1966404349,1115585403,0,154097280,residential,False,,True,39.0437406260928,Thanon Boonponguthit,,,,,,
1966412828,1122072645,0,84842974,tertiary,True,,False,110.53532724508199,ถนนนิพัทธ์อุทิศ 3,3,,,,,
1966412828,1174378788,0,101706795,residential,True,,False,69.22273803880903,Thanon Preedarom,,,,,,
2052489649,1110416568,0,706520617,residential,False,,False,128.43180890058437,Thumnoonvithi Road,,,,,,
2052489649,1115585792,0,706520617,residential,False,,True,61.58394880998435,Thumnoonvithi Road,,,,,,
2052497441,2506086743,0,194743656,residential,True,,False,68.22114030919533,Thanon Sang Aretit,,,,,,
2052497441,4900465364,0,706093506,residential,True,,False,72.09297366418002,Thanon Sangchan,,,,,,
2052522376,4085816302,0,84842974,tertiary,True,,False,94.17845920210664,ถนนนิพัทธ์อุทิศ 3,3,,,,,
2052529358,8524097355,0,84842972,tertiary,False,,False,48.228140031095265,ถนนรัถการ,2,,,,,
2052529358,4900465393,0,96713677,tertiary,False,,True,133.01553138086814,ถนนนิพัทธ์สงเคราะห์ 1 ซอย 7,,,,,,
2052529358,2506092173,0,243188504,tertiary,False,,True,50.98159435772749,,,,,,,
2052529358,1108909545,0,"[1420859561, 84842972, 952598318]",tertiary,False,,True,158.81710447042605,ถนนรัถการ,2,,,,,
2052547073,2506085499,0,40264697,tertiary,True,,False,18.893547528717196,ถนนธรรมนูญวิถี,2,,,,,
2052547073,2052547075,0,154707523,residential,True,,False,73.60965539464722,,,,,,,
2052547074,617234281,0,706096640,residential,True,,False,81.97799296278278,ถนนเสน่หานุสรณ์,,,,,,
2052547074,1176926303,0,706256377,residential,False,,False,81.0673797675917,Thanon Sheutit,2,,,,,
2052547074,4900465209,0,706256377,residential,False,,True,93.89356460182778,Thanon Sheutit,2,,,,,
2052547075,1122072658,0,154707523,residential,True,,False,86.52347290676285,,,,,,,
2052547075,1107784883,0,706256377,residential,False,,False,76.43570330411494,Thanon Sheutit,2,,,,,
2052547075,1110416410,0,706256377,residential,False,,True,46.059131595824084,Thanon Sheutit,2,,,,,
2406954571,4900465277,0,66984604,tertiary,True,,False,111.50871728437077,ถนนศุภสารรังสรรค์,,,,,,
2406954571,2406954573,0,1236748107,tertiary,False,,False,10.506094809434886,ถนนประชายินดี,,,,,,
2406954571,2507400652,0,1236748105,tertiary,False,,True,108.92629956000582,ถนนประชายินดี,2,,,,,
2406954573,2406954571,0,1236748107,tertiary,False,,True,10.506094809434886,ถนนประชายินดี,,,,,,
2406954573,2507400688,0,71380787,tertiary,False,,False,118.4314679163009,ถนนประชายินดี,,,,,,
2406954573,1431867117,0,"[1236748108, 1236748110]",tertiary,True,,False,208.92744751113608,ถนนศุภสารรังสรรค์,2,,,,,
2406954575,2406954577,0,71380776,tertiary,False,,False,10.830963457580376,,,,,,,
2406954575,2507400671,0,71380776,tertiary,False,,True,66.97320684681303,,,,,,,
2406954575,2507400677,0,66984604,tertiary,True,,False,53.704375895357664,ถนนศุภสารรังสรรค์,,,,,,
2406954577,849403490,0,71380776,tertiary,False,,False,47.886131386255464,,,,,,,
2406954577,2406954575,0,71380776,tertiary,False,,True,10.830963457580376,,,,,,,
2406954577,2406954573,0,243079844,tertiary,True,,False,282.6241625414752,ถนนศุภสารรังสรรค์,,,,,,
2406954578,2505176175,0,1218225518,secondary,True,,False,106.75744224054156,ถนนราษฎร์ยินดี,2,,,,,
2406954578,2406954579,0,1218225523,tertiary,True,,False,11.964976812706478,ถนนศุภสารรังสรรค์,,,,,,
2406954579,11292971032,0,1218225524,secondary,True,,False,12.146349634590827,ถนนราษฎร์ยินดี,,,,,,
2406954580,2406954578,0,1218225520,secondary,True,,False,12.270944848472727,ถนนราษฎร์ยินดี,2,,,,,
2406954580,809537690,0,"[1218747874, 1218747875, 243079844]",tertiary,True,,False,15.532697668632942,ถนนศุภสารรังสรรค์,,30,yes,,,
2504518235,5460390609,0,154729264,residential,False,,True,160.3215932247635,,,,,,,
2504518235,2504518243,0,243012499,tertiary,True,,False,40.90184878204931,,,,,,,
2504518243,2505175814,0,243012498,residential,False,,True,17.17605366574474,,,,,,,
2504518243,2504518238,0,243012499,tertiary,True,,False,210.6748662806973,,,,,,,
2505175779,1173916447,0,243079646,primary_link,False,,False,9.213812010772182,,,,,,,
2505175779,1407221149,0,1214455775,primary,True,,False,16.83438464741537,ถนนกาญจนวณิชย์,,,,,,
2505175782,1680665127,0,102026840,secondary,True,,False,62.573912351203084,ถนนเพชรเกษม,,,,,,
2505175783,1680665127,0,1455359987,secondary_link,False,,False,18.271313272655668,,,,,,,
2505175783,1672229976,0,102026768,secondary,True,,False,274.6963704137111,ถนนเพชรเกษม,,,,,,
2505175783,2505175801,0,243012499,tertiary,True,,False,282.95662270969933,,,,,,,
2505175788,1680664441,0,155690864,residential,False,,False,316.4308351318316,,,,,,,
2505175788,13449314070,0,243079632,tertiary,True,,False,48.6791961971331,,,,,,,
2505175789,2505175788,0,243079632,tertiary,True,,False,10.744109373589431,,,,,,,
2505175789,2505175790,0,243079657,unclassified,False,,False,14.977514479856351,,,,,,,
2505175790,2505175782,0,102026840,secondary,True,,False,136.0934788801712,ถนนเพชรเกษม,,,,,,
2505175790,2505175789,0,243079657,unclassified,False,,True,14.977514479856351,,,,,,,
2505175791,1680665502,0,155690979,residential,False,,True,15.169858208998836,,,,,,,
2505175791,2505175789,0,243079632,tertiary,True,,False,45.77495524755898,,,,,,,
2505175792,1559016834,0,142455597,residential,True,,False,107.19428856158947,,,,,,,
2505175792,4900465333,0,498671524,residential,True,,False,46.074719038591574,,,,,,,
2505175794,1680665554,0,155690960,residential,False,,True,14.730109723041815,,,,,,,
2505175794,2505175791,0,243079632,tertiary,True,,False,48.38212680574101,,,,,,,
2505175795,2505175792,0,142455597,residential,True,,False,20.69756312075024,,,,,,,
2505175795,1559016833,0,142434857,tertiary,False,,True,142.95125499751202,,,,,,,
2505175795,1559016846,0,243082642,unclassified,False,,True,107.38382545430765,Thanon Simbenjapolpatana,,,,,,
2505175797,2505175794,0,243079632,tertiary,True,,False,51.833498158761074,,,,,,,
2505175798,1680665647,0,155690391,residential,False,,True,13.778566506032334,,,,,,,
2505175798,2505175797,0,243079632,tertiary,True,,False,40.22254283653069,,,,,,,
2505175799,1680665649,0,155690691,residential,False,,True,11.750899227599712,,,,,,,
2505175799,2505175798,0,243079632,tertiary,True,,False,36.617697709173065,,,,,,,
2505175801,1672229976,0,154729341,residential,False,,False,9.487910108215294,,,,,,,
2505175801,2505175810,0,243012499,tertiary,True,,False,44.94743146987921,,,,,,,
2505175802,1680665670,0,155690322,residential,False,,False,15.26369231369454,,,,,,,
2505175802,2505175804,0,243079632,tertiary,True,,False,42.425950364118385,,,,,,,
2505175802,1680665463,0,155690322,residential,False,,True,63.16057984153128,,,,,,,
2505175803,1680665659,0,155690352,residential,False,,True,15.068890155246523,,,,,,,
2505175803,2505175799,0,243079632,tertiary,True,,False,55.74009149950162,,,,,,,
2505175804,1680665664,0,155691137,residential,False,,True,13.393782524691234,,,,,,,
2505175804,2505175803,0,243079632,tertiary,True,,False,41.966878660487176,,,,,,,
2505175805,1680665672,0,155691045,residential,False,,True,12.828016484014647,,,,,,,
2505175805,2505175802,0,243079632,tertiary,True,,False,55.90965811685126,,,,,,,
2505175807,1680665498,0,155690326,residential,False,,False,55.860802011526516,,,,,,,
2505175807,8642477638,0,243079632,tertiary,True,,False,283.3070160284569,,,,,,,
2505175810,1672230068,0,154729250,residential,False,,True,85.24025111920616,,,,,,,
2505175810,2505175820,0,243012499,tertiary,True,,False,73.58369709604591,,,,,,,
2505175811,2505175807,0,243079632,tertiary,True,,False,14.083023141391156,,,,,,,
2505175811,2505175812,0,102026840,secondary,True,,False,268.4629848419636,ถนนเพชรเกษม,,,,,,
2505175812,1680665672,0,102026840,secondary,True,,False,100.59382794241827,ถนนเพชรเกษม,,,,,,
2505175812,2505175822,0,243079692,secondary_link,False,,False,21.63688566471362,,,,,,,
2505175814,2504518243,0,243012498,residential,False,,False,17.17605366574474,,,,,,,
2505175814,4890612971,0,"[102026768, 102026867, 102026853]",secondary,True,,False,384.56649082165626,ถนนเพชรเกษม,,,yes,,,
2505175820,2505175823,0,243012499,tertiary,True,,False,40.95443760380486,,,,,,,
2505175822,2505175812,0,243079692,secondary_link,False,,True,21.63688566471362,,,,,,,
2505175822,1672230024,0,102026768,secondary,True,,False,342.50181293228445,ถนนเพชรเกษม,,,,,,
2505175823,620882145,0,243079680,unclassified,False,,True,8.965672717308216,,,,,,,
2505175823,2505175829,0,243012499,tertiary,True,,False,301.8775494504245,,,,,,,
2505175829,1672230040,0,243012499,tertiary,True,,False,346.28584519699507,,,,,,,
2505176020,2507400591,0,243314310,residential,False,,True,170.6261149313073,,,,,,,
2505176020,2507400593,0,970010767,tertiary,True,,False,130.3746861437449,ถนนธรรมนูญวิถี,,,,,,
2505176027,13388503443,0,243314467,residential,False,,True,131.11377159609106,,,,,,,
2505176027,2507400599,0,"[684736206, 969757854]",tertiary,True,,False,11.965002164141145,ถนนธรรมนูญวิถี,,,yes,,,
2505176086,2507400607,0,71380776,tertiary,False,,True,40.0355648996078,,,,,,,
2505176086,1639088636,0,71380776,tertiary,False,,False,106.99496164960306,,,,,,,
2505176086,1639088606,0,151072454,residential,False,,False,124.31488953111106,,,,,,,
2505176116,2505176125,0,243079664,secondary_link,True,,False,12.114100008177994,,,,,,,
2505176116,4900465028,0,"[1216769235, 931256575]",secondary,True,,False,17.5896067378621,ถนนเพชรเกษม,,,,,,
2505176125,1369020962,0,1216769236,secondary,True,,False,99.34054903656974,ถนนเพชรเกษม,,,,,,
2505176169,856214432,0,1227721990,tertiary,False,,False,11.854655747719976,ถนนประชาธิปัตย์,,,,,,
2505176169,2507400639,0,1270957862,secondary,True,,False,67.2746361126985,ถนนราษฎร์ยินดี,2,,,,,
2505176175,2505176169,0,1218225518,secondary,True,,False,70.55528525981843,ถนนราษฎร์ยินดี,2,,,,,
2505176175,1639088658,0,"[1218747872, 1218747873, 243314101]",residential,False,,True,15.038360655484354,,,,yes,,,
2505176214,856214491,0,72016649,primary,True,,False,61.80085571191839,ถนนกาญจนวณิชย์,3,,,,,
2505176214,809537799,0,1236748106,tertiary,True,,False,15.736929280203375,ถนนศุภสารรังสรรค์,2,,,,,
2505176227,2505176214,0,72016649,primary,True,,False,9.596705070574538,ถนนกาญจนวณิชย์,3,,,,,
2505176233,2505176227,0,1236748108,tertiary,True,,False,14.472222776025513,ถนนศุภสารรังสรรค์,2,,,,,
2505176233,2505176459,0,970037610,primary,True,,False,306.4779870340243,ถนนกาญจนวณิชย์,3,30,,,,
2505176258,856214571,0,66984610,tertiary,False,,True,11.786202979580594,ถนนศุภสารรังสรรค์,,,,,,
2505176258,2406954580,0,970323546,secondary,True,,False,21.892072393556518,ถนนราษฎร์ยินดี,2,,,,,
2505176258,2505176265,0,"[66984610, 1218747878, 1218747879]",tertiary,False,,False,15.14871112968216,ถนนศุภสารรังสรรค์,,,yes,,,
2505176265,809537690,0,706105952,tertiary,True,,False,23.140176275703993,,,,,,,
2505176265,2505176258,0,"[66984610, 1218747878, 1218747879]",tertiary,False,,True,15.14871112968216,ถนนศุภสารรังสรรค์,,,yes,,,
2505176284,849403490,0,243079738,residential,True,,False,178.71659317195264,Thanon Rajyindee Soi 6,,,,,,
2505176284,4900465328,0,243314435,residential,False,,False,29.81533515291162,,,,,,,
2505176348,2507400707,0,71380787,tertiary,False,,False,58.727802604816716,ถนนประชายินดี,,,,,,
2505176348,2507400688,0,71380787,tertiary,False,,True,56.527207321251595,ถนนประชายินดี,,,,,,
2505176348,1115361870,0,96217972,residential,False,,False,187.86506960363087,ถนนประชายินดี ซอย 4,,,,,,
2505176360,849403403,0,71380780,tertiary,False,,False,21.33936685576874,ถนนคลองเรียน 1,4,,,,,
2505176360,4900464595,0,71380780,tertiary,False,,True,69.03363351981328,ถนนคลองเรียน 1,4,,,,,
2505176360,4900465243,0,706091196,residential,False,,True,44.37977890440653,Soi 4 Klongren Road 1,,,,,,
2505176388,2507400696,0,66984613,residential,True,,False,79.10553676936236,ถนนราษฎร์ยินดี 2,,,,,,
2505176388,2505176422,0,243314186,residential,False,,False,13.50765564701912,,,,yes,,,
2505176388,1120012974,0,96713525,residential,False,,True,152.21787896937403,ถนนราฎร์ยินดี ซอย 4,,,,,,
2505176422,2505176434,0,243314123,secondary_link,False,,False,11.918464855646606,,,,,,,
2505176422,2505176388,0,243314186,residential,False,,True,13.50765564701912,,,,yes,,,
2505176422,2507400698,0,970323546,secondary,True,,False,79.86540370252442,ถนนราษฎร์ยินดี,2,,,,,
2505176434,2505176422,0,243314123,secondary_link,False,,True,11.918464855646606,,,,,,,
2505176434,2507400748,0,65080358,secondary,True,,False,196.8711312542207,ถนนราษฎร์ยินดี,,,,,,
2505176447,2505176459,0,1198249041,primary_link,False,,False,12.679463135195151,,,30,,,,
2505176447,2505176227,0,72016649,primary,True,,False,306.85924362621546,ถนนกาญจนวณิชย์,3,,,,,
2505176459,1431867123,0,970037610,primary,True,,False,88.40136981647125,ถนนกาญจนวณิชย์,3,30,,,,
2505176459,2505176447,0,1198249041,primary_link,False,,True,12.679463135195151,,,30,,,,
2505176470,2507400720,0,71380780,tertiary,False,,False,45.42992959085071,ถนนคลองเรียน 1,4,,,,,
2505176470,2507400708,0,71380780,tertiary,False,,True,48.12597828922847,ถนนคลองเรียน 1,4,,,,,
2505176470,1120012974,0,96713525,residential,False,,False,249.45688496871213,ถนนราฎร์ยินดี ซอย 4,,,,,,
2505176494,947896979,0,243079673,unclassified,False,,True,13.220689461428256,,,,yes,,,
2505176494,2505176422,0,970323546,secondary,True,,False,49.14049707062321,ถนนราษฎร์ยินดี,2,,,,,
2505176514,947896989,0,243079775,residential,False,,False,13.721784870468392,,,,yes,,,
2505176514,2505176494,0,970323546,secondary,True,,False,20.884755063970776,ถนนราษฎร์ยินดี,2,,,,,
2505176598,2505176686,0,71380780,tertiary,False,,False,40.15039114728305,ถนนคลองเรียน 1,4,,,,,
2505176598,2507400720,0,71380780,tertiary,False,,True,59.1638248117486,ถนนคลองเรียน 1,4,,,,,
2505176598,947896989,0,243314440,residential,False,,True,375.49751942423995,Thanon Rajyindee Soi 3,,,,,,
2505176628,2507400739,0,68518888,residential,False,,True,105.29674390021964,ถนนกาญจนวนิช ซอย 17,,,,,,
2505176628,2507400740,0,71380787,tertiary,False,,False,32.47972257538385,ถนนประชายินดี,,,,,,
2505176628,2507400715,0,71380787,tertiary,False,,True,97.20510167972321,ถนนประชายินดี,,,,,,
2505176686,2505176598,0,71380780,tertiary,False,,True,40.15039114728305,ถนนคลองเรียน 1,4,,,,,
2505176686,823954361,0,71380780,tertiary,False,,False,69.56571423366309,ถนนคลองเรียน 1,4,,,,,
2505176686,947896972,0,243079723,residential,False,,False,357.09157237943396,ถนนราษฏร์ยินดี ซอย 2,,,,,,
2505176697,1107926481,0,95809258,tertiary,False,,True,29.770320124134493,ถนนสามชัย,,,yes,,,
2505176697,1110416742,0,243188765,unclassified,False,,False,39.21736141772014,Thanon Samchai,,,,,,
2505176697,1123399700,0,96941841,residential,False,,False,105.83283232825974,,,,,,,
2505176734,2505176747,0,71380788,residential,False,,False,47.75661586743767,Thanon Rajyindee Soi 1/1,2,,,,,
2505176734,947896985,0,243079682,residential,False,,False,51.86398097983257,,,,,,,
2505176734,823954361,0,71380788,residential,False,,True,203.16928361047928,Thanon Rajyindee Soi 1/1,2,,,,,
2505176747,2505176734,0,71380788,residential,False,,True,47.75661586743767,Thanon Rajyindee Soi 1/1,2,,,,,
2505176758,2505176447,0,72016649,primary,True,,False,221.96460271317244,ถนนกาญจนวณิชย์,3,,,,,
2505176758,4900464610,0,1214497909,residential,False,,False,24.500233847138176,,,,,,,
2505176923,2505176945,0,243079650,secondary_link,False,,True,16.10748089293348,,,,,,,
2505176923,3309949961,0,970311985,secondary,True,,False,136.4115019116592,ถนนเพชรเกษม,,,,,,
2505176945,2505176923,0,243079650,secondary_link,False,,False,16.10748089293348,,,,,,,
2505176945,1160617577,0,65080343,secondary,True,,False,160.06196816298265,ถนนเพชรเกษม,,,,,,
2505176964,2505176969,0,243079715,primary_link,False,,False,11.448772860161233,,,,,,,
2505176964,2505176758,0,1214497910,primary,True,,False,223.7027438308429,ถนนกาญจนวณิชย์,3,,,,,
2505176969,2505176964,0,243079715,primary_link,False,,True,11.448772860161233,,,,,,,
2505176969,2507400877,0,970037610,primary,True,,False,103.45377092377832,ถนนกาญจนวณิชย์,3,30,,,,
2505176975,2507400816,0,71380780,tertiary,False,,True,27.76971388341155,ถนนคลองเรียน 1,4,,,,,
2505176975,849403447,0,71380780,tertiary,False,,False,80.52125722599729,ถนนคลองเรียน 1,4,,,,,
2505176975,2507400837,0,700908621,residential,False,,True,77.150626815,ถนนบ้านจ่า,,,,,,
2505176979,2506090932,0,243188696,residential,True,,False,9.336819072274132,Thanon Jirnakorn Soi 1,,,,,,
2505176979,2505177118,0,700908616,residential,False,,False,93.22817452483423,,,,,,,
2505176985,2507400847,0,98567529,tertiary,False,,False,14.46314440868393,ถนนบ้านจ่า,,,yes,,,
2505176985,1680668223,0,970323546,secondary,True,,False,177.9434883028566,ถนนราษฎร์ยินดี,2,,,,,
2505177021,2505177070,0,243079670,secondary_link,False,,True,15.867009126410073,,,,,,,
2505177021,1160617588,0,970311985,secondary,True,,False,123.86870281822048,ถนนเพชรเกษม,,,,,,
2505177070,2507400880,0,65080343,secondary,True,,False,37.05824490371861,ถนนเพชรเกษม,,,,,,
2505177070,2505177021,0,243079670,secondary_link,False,,False,15.867009126410073,,,,,,,
2505177118,4900465124,0,243079720,residential,False,,False,41.91107963796953,,,,,,,
2505177118,2507400904,0,243314087,residential,False,,False,118.74735244363687,,,,,,,
2505177118,2505176979,0,700908616,residential,False,,True,93.22817452483423,,,,,,,
2505177293,1123399667,0,96941854,residential,False,,True,14.281220101214574,ซอยชุมอุทิศ 1,,,,,,
2505177293,809537716,0,243188780,secondary,True,,False,46.80759629528092,ถนนราษฎร์ยินดี,,,yes,,,
2505177293,809537513,0,243079788,tertiary,False,,False,379.9607151246242,,,,,,,
2505177482,2505177493,0,243079703,primary_link,False,,False,12.059473823534594,,,,,,,
2505177482,2508580342,0,243455470,unclassified,False,,True,182.78369344663128,,,,,,,
2505177482,2505176964,0,1214497910,primary,True,,False,404.9134284309912,ถนนกาญจนวณิชย์,3,,,,,
2505177493,2505177482,0,243079703,primary_link,False,,True,12.059473823534594,,,,,,,
2505177493,809537729,0,970037610,primary,True,,False,110.67768203027728,ถนนกาญจนวณิชย์,3,30,,,,
2505177499,2507401162,0,243188787,secondary,True,,False,47.810193716257835,ถนนเพชรเกษม,2,,,,,
2505177499,4900465454,0,700908620,residential,False,,True,54.86199273652158,,,,,,,
2505177521,1137030934,0,243188788,secondary,True,,False,28.43752653648558,ถนนเพชรเกษม,,,yes,,,
2505177521,2505177598,0,243079628,tertiary,False,,True,172.414043312573,ถนนเพชรเกษม ซอย 8/2,,,,,,
2505177544,849403465,0,243079793,tertiary,False,,False,16.327857208346316,,,,,,,
2505177544,2508580665,0,243079793,tertiary,False,,True,107.80610529868147,,,,,,,
2505177544,796747276,0,243188790,secondary,True,,False,359.44640738702003,ถนนเพชรเกษม,,,,,,
2505177555,2507401387,0,66984619,secondary,True,,False,64.18267339546396,ถนนเพชรเกษม,,,,,,
2505177555,796747276,0,243079634,secondary_link,False,,True,12.800135920301233,,,,,,,
2505177583,916327733,0,66984619,secondary,True,,False,22.692900278216925,ถนนเพชรเกษม,,,,,,
2505177583,796747573,0,243079706,secondary_link,False,,True,11.941109970599115,,,,,,,
2505177589,2508580610,0,243188790,secondary,True,,False,46.90774743418638,ถนนเพชรเกษม,,,,,,
2505177589,2508580722,0,98270310,residential,False,,False,117.91048438714552,Pasawang Road,2,,,,,
2505177598,2507401445,0,243314424,residential,False,,False,24.048646642071244,Thanon Phetkasem Soi 10/2,,,,,,
2505177598,2505177521,0,243079628,tertiary,False,,False,172.414043312573,ถนนเพชรเกษม ซอย 8/2,,,,,,
2505177598,8254104118,0,243079628,tertiary,False,,True,39.74624520816901,ถนนเพชรเกษม ซอย 8/2,,,,,,
2505177601,2505177602,0,98480951,residential,False,,False,10.347635195717917,ซอยโสภณพิทยาคุณานุสรณ์,,,,,,
2505177601,856214477,0,243079803,primary,True,,False,90.03260597659016,ถนนกาญจนวณิชย์,3,,,,,
2505177602,2505177601,0,98480951,residential,False,,True,10.347635195717917,ซอยโสภณพิทยาคุณานุสรณ์,,,,,,
2505177602,2505177650,0,970029499,primary,True,,False,145.17462098116826,ถนนกาญจนวณิชย์,3,,,,,
2505177602,8932856894,0,98480951,residential,False,,False,63.182382430369785,ซอยโสภณพิทยาคุณานุสรณ์,,,,,,
2505177627,2505177641,0,243079628,tertiary,False,,True,49.676023610963526,ถนนเพชรเกษม ซอย 8/2,,,,,,
2505177627,1421027868,0,243314203,residential,False,,False,132.53402659110188,Thanon Phetkasem Soi 10/4,,,,,,
2505177627,8254104118,0,243079628,tertiary,False,,False,49.83489012898583,ถนนเพชรเกษม ซอย 8/2,,,,,,
2505177641,2505177627,0,243079628,tertiary,False,,False,49.676023610963526,ถนนเพชรเกษม ซอย 8/2,,,,,,
2505177641,6634718717,0,243079628,tertiary,False,,True,181.94755915109235,ถนนเพชรเกษม ซอย 8/2,,,,,,
2505177641,2507401473,0,243314320,residential,False,,False,138.3336481683717,Thanon Phetkasem Soi 10/6,,,,,,
2505177648,2505177650,0,243079696,primary_link,False,,False,11.423019111910852,,,,,,,
2505177648,2505177601,0,243079803,primary,True,,False,144.6693923698325,ถนนกาญจนวณิชย์,3,,,,,
2505177650,2505177648,0,243079696,primary_link,False,,True,11.423019111910852,,,,,,,
2505177650,1137030928,0,970029499,primary,True,,False,50.025522272048754,ถนนกาญจนวณิชย์,3,,,,,
2505177657,2508580933,0,98270313,residential,False,,False,39.99514605867377,ถนนเพชรเกษม ซอย 2,,,,,,
2505177657,4900465366,0,98480951,residential,False,,True,88.11622596939034,ซอยโสภณพิทยาคุณานุสรณ์,,,,,,
2505177678,2508581570,0,243454509,residential,False,,True,85.3593204627593,,,,,,,
2505177678,6634718717,0,243079628,tertiary,False,,False,84.69177935645708,ถนนเพชรเกษม ซอย 8/2,,,,,,
2505177678,2505177701,0,243079628,tertiary,False,,True,103.20044167301437,ถนนเพชรเกษม ซอย 8/2,,,,,,
2505177693,796747470,0,243079685,primary_link,False,,True,11.149291720654837,,,,,,,
2505177693,2505177648,0,243079803,primary,True,,False,305.53182361258257,ถนนกาญจนวณิชย์,3,,,,,
2505177701,2508581836,0,243454391,residential,False,,False,109.18903982732057,Thanon Phetkasem Soi 10/10,,,,,,
2505177701,2505177678,0,243079628,tertiary,False,,False,103.20044167301437,ถนนเพชรเกษม ซอย 8/2,,,,,,
2505177701,1421027860,0,243079628,tertiary,False,,True,118.6498307906254,ถนนเพชรเกษม ซอย 8/2,,,,,,
2505177708,8524036354,0,128632939,residential,False,,True,7.251309112597491,Thanon Phetkasem Soi 10,,,,,,
2505177708,1421027860,0,243079628,tertiary,False,,False,19.7211890950092,ถนนเพชรเกษม ซอย 8/2,,,,,,
2505177708,2505177713,0,243079762,residential,False,,True,49.37432117194721,,,,,,,
2505177713,2505177708,0,243079762,residential,False,,False,49.37432117194721,,,,,,,
2505177713,2507401921,0,243079762,residential,False,,True,454.59319748686903,,,,,,,
2505177713,8524036352,0,243454179,residential,False,,False,134.69758067831816,,,,,,,
2505177759,985092459,0,84842972,tertiary,False,,True,22.62365472243255,ถนนรัถการ,2,,,,,
2505177759,1431867132,0,84842972,tertiary,False,,False,174.14012480178252,ถนนรัถการ,2,,,,,
2505177835,13339847323,0,243079784,tertiary,True,สข.5061,False,18.588334522776293,ถนนนวลแก้วอุทิศ,,,,,,
2505177835,796747667,0,970029499,primary,True,,False,10.044452952990897,ถนนกาญจนวณิชย์,3,,,,,
2505177837,2508583514,0,243079624,tertiary,False,สข.5061,False,40.51093459339503,ถนนนวลแก้วอุทิศ,,,,,,
2505177837,2508583989,0,243453946,residential,False,,True,106.86083334260334,Soi 2 Pisut Panee,,,,,,
2505177837,2508583568,0,324267212,tertiary,True,สข.5061,False,39.725429066401304,ถนนนวลแก้วอุทิศ,,,,,,
2505177940,1430652323,0,700892601,unclassified,False,,True,11.374076847885243,,,,,,,
2505177940,2508585858,0,970029499,primary,True,,False,188.43904090897357,ถนนกาญจนวณิชย์,3,,,,,
2505178056,1430652314,0,129731552,primary_link,False,,False,16.751494874436172,,,,,,,
2505178056,2508586292,0,970029499,primary,True,,False,100.79371733138805,ถนนกาญจนวณิชย์,3,,,,,
2506085058,485546733,0,959988786,secondary,True,4135,False,29.644717299413898,,,,,,,
2506085058,1196108922,0,243188628,secondary_link,True,,False,57.14018959106299,,,,,,,
2506085194,2505175783,0,"[102026768, 1075535367]",secondary,True,4287,False,187.89721603299554,ถนนเพชรเกษม,,,,,,
2506085475,1680667233,0,95533432,tertiary,False,,False,15.666718022855868,ถนนหอยมุกต์,,,,,,
2506085475,2506085476,0,95533432,tertiary,False,,True,34.409587436499145,ถนนหอยมุกต์,,,,,,
2506085475,2506085493,0,243188458,residential,False,,False,108.71819653848644,,,,,,,
2506085476,2506085475,0,95533432,tertiary,False,,False,34.409587436499145,ถนนหอยมุกต์,,,,,,
2506085476,1110416454,0,95533432,tertiary,False,,True,25.109009301168026,ถนนหอยมุกต์,,,,,,
2506085476,2506085486,0,243188318,residential,False,,True,74.66852645181207,,,,,,,
2506085486,2506085476,0,243188318,residential,False,,False,74.66852645181207,,,,,,,
2506085487,2506085493,0,243188607,residential,False,,True,12.674429383186913,,,,,,,
2506085490,1680667409,0,243188199,residential,False,,True,34.525419603757406,,,,,,,
2506085493,2506085475,0,243188458,residential,False,,True,108.71819653848644,,,,,,,
2506085493,2506085487,0,243188607,residential,False,,False,12.674429383186913,,,,,,,
2506085493,2506085508,0,243188607,residential,False,,True,37.05096699905967,,,,,,,
2506085496,2052547073,0,40264697,tertiary,True,,False,31.330697998241497,ถนนธรรมนูญวิถี,2,,,,,
2506085496,4900465472,0,243188064,residential,True,,False,56.70531473523082,Thanon Paradorn,,,,,,
2506085499,1110416568,0,40264697,tertiary,True,,False,28.02450253272111,ถนนธรรมนูญวิถี,2,,,,,
2506085499,4900465473,0,243188465,residential,False,,True,52.498564222698015,Thanon Pracharom,,,,,,
2506085508,2506085493,0,243188607,residential,False,,False,37.05096699905967,,,,,,,
2506085508,1558314142,0,706094740,residential,False,,True,184.0741980270816,ถนนสามชัย,,,,,,
2506085508,1558997825,0,706094742,residential,False,,True,140.02394999297925,ถนนสามชัย,,,,,,
2506085525,8976429009,0,969757851,tertiary,True,,False,26.33659621698516,ถนนธรรมนูญวิถี,,,,,,
2506085525,1115585463,0,243188024,residential,False,,True,407.9540065321044,,,,,,,
2506085555,1107926537,0,243188741,residential,False,,True,126.45310375891617,,,,,,,
2506085555,2506085631,0,243188499,residential,False,,False,77.39268232466753,,,,,,,
2506085555,4900465999,0,"[243188741, 498671678]",residential,False,,False,222.38485428652777,,,,,,,
2506085572,2506085595,0,243188559,residential,False,,False,35.09201965838414,,,,,,,
2506085572,1680668031,0,706335018,residential,False,,False,35.06688630209164,Thanon Rajburana,,,,,,
2506085572,1680668117,0,706335018,residential,False,,True,54.49344062945301,Thanon Rajburana,,,,,,
2506085573,2506085618,0,706335015,residential,False,,True,64.75882017225263,Soi 2 Suttihansa Road,,,,,,
2506085584,2506085629,0,243188412,residential,False,,True,66.81516563445255,,,,,,,
2506085585,2506085632,0,706335014,residential,False,,True,69.00139060698123,Soi 4 Suttihansa Road,,,,,,
2506085595,2506085638,0,243188559,residential,False,,False,71.23087841781242,,,,,,,
2506085595,2506085572,0,243188559,residential,False,,True,35.09201965838414,,,,,,,
2506085595,2506086148,0,"[243188539, 243188717]",residential,False,,"[False, True]",294.7098314896262,Thanon Rajuthit Soi 19,,,,,,
2506085599,2506085618,0,243188025,residential,False,,False,46.691976205586975,Thanon Suttihansa,,,,,,
2506085599,1680667891,0,706341245,tertiary,False,,False,94.16196381823684,ถนนสาครมงคล,,,,,,
2506085599,2506085674,0,706341245,tertiary,False,,True,76.61591435628989,ถนนสาครมงคล,,,,,,
2506085601,2506085677,0,243188643,residential,False,,False,197.10897846506563,,,,,,,
2506085618,2506085632,0,243188025,residential,False,,False,30.56042190549047,Thanon Suttihansa,,,,,,
2506085618,2506085599,0,243188025,residential,False,,True,46.691976205586975,Thanon Suttihansa,,,,,,
2506085618,2506085633,0,243188541,residential,False,,True,19.73368445863532,Soi 1 Suttihansa Road,,,,,,
2506085618,2506085573,0,706335015,residential,False,,False,64.75882017225263,Soi 2 Suttihansa Road,,,,,,
2506085628,1966386254,0,931354569,tertiary,False,,False,51.29833891088788,ถนนประชาธิปัตย์,,,,,,
2506085628,2506085647,0,931354569,tertiary,False,,True,45.420879052960515,ถนนประชาธิปัตย์,,,,,,
2506085629,2506085584,0,243188412,residential,False,,False,66.81516563445255,,,,,,,
2506085629,2506085656,0,243188412,residential,False,,True,24.023363697290105,,,,,,,
2506085629,2506085638,0,243188632,residential,False,,False,23.754868854466107,,,,,,,
2506085631,2506085642,0,243188499,residential,False,,False,9.78973082120345,,,,,,,
2506085631,4900465999,0,498671616,residential,False,,True,171.01203325539245,Thanon Prachathipat Soi 3,,,,,,
2506085631,1107926639,0,243188351,residential,False,,False,119.44515112650768,Thanon Prachathipat Soi 3,,,,,,
2506085631,2506085555,0,243188499,residential,False,,True,77.39268232466753,,,,,,,
2506085632,2506085656,0,243188025,residential,False,,False,30.95614703586461,Thanon Suttihansa,,,,,,
2506085632,2506085618,0,243188025,residential,False,,True,30.56042190549047,Thanon Suttihansa,,,,,,
2506085632,2506085663,0,243188461,residential,False,,True,23.703435680948353,,,,,,,
2506085632,2506085585,0,706335014,residential,False,,False,69.00139060698123,Soi 4 Suttihansa Road,,,,,,
2506085633,2506085618,0,243188541,residential,False,,False,19.73368445863532,Soi 1 Suttihansa Road,,,,,,
2506085638,2506085595,0,243188559,residential,False,,True,71.23087841781242,,,,,,,
2506085638,2506085629,0,243188632,residential,False,,True,23.754868854466107,,,,,,,
2506085638,2506086148,0,243188632,residential,False,,False,271.8936904811906,,,,,,,
2506085642,2506085631,0,243188499,residential,False,,True,9.78973082120345,,,,,,,
2506085642,4900465707,0,498671639,residential,True,,False,88.54583580649805,,,,,,,
2506085647,13424220808,0,931354569,tertiary,False,,True,10.297649680997756,ถนนประชาธิปัตย์,,,,,,
2506085647,4900465473,0,243188465,residential,False,,False,178.29127126402028,Thanon Pracharom,,,,,,
2506085647,2506085628,0,931354569,tertiary,False,,False,45.420879052960515,ถนนประชาธิปัตย์,,,,,,
2506085648,2505176125,0,"[1271342643, 1216769237]",secondary,True,,False,57.730535181265125,ถนนเพชรเกษม,,,,,,
2506085648,2506085829,0,1469710818,tertiary,False,,False,91.37867026529594,ถนนเพชรเกษม ซอย 18,,,,,,
2506085653,2506085677,0,243188353,residential,False,,False,52.13086445714284,,,,,,,
2506085653,1680667759,0,155690963,residential,False,,False,310.12132433289065,,,,,,,
2506085653,2506086156,0,155690963,residential,False,,True,186.19338105142114,,,,,,,
2506085656,2506085680,0,243188025,residential,False,,False,30.555154721607593,Thanon Suttihansa,,,,,,
2506085656,2506085632,0,243188025,residential,False,,True,30.95614703586461,Thanon Suttihansa,,,,,,
2506085656,2506085685,0,243188060,residential,False,,True,28.19461066035679,Soi 5 Suttihansa Road,,,,,,
2506085656,2506085629,0,243188412,residential,False,,False,24.023363697290105,,,,,,,
2506085663,2506085632,0,243188461,residential,False,,False,23.703435680948353,,,,,,,
2506085670,2506085849,0,243188447,residential,False,,False,85.16730012454849,Soi Duangchan,,,,,,
2506085674,2506085748,0,706341245,tertiary,False,,True,43.93142151924898,ถนนสาครมงคล,,,,,,
2506085674,2506085924,0,"[497502939, 243188156, 243188502, 567178127]",residential,False,,"[False, True]",420.608492443596,"['Soi 11 Suttihansa Road', 'Soi 1 Sakormmongkol']",,,,,,
2506085674,2506085599,0,706341245,tertiary,False,,False,76.61591435628989,ถนนสาครมงคล,,,,,,
2506085677,2506085653,0,243188353,residential,False,,True,52.13086445714284,,,,,,,
2506085677,2506085601,0,243188643,residential,False,,True,197.10897846506563,,,,,,,
2506085677,2506086032,0,243188643,residential,False,,False,128.83660853262109,,,,,,,
2506085680,2506085696,0,243188025,residential,False,,False,31.509409642950867,Thanon Suttihansa,,,,,,
2506085680,2506085656,0,243188025,residential,False,,True,30.555154721607593,Thanon Suttihansa,,,,,,
2506085680,2506085730,0,243188170,residential,False,,True,30.07408045574569,,,,,,,
2506085684,8634028445,0,931312428,tertiary,True,,False,7.230040854310397,ถนนราษฏร์อุทิศ,,,,,,
2506085684,1680667364,0,155690516,residential,False,,True,372.1850498773582,,,,,,,
2506085685,2506085656,0,243188060,residential,False,,False,28.19461066035679,Soi 5 Suttihansa Road,,,,,,
2506085690,2506086151,0,243188561,residential,False,,False,153.48380329466423,,,,,,,
2506085690,1123399706,0,969757849,tertiary,False,,True,55.554988964430585,ถนนประชาธิปัตย์,,,,,,
2506085690,856214503,0,931354569,tertiary,False,,False,52.021116886497495,ถนนประชาธิปัตย์,,,,,,
2506085692,1680667759,0,155690747,residential,False,,True,277.8144042568405,,,,,,,
2506085694,4501548849,0,155690978,residential,False,,False,101.42442312379035,,,,,,,
2506085694,4919945019,0,155690978,residential,False,,True,187.31160428009562,,,,,,,
2506085696,2506085774,0,243188025,residential,False,,False,31.266927295646397,Thanon Suttihansa,,,,,,
2506085696,2506085680,0,243188025,residential,False,,True,31.509409642950867,Thanon Suttihansa,,,,,,
2506085696,2506085808,0,243188141,residential,False,,True,35.431042179339585,,,,,,,
2506085716,620881567,0,1315837498,tertiary,True,,False,128.76733300923945,ถนนนิพัทธ์อุทิศ 1,3,,,,,
2506085730,2506085680,0,243188170,residential,False,,False,30.07408045574569,,,,,,,
2506085743,2506086358,0,706322389,tertiary,False,,True,158.59475363271824,Chokesamam 1 Road,,,,,,
2506085743,1369020962,0,962795388,tertiary,False,,False,101.0578136710829,Chokesamam 1 Road,,,,,,
2506085743,8642948011,0,"[243188524, 962795389]",residential,False,,True,65.14273012831576,,,,,,,
2506085748,2506086027,0,243188331,residential,False,,False,117.4334110361739,Soi 2 Sakormmongkol,,,,,,
2506085748,2506085674,0,706341245,tertiary,False,,False,43.93142151924898,ถนนสาครมงคล,,,,,,
2506085748,6636975120,0,706341245,tertiary,False,,True,47.88901751753691,ถนนสาครมงคล,,,,,,
2506085774,2506085813,0,243188025,residential,False,,False,29.61331887695162,Thanon Suttihansa,,,,,,
2506085774,2506085696,0,243188025,residential,False,,True,31.266927295646397,Thanon Suttihansa,,,,,,
2506085774,2506085860,0,243188293,residential,False,,True,43.573102359283816,,,,,,,
2506085784,485580845,0,40264696,tertiary,True,,False,55.62695940476206,ถนนนิพัทธ์อุทิศ 2,3,,,,,
2506085784,2506085716,0,72016650,residential,True,,False,79.50525484999228,Thanong Duangchan,,,,,,
2506085784,856214578,0,684714761,residential,True,,False,63.05763867616069,Thanon Duangchan,,,,,,
2506085805,2506085821,0,40264698,residential,False,,True,16.29038258721454,,,,,,,
2506085805,4900465380,0,40264698,residential,False,,False,104.0562002237846,,,,,,,
2506085808,2506085696,0,243188141,residential,False,,False,35.431042179339585,,,,,,,
2506085813,2506085831,0,243188025,residential,False,,False,26.818169480958122,Thanon Suttihansa,,,,,,
2506085813,2506085774,0,243188025,residential,False,,True,29.61331887695162,Thanon Suttihansa,,,,,,
2506085813,2506085984,0,243188239,residential,False,,True,45.404559475310265,,,,,,,
2506085819,2506085805,0,952598321,unclassified,True,,False,91.08718653930788,,,,,,,
2506085819,4900465381,0,706096638,residential,False,,True,104.87738369738983,ถนนรัถการ,,,,,,
2506085820,1680667832,0,155690790,residential,False,,True,309.8665065570378,,,,,,,
2506085821,2506085805,0,40264698,residential,False,,False,16.29038258721454,,,,,,,
2506085821,2506085878,0,952598319,tertiary,True,,False,86.92005433384728,ถนนศุภสารรังสรรค์,,,,,,
2506085821,2506088012,0,706102886,residential,False,,True,397.2666043354736,Complex Community Zone,,,,,,
2506085824,2506086133,0,243188533,residential,False,,False,66.24417373813647,Soi 2 Rajburna,,,,,,
2506085829,2506085930,0,243188176,residential,False,,False,75.88654591336604,,,,,,,
2506085829,2506086159,0,1469710818,tertiary,False,,False,71.07993657058734,ถนนเพชรเกษม ซอย 18,,,,,,
2506085829,4900465089,0,498671439,residential,False,,True,82.02752108004083,,,,,,,
2506085829,2506085648,0,1469710818,tertiary,False,,True,91.37867026529594,ถนนเพชรเกษม ซอย 18,,,,,,
2506085831,2506085924,0,243188025,residential,False,,False,28.74805891052113,Thanon Suttihansa,,,,,,
2506085831,2506085813,0,243188025,residential,False,,True,26.818169480958122,Thanon Suttihansa,,,,,,
2506085831,2506086085,0,243188076,residential,False,,True,45.97075024744929,Soi 10 Suttihansa Road,,,,,,
2506085849,2506085670,0,243188447,residential,False,,True,85.16730012454849,Soi Duangchan,,,,,,
2506085849,1107784879,0,684714761,residential,True,,False,64.29752984999661,Thanon Duangchan,,,,,,
2506085849,2506086181,0,911123067,residential,True,,False,80.35312918328844,Soi Duangchan,,,,,,
2506085860,2506085774,0,243188293,residential,False,,False,43.573102359283816,,,,,,,
2506085878,620881568,0,685375581,tertiary,True,,False,89.82139972084751,ถนนศุภสารรังสรรค์,,,,,,
2506085878,4900465287,0,952598318,tertiary,False,,False,105.78876442616806,ถนนรัถการ,2,,,,,
2506085924,2506086038,0,243188025,residential,False,,False,36.38340240445304,Thanon Suttihansa,,,,,,
2506085924,2506085831,0,243188025,residential,False,,True,28.74805891052113,Thanon Suttihansa,,,,,,
2506085924,2506085674,0,"[497502939, 243188156, 243188502, 567178127]",residential,False,,"[False, True]",420.608492443596,"['Soi 11 Suttihansa Road', 'Soi 1 Sakormmongkol']",,,,,,
2506085930,2506085829,0,243188176,residential,False,,True,75.88654591336604,,,,,,,
2506085984,2506085813,0,243188239,residential,False,,False,45.404559475310265,,,,,,,
2506085990,2506085990,0,243188730,residential,False,,False,121.9637662231589,,,,,,,
2506085990,2506085990,1,243188730,residential,False,,True,121.96376622315888,,,,,,,
2506085990,4919945019,0,"[243188730, 501094739]",residential,False,,True,133.14023012726474,,,,yes,,,
2506086027,2506085748,0,243188331,residential,False,,True,117.4334110361739,Soi 2 Sakormmongkol,,,,,,
2506086032,2506086156,0,243188784,tertiary,True,,False,40.43749274205763,ถนนราษฏร์อุทิศ,,,,,,
2506086032,8634028447,0,931256581,tertiary_link,False,,False,8.131083491929354,,,,,,,
2506086032,2506085677,0,243188643,residential,False,,True,128.83660853262109,,,,,,,
2506086038,4890612815,0,243188025,residential,False,,False,26.561091556092528,Thanon Suttihansa,,,,,,
2506086038,2506085924,0,243188025,residential,False,,True,36.38340240445304,Thanon Suttihansa,,,,,,
2506086038,2506086487,0,243188573,residential,False,,True,111.42762630660081,,,,,,,
2506086085,2506085831,0,243188076,residential,False,,False,45.97075024744929,Soi 10 Suttihansa Road,,,,,,
2506086108,2506086161,0,243188095,residential,False,,True,15.884430545579693,,,,,,,
2506086133,2506086161,0,155690815,residential,False,,True,49.22565941768424,Thanon Rathboonrana,,,,,,
2506086133,1680668117,0,155690815,residential,False,,False,285.79092528302886,Thanon Rathboonrana,,,,,,
2506086133,2506085824,0,243188533,residential,False,,True,66.24417373813647,Soi 2 Rajburna,,,,,,
2506086148,2506086353,0,243188539,residential,False,,False,58.66586846396222,,,,,,,
2506086148,2506085595,0,"[243188539, 243188717]",residential,False,,"[False, True]",294.7098314896262,Thanon Rajuthit Soi 19,,,,,,
2506086148,2506085638,0,243188632,residential,False,,True,271.8936904811906,,,,,,,
2506086151,2506085690,0,243188561,residential,False,,True,153.48380329466423,,,,,,,
2506086154,2506086755,0,1207337925,residential,False,,True,172.99545981344633,Thanon Rajuthit Soi 19,,,,,,
2506086156,2506086300,0,243188784,tertiary,True,,False,45.268775485659305,ถนนราษฏร์อุทิศ,,,,,,
2506086156,2506085653,0,155690963,residential,False,,False,186.19338105142114,,,,,,,
2506086159,2506085829,0,1469710818,tertiary,False,,True,71.07993657058734,ถนนเพชรเกษม ซอย 18,,,,,,
2506086159,2506086358,0,243188494,tertiary,False,,False,247.9937222865357,ซอยปานอนุสรณ์,,,,,,
2506086159,13434451560,0,243188729,tertiary,False,,False,40.957795244467974,ซอยโชคสมานคุณ 1,,,,,,
2506086161,2506086133,0,155690815,residential,False,,False,49.22565941768424,Thanon Rathboonrana,,,,,,
2506086161,2506086300,0,155690815,residential,False,,True,76.87130223462066,Thanon Rathboonrana,,,,,,
2506086161,2506086108,0,243188095,residential,False,,False,15.884430545579693,,,,,,,
2506086175,2506086421,0,243188032,residential,False,,True,32.89859011202748,Thanon Chokesaman 4,,,,,,
2506086181,1107784887,0,706104219,tertiary,False,,True,74.21398402030312,ถนนศุภสารรังสรรค์,2,,,,,
2506086181,4085816302,0,706104219,tertiary,False,,False,124.53149675609458,ถนนศุภสารรังสรรค์,2,,,,,
2506086294,2506086353,0,243188668,residential,False,,False,31.658051164720835,Thanon Rajuthit Soi 21,,,,,,
2506086294,2506087039,0,243188668,residential,False,,True,81.07872767653727,Thanon Rajuthit Soi 21,,,,,,
2506086294,4890612815,0,"[243188025, 706335013]",residential,False,,True,72.31497597224129,Thanon Suttihansa,,,,,,
2506086300,2506086161,0,155690815,residential,False,,False,76.87130223462066,Thanon Rathboonrana,,,,,,
2506086300,2506086755,0,243188784,tertiary,True,,False,48.27277988966382,ถนนราษฏร์อุทิศ,,,,,,
2506086353,2506086148,0,243188539,residential,False,,True,58.66586846396222,,,,,,,
2506086353,2506086294,0,243188668,residential,False,,True,31.658051164720835,Thanon Rajuthit Soi 21,,,,,,
2506086353,2506087173,0,243188668,residential,False,,False,197.87277179232,Thanon Rajuthit Soi 21,,,,,,
2506086358,2506086159,0,243188494,tertiary,False,,True,247.9937222865357,ซอยปานอนุสรณ์,,,,,,
2506086358,2506085743,0,706322389,tertiary,False,,False,158.59475363271824,Chokesamam 1 Road,,,,,,
2506086358,2506087544,0,706322389,tertiary,False,,True,149.63056149872648,Chokesamam 1 Road,,,,,,
2506086421,2506086175,0,243188032,residential,False,,False,32.89859011202748,Thanon Chokesaman 4,,,,,,
2506086421,2506087009,0,243188032,residential,False,,True,53.61736007475556,Thanon Chokesaman 4,,,,,,
2506086421,13347847656,0,243188684,residential,False,,False,56.43884445112078,,,,,,,
2506086487,2506086038,0,243188573,residential,False,,False,111.42762630660081,,,,,,,
2506086743,2052522376,0,194743656,residential,True,,False,118.73338770041948,Thanon Sang Aretit,,,,,,
2506086743,2506087304,0,243188536,residential,False,,True,62.300190072120216,,,,,,,
2506086755,2506086154,0,1207337925,residential,False,,False,172.99545981344633,Thanon Rajuthit Soi 19,,,,,,
2506086755,2506087173,0,243188784,tertiary,True,,False,48.72749381039846,ถนนราษฏร์อุทิศ,,,,,,
2506086795,1966399248,0,706104219,tertiary,False,,False,50.78120088033415,ถนนศุภสารรังสรรค์,2,,,,,
2506086795,2506086831,0,706104219,tertiary,False,,True,52.46372416050582,ถนนศุภสารรังสรรค์,2,,,,,
2506086795,2506088002,0,243188563,residential,False,,False,228.9858674247466,Thanon Sangsri 6,,,,,,
2506086807,2506087402,0,243188729,tertiary,False,,False,88.23040578904745,ซอยโชคสมานคุณ 1,,,,,,
2506086807,13434451560,0,243188729,tertiary,False,,True,52.03038350669494,ซอยโชคสมานคุณ 1,,,,,,
2506086807,8634015011,0,243188716,residential,False,,False,314.3439422878259,ถนนราษฎร์อุทิศ ซอย 22,,,,,,
2506086831,4900466448,0,498671388,residential,False,,False,93.43798597669053,Thanon Prachathipat 2,,,,,,
2506086831,2506086795,0,706104219,tertiary,False,,False,52.46372416050582,ถนนศุภสารรังสรรค์,2,,,,,
2506086831,4900464597,0,706104219,tertiary,False,,True,92.10773670809502,ถนนศุภสารรังสรรค์,2,,,,,
2506086906,2506087114,0,243188265,residential,False,,False,170.78138348430102,ถนนฉัยยากุล,,,,,,
2506086906,4900464591,0,498671412,residential,False,,True,46.5802411556682,,,,,,,
2506086906,1108909586,0,952598318,tertiary,False,,False,58.295801534407985,ถนนรัถการ,2,,,,,
2506086906,4900465287,0,952598318,tertiary,False,,True,50.70425938825857,ถนนรัถการ,2,,,,,
2506087009,2506086421,0,243188032,residential,False,,False,53.61736007475556,Thanon Chokesaman 4,,,,,,
2506087009,13347847625,0,243188032,residential,False,,True,32.43100879910632,Thanon Chokesaman 4,,,,,,
2506087009,2506087161,0,243188146,residential,False,,False,69.92234776555648,,,,,,,
2506087028,1612097195,0,1206800206,secondary,True,,False,167.32226204654037,ถนนเพชรเกษม,3,,,,,
2506087039,2506086294,0,243188668,residential,False,,False,81.07872767653727,Thanon Rajuthit Soi 21,,,,,,
2506087039,4890613040,0,497502603,residential,False,,False,222.57013169704797,,,,,,,
2506087039,8935428518,0,965881254,residential,False,,False,43.68807511889236,,,,,,,
2506087114,2506086906,0,243188265,residential,False,,True,170.78138348430102,ถนนฉัยยากุล,,,,,,
2506087114,2506087487,0,77967084,secondary,True,,False,70.97678961098724,ถนนเพชรเกษม,,,,,,
2506087126,8348355063,0,243188038,residential,False,,False,11.92111990065729,,,,,,,
2506087126,8348355065,0,243188038,residential,False,,True,29.030060051606213,,,,,,,
2506087126,12204696137,0,243188360,residential,False,,True,94.52779485969927,,,,,,,
2506087136,5149825984,0,72016745,tertiary,False,,False,28.096575885386518,ถนนศุภสารรังสรรค์,,,,,,
2506087136,13472440775,0,72016745,tertiary,False,,True,47.87924621295051,ถนนศุภสารรังสรรค์,,,,,,
2506087136,4900465451,0,498671569,residential,False,,True,54.35115099793274,,,,,,,
2506087136,2506088404,0,243188585,residential,False,,False,300.65400455958,Soi 5 Suphasarnrangsan Road,,,,,,
2506087161,2506087438,0,243188684,residential,False,,False,50.81113937360186,,,,,,,
2506087161,2506087009,0,243188146,residential,False,,True,69.92234776555648,,,,,,,
2506087161,13347847656,0,243188684,residential,False,,True,66.74367633013014,,,,,,,
2506087173,2506086353,0,243188668,residential,False,,True,197.87277179232,Thanon Rajuthit Soi 21,,,,,,
2506087173,4890613040,0,243188784,tertiary,True,,False,64.70652739782145,ถนนราษฏร์อุทิศ,,,,,,
2506087252,2506087304,0,243188103,residential,False,,True,37.67293896174983,,,,,,,
2506087282,2506087372,0,243188038,residential,False,,False,41.75353463238252,,,,,,,
2506087282,8348355063,0,243188038,residential,False,,True,36.400852465071154,,,,,,,
2506087282,2506087691,0,243188084,residential,False,,False,93.17503561167504,,,,,,,
2506087304,2506087252,0,243188103,residential,False,,False,37.67293896174983,,,,,,,
2506087304,2506086743,0,243188536,residential,False,,False,62.300190072120216,,,,,,,
2506087304,8348961009,0,243188536,residential,False,,True,24.47227977390044,,,,,,,
2506087366,13347847625,0,243188032,residential,False,,False,20.546485617754872,Thanon Chokesaman 4,,,,,,
2506087366,2506087665,0,243188032,residential,False,,True,53.31800320416293,Thanon Chokesaman 4,,,,,,
2506087366,2506087438,0,243188102,residential,False,,True,69.51617914214063,,,,,,,
2506087372,2506087402,0,243188038,residential,False,,False,15.289210857554748,,,,,,,
2506087372,2506087282,0,243188038,residential,False,,True,41.75353463238252,,,,,,,
2506087372,4900465236,0,243188248,residential,False,,True,77.36087953340845,,,,,,,
2506087402,2506087556,0,243188038,residential,False,,False,58.22518521702026,,,,,,,
2506087402,2506087372,0,243188038,residential,False,,True,15.289210857554748,,,,,,,
2506087402,2506086807,0,243188729,tertiary,False,,True,88.23040578904745,ซอยโชคสมานคุณ 1,,,,,,
2506087432,2506087889,0,95809261,residential,True,,False,85.98127751847096,Thanon Pracharak,,,,,,
2506087432,4900465363,0,498671536,residential,False,,False,77.00544215528988,Soi 1/1 Sophasarnrungsen,,,,,,
2506087432,1110416444,0,1365892748,residential,False,,True,104.97420420202927,Thanon Pracharak,,,,,,
2506087438,2506087366,0,243188102,residential,False,,False,69.51617914214063,,,,,,,
2506087438,2506087703,0,243188684,residential,False,,False,52.620989228396205,,,,,,,
2506087438,2506087161,0,243188684,residential,False,,True,50.81113937360186,,,,,,,
2506087462,8348961008,0,84842974,tertiary,True,,False,32.653088075005655,ถนนนิพัทธ์อุทิศ 3,3,,,,,
2506087462,8523307708,0,243188646,residential,True,,False,6.059583601530597,,,,,,,
2506087487,2506087772,0,77967084,secondary,True,,False,61.3603380461132,ถนนเพชรเกษม,,,,,,
2506087487,1108909586,0,243188200,residential,False,,True,202.7831757810274,ถนนชีวานุสรณ์,,,,,,
2506087509,2506087462,0,84842974,tertiary,True,,False,26.47823291451259,ถนนนิพัทธ์อุทิศ 3,3,,,,,
2506087509,2506087028,0,1206800206,secondary,True,,False,73.18456338244836,ถนนเพชรเกษม,3,,,,,
2506087522,2506087563,0,243188646,residential,True,,False,60.38074966512684,,,,,,,
2506087522,4900465989,0,498671673,residential,False,,True,55.80758073049817,,,,,,,
2506087544,2506087819,0,243188602,residential,False,,False,59.25280848091903,,,,,,,
2506087544,2506087606,0,706322390,tertiary,False,,True,50.804539155827406,Chokesamam 2 Road,,,,,,
2506087544,2506086358,0,706322389,tertiary,False,,False,149.63056149872648,Chokesamam 1 Road,,,,,,
2506087550,947896964,0,81350005,tertiary,False,,False,78.43644708204805,Tiparat Road,,,,,,
2506087550,947896971,0,81350005,tertiary,False,,True,86.09714877973457,Tiparat Road,,,,,,
2506087550,2506088019,0,243188053,residential,True,,False,271.2844222107307,Soi Phetsaim,,,,,,
2506087556,2506087402,0,243188038,residential,False,,True,58.22518521702026,,,,,,,
2506087556,4900465326,0,498671520,residential,False,,False,40.33376047554056,,,,,,,
2506087556,8643078823,0,243188038,residential,False,,False,44.52473349177829,,,,,,,
2506087563,8348961009,0,243188536,residential,False,,False,29.20429838165476,,,,,,,
2506087563,6634655051,0,1316153439,residential,False,,False,8.807933806180781,,,,,,,
2506087592,2506087962,0,243188208,residential,False,,False,94.19186229041449,,,,,,,
2506087606,2506087544,0,706322390,tertiary,False,,False,50.804539155827406,Chokesamam 2 Road,,,,,,
2506087606,2506087665,0,706322390,tertiary,False,,True,49.51125924401063,Chokesamam 2 Road,,,,,,
2506087606,2506087960,0,706326985,residential,False,,True,83.48075279470773,Thanon Chokesaman 3,,,,,,
2506087665,2506087366,0,243188032,residential,False,,False,53.31800320416293,Thanon Chokesaman 4,,,,,,
2506087665,2506087606,0,706322390,tertiary,False,,False,49.51125924401063,Chokesamam 2 Road,,,,,,
2506087665,2506087703,0,706322390,tertiary,False,,True,71.4519127106682,Chokesamam 2 Road,,,,,,
2506087665,2506088217,0,243188032,residential,False,,True,159.6233732348181,Thanon Chokesaman 4,,,,,,
2506087677,2506087925,0,243188038,residential,False,,True,46.82067925550499,,,,,,,
2506087677,4900465240,0,243188038,residential,False,,False,113.5664989105369,,,,,,,
2506087677,4900466012,0,"[498671683, 243188747]",residential,False,,"[False, True]",189.04030369111592,Thanon Salee Soi 2,,,,,,
2506087677,2506087900,0,243188747,residential,False,,True,139.96559794440427,,,,,,,
2506087691,2506087282,0,243188084,residential,False,,True,93.17503561167504,,,,,,,
2506087703,2506087438,0,243188684,residential,False,,True,52.620989228396205,,,,,,,
2506087703,2506087665,0,706322390,tertiary,False,,False,71.4519127106682,Chokesamam 2 Road,,,,,,
2506087703,2506088197,0,243188707,tertiary,False,,True,147.00115107670698,Thanon Chokesaman 5,,,,,,
2506087709,2506087509,0,77967090,secondary,True,,False,57.63728327109536,ถนนเพชรเกษม,3,,,,,
2506087709,6634630596,0,243188174,residential,False,,False,32.07748774627526,Tiparat Road,,,,,,
2506087772,985092239,0,77967084,secondary,True,,False,52.44976524727328,ถนนเพชรเกษม,,,,,,
2506087772,2506087832,0,243188061,residential,False,,True,229.33539545265518,ถนนเชื่อมรัฐ,,,,,,
2506087810,2506087863,0,243188527,residential,True,,False,77.63345720770045,Soi Watthayorn,,,,,,
2506087810,947896956,0,706093506,residential,True,,False,79.40270849093218,Thanon Sangchan,,,,,,
2506087819,2506087956,0,243188602,residential,False,,False,29.184884193451744,,,,,,,
2506087819,2506087544,0,243188602,residential,False,,True,59.25280848091903,,,,,,,
2506087819,8643078823,0,243188038,residential,False,,True,157.5854770468473,,,,,,,
2506087832,2506087772,0,243188061,residential,False,,False,229.33539545265518,ถนนเชื่อมรัฐ,,,,,,
2506087832,6822890779,0,952598318,tertiary,False,,False,9.920849123019893,ถนนรัถการ,2,,,,,
2506087832,13347725404,0,952598318,tertiary,False,,True,61.516425613403825,ถนนรัถการ,2,,,,,
2506087863,2506087889,0,706103887,residential,False,,False,77.03130593291313,Soi Watthayorn,,,,,,
2506087863,4900465363,0,95809268,residential,True,,False,81.31418395291632,Thanon Suphassrnrangsan Soi 1,,,,,,
2506087889,2506087968,0,95809261,residential,True,,False,28.43731405569203,Thanon Pracharak,,,,,,
2506087889,2506087863,0,706103887,residential,False,,True,77.03130593291313,Soi Watthayorn,,,,,,
2506087900,4900465236,0,243188248,residential,False,,False,27.541876540674732,,,,,,,
2506087900,2506087677,0,243188747,residential,False,,False,139.96559794440427,,,,,,,
2506087900,2506088013,0,243188747,residential,False,,True,274.11865660656025,,,,,,,
2506087925,2506087677,0,243188038,residential,False,,False,46.82067925550499,,,,,,,
2506087925,2506088001,0,243188038,residential,False,,True,44.0414607245771,,,,,,,
2506087925,2506088232,0,243188746,residential,False,,False,486.38249858398035,Thanon Chokesaman 5 Soi 4,,,,,,
2506087955,2506087863,0,95809268,residential,True,,False,30.7879279358905,Thanon Suphassrnrangsan Soi 1,,,,,,
2506087955,2506087968,0,243188505,residential,False,,False,72.88695274990641,,,,,,,
2506087956,2506088013,0,243188602,residential,False,,False,52.160934952646706,,,,,,,
2506087956,2506087819,0,243188602,residential,False,,True,29.184884193451744,,,,,,,
2506087956,2506087960,0,243188272,residential,False,,True,64.88079944598697,,,,,,,
2506087957,1369020943,0,243188283,residential,False,,True,94.25683556977724,Soi Boonraj 4,,,,,,
2506087960,2506087956,0,243188272,residential,False,,False,64.88079944598697,,,,,,,
2506087960,2506087606,0,706326985,residential,False,,False,83.48075279470773,Thanon Chokesaman 3,,,,,,
2506087960,2506088014,0,706326985,residential,False,,True,40.23513661165043,Thanon Chokesaman 3,,,,,,
2506087962,2506087592,0,243188208,residential,False,,True,94.19186229041449,,,,,,,
2506087962,8523431064,0,706104217,residential,False,,True,20.22611589925066,ถนนเเสงศรี,,,,,,
2506087962,947896950,0,706104217,residential,False,,False,46.201331956743836,ถนนเเสงศรี,,,,,,
2506087963,2506088067,0,95637138,residential,False,,False,46.02887963096914,ถนนสาครมงคล ซอย 3,,,,,,
2506087963,4890612839,0,"[497502945, 95637138]",residential,False,,"[False, True]",214.40925318509107,ถนนสาครมงคล ซอย 3,,,,,,
2506087963,4890612469,0,"[497502946, 497502788]",residential,False,,True,152.6472442337377,,,,,,,
2506087968,2506088039,0,95809261,residential,True,,False,52.235677609423554,Thanon Pracharak,,,,,,
2506087968,2506087955,0,243188505,residential,False,,True,72.88695274990641,,,,,,,
2506087987,947896956,0,706104217,residential,False,,True,65.20419583475406,ถนนเเสงศรี,,,,,,
2506087987,916327912,0,"[243188576, 498671328]",residential,False,,"[False, True]",177.94253524651654,,,,,,,
2506087987,4900465989,0,"[706095306, 243188174]",residential,False,,"[False, True]",108.27820274733827,Tiparat Road,,,,,,
2506087987,6634630594,0,706104217,residential,False,,False,72.9024551217819,ถนนเเสงศรี,,,,,,
2506088001,4893016630,0,243188038,residential,False,,True,29.185557487391545,,,,,,,
2506088001,4900465672,0,243188023,residential,False,,True,455.8975341798388,Thanon Chokesaman 5 Soi 5,,,,,,
2506088001,2506087925,0,243188038,residential,False,,False,44.0414607245771,,,,,,,
2506088001,4890612499,0,497502897,residential,False,,True,217.58559313948183,Soi Plubuthit,,,,,,
2506088002,947896950,0,706104217,residential,False,,True,62.41083906998723,ถนนเเสงศรี,,,,,,
2506088002,2506086795,0,243188563,residential,False,,True,228.9858674247466,Thanon Sangsri 6,,,,,,
2506088002,2506088024,0,706104217,residential,False,,False,62.09495220102781,ถนนเเสงศรี,,,,,,
2506088009,12346099054,0,330615829,tertiary,False,,True,7.442976094403008,ถนนศุภสารรังสรรค์ ซอย 3,,,,,,
2506088009,3376091818,0,"[330615844, 330615829]",tertiary,False,,False,16.272344591482415,ถนนศุภสารรังสรรค์ ซอย 3,,,yes,,,
2506088011,2506088023,0,243188139,residential,False,,True,95.58572830559268,Soi Boonraj 3,,,,,,
2506088012,916327777,0,243188333,residential,True,,False,86.0146613538639,,,,,,,
2506088012,2506088227,0,706102886,residential,False,,True,53.14633912264045,Complex Community Zone,,,,,,
2506088012,2506085821,0,706102886,residential,False,,False,397.26660433547363,Complex Community Zone,,,,,,
2506088013,2506087956,0,243188602,residential,False,,True,52.160934952646706,,,,,,,
2506088013,2506088014,0,243188747,residential,False,,True,70.70301497715026,,,,,,,
2506088013,2506087900,0,243188747,residential,False,,False,274.1186566065603,,,,,,,
2506088014,2506088013,0,243188747,residential,False,,False,70.70301497715026,,,,,,,
2506088014,2506088232,0,706326985,residential,False,,True,46.50368178507405,Thanon Chokesaman 3,,,,,,
2506088014,2506087960,0,706326985,residential,False,,False,40.23513661165043,Thanon Chokesaman 3,,,,,,
2506088019,2506088009,0,243188053,residential,True,,False,173.60136260034642,Soi Phetsaim,,,,,,
2506088019,1123399641,0,"[243188212, 1335076429, 243188101]","['unclassified', 'residential']",False,,False,36.03131657026034,Thanon Supasarnrangsan Soi 4/2,2,,yes,,,
2506088023,2506088274,0,122540020,residential,False,,False,78.99438868825149,ถนนเฉลียวอุทิศ,,,,,,
2506088023,1369020943,0,122540020,residential,False,,True,41.69330440687739,ถนนเฉลียวอุทิศ,,,,,,
2506088023,2506088011,0,243188139,residential,False,,False,95.58572830559268,Soi Boonraj 3,,,,,,
2506088024,12339345632,0,706104217,residential,False,,False,20.619012166016283,ถนนเเสงศรี,,,,,,
2506088024,1966399248,0,243188491,residential,False,,False,253.6298444576023,Thanon Prachathipat 1,,,,,,
2506088024,2506088243,0,"[330615760, 1257722737, 330615766]",unclassified,False,,True,41.901972416146975,,,30,yes,,,
2506088024,2506088002,0,706104217,residential,False,,True,62.09495220102781,ถนนเเสงศรี,,,,,,
2506088039,1110416470,0,706104217,residential,False,,False,61.360964768353355,ถนนเเสงศรี,,,,,,
2506088039,8523406713,0,706104217,residential,False,,True,18.320812251079687,ถนนเเสงศรี,,,,,,
2506088067,1108909355,0,95637138,residential,False,,False,50.26073422211313,ถนนสาครมงคล ซอย 3,,,,,,
2506088067,8634634705,0,931329444,residential,False,,True,45.62937712028142,,,,,,,
2506088067,2506087963,0,95637138,residential,False,,True,46.02887963096914,ถนนสาครมงคล ซอย 3,,,,,,
2506088084,12339345632,0,706104217,residential,False,,True,29.48986786943553,ถนนเเสงศรี,,,,,,
2506088084,1140280758,0,706104217,residential,False,,False,48.540517831847424,ถนนเเสงศรี,,,,,,
2506088160,4890612632,0,"[243188008, 497502948]",residential,False,,"[False, True]",251.7753561750131,Thanon Chokesaman 5 Soi 7,,,,,,
2506088160,2506088483,0,243188008,residential,False,,True,245.11846987451122,Thanon Chokesaman 5 Soi 7,,,,,,
2506088160,4893016630,0,243188038,residential,False,,False,22.72076215054569,,,,,,,
2506088197,2506088217,0,243188746,residential,False,,True,69.2328041176692,Thanon Chokesaman 5 Soi 4,,,,,,
2506088197,2506087703,0,243188707,tertiary,False,,False,147.00115107670698,Thanon Chokesaman 5,,,,,,
2506088197,2506088333,0,243188707,tertiary,False,,True,51.07157287869251,Thanon Chokesaman 5,,,,,,
2506088217,2506088308,0,243188032,residential,False,,True,49.66278047151991,Thanon Chokesaman 4,,,,,,
2506088217,2506088197,0,243188746,residential,False,,False,69.2328041176692,Thanon Chokesaman 5 Soi 4,,,,,,
2506088217,2506088232,0,243188746,residential,False,,True,53.570710687244144,Thanon Chokesaman 5 Soi 4,,,,,,
2506088217,2506087665,0,243188032,residential,False,,False,159.6233732348181,Thanon Chokesaman 4,,,,,,
2506088227,916327792,0,243188142,residential,False,,True,85.58973786082484,,,,,,,
2506088227,2506088012,0,706102886,residential,False,,False,53.14633912264045,Complex Community Zone,,,,,,
2506088227,2506088592,0,706102886,residential,False,,True,102.22513294775466,Complex Community Zone,,,,,,
2506088232,2506088217,0,243188746,residential,False,,False,53.570710687244144,Thanon Chokesaman 5 Soi 4,,,,,,
2506088232,2506088014,0,706326985,residential,False,,False,46.50368178507405,Thanon Chokesaman 3,,,,,,
2506088232,2506087925,0,243188746,residential,False,,True,486.38249858398035,Thanon Chokesaman 5 Soi 4,,,,,,
2506088232,2506088316,0,706326985,residential,False,,True,50.57028328919756,Thanon Chokesaman 3,,,,,,
2506088242,2506088310,0,243188304,residential,False,,False,34.794623762372154,,,,,,,
2506088243,1123399715,0,1257722736,unclassified,True,,False,338.5650836079565,,,,,,,
2506088243,2506088024,0,"[330615760, 1257722737, 330615766]",unclassified,False,,False,41.90197241614697,,,30,yes,,,
2506088243,1123399502,0,1257722738,unclassified,True,,False,237.88473916329673,,,,,,,
2506088247,2506088311,0,243188359,residential,False,,True,30.80382546762544,,,,,,,
2506088249,2506088321,0,243188119,residential,False,,True,27.599592896262692,,,,,,,
2506088265,2506088274,0,243188167,residential,False,,True,119.77638536731604,Soi Boonraj 2,,,,,,
2506088273,2506088280,0,243188134,residential,False,,True,51.05666232602946,,,,,,,
2506088273,1123399659,0,243188641,residential,True,,False,41.24331982308272,Thanon Suvanvong,,,,,,
2506088274,2506088528,0,122540020,residential,False,,False,53.85910912790659,ถนนเฉลียวอุทิศ,,,,,,
2506088274,2506088023,0,122540020,residential,False,,True,78.99438868825149,ถนนเฉลียวอุทิศ,,,,,,
2506088274,2506088265,0,243188167,residential,False,,False,119.77638536731604,Soi Boonraj 2,,,,,,
2506088278,8634648992,0,95637138,residential,False,,False,8.604721740073346,ถนนสาครมงคล ซอย 3,,,,,,
2506088278,4890612857,0,243188685,residential,False,,True,54.37453940183822,Soi 3/4 Sakormmongkol 2,,,,,,
2506088278,1108909494,0,95637138,residential,False,,True,30.008708972749886,ถนนสาครมงคล ซอย 3,,,,,,
2506088280,2506088273,0,243188134,residential,False,,False,51.05666232602946,,,,,,,
2506088280,1123399489,0,243188594,residential,True,,False,70.75454023298693,,,,,,,
2506088308,2506088316,0,243188023,residential,False,,False,57.51284871842199,Thanon Chokesaman 5 Soi 5,,,,,,
2506088308,2506088333,0,243188023,residential,False,,True,68.79502215563586,Thanon Chokesaman 5 Soi 5,,,,,,
2506088308,2506088217,0,243188032,residential,False,,False,49.66278047151991,Thanon Chokesaman 4,,,,,,
2506088308,2506088535,0,243188032,residential,False,,True,55.382946663511866,Thanon Chokesaman 4,,,,,,
2506088310,2506088311,0,243188054,residential,False,,False,45.725340655654726,Thanon Rattana Uthit Soi 1,,,,,,
2506088310,2506088321,0,243188054,residential,False,,True,45.333547486146315,Thanon Rattana Uthit Soi 1,,,,,,
2506088310,2506088242,0,243188304,residential,False,,True,34.794623762372154,,,,,,,
2506088311,2506088310,0,243188054,residential,False,,True,45.725340655654726,Thanon Rattana Uthit Soi 1,,,,,,
2506088311,2506088247,0,243188359,residential,False,,False,30.80382546762544,,,,,,,
2506088311,2506088728,0,243188054,residential,False,,False,208.493940985541,Thanon Rattana Uthit Soi 1,,,,,,
2506088316,4900465672,0,243188023,residential,False,,False,34.46672973956882,Thanon Chokesaman 5 Soi 5,,,,,,
2506088316,2506088308,0,243188023,residential,False,,True,57.51284871842199,Thanon Chokesaman 5 Soi 5,,,,,,
2506088316,2506088760,0,706326985,residential,False,,True,84.6589807719737,Thanon Chokesaman 3,,,,,,
2506088316,2506088232,0,706326985,residential,False,,False,50.57028328919756,Thanon Chokesaman 3,,,,,,
2506088321,2506088310,0,243188054,residential,False,,False,45.333547486146315,Thanon Rattana Uthit Soi 1,,,,,,
2506088321,2506088249,0,243188119,residential,False,,False,27.599592896262692,,,,,,,
2506088321,8643108429,0,"[497502602, 243188054]",residential,False,,"[False, True]",159.42418079830094,Thanon Rattana Uthit Soi 1,,,,,,
2506088333,2506088308,0,243188023,residential,False,,False,68.79502215563586,Thanon Chokesaman 5 Soi 5,,,,,,
2506088333,2506088559,0,243188707,tertiary,False,,True,50.35593419809601,Thanon Chokesaman 5,,,,,,
2506088333,2506088197,0,243188707,tertiary,False,,False,51.07157287869251,Thanon Chokesaman 5,,,,,,
2506088404,1107926561,0,243188585,residential,False,,False,93.2926458835223,Soi 5 Suphasarnrangsan Road,,,,,,
2506088404,6634656806,0,706100779,residential,False,,True,38.92760857113819,,,,,,,
2506088404,2506087136,0,243188585,residential,False,,True,300.65400455958,Soi 5 Suphasarnrangsan Road,,,,,,
2506088476,947896956,0,706095305,residential,False,,True,89.89032141494113,Thanon Sangchan,,,,,,
2506088483,2506088728,0,243188382,unclassified,False,,False,47.151880904997,,,,,,,
2506088483,2506088160,0,243188008,residential,False,,False,245.11846987451122,Thanon Chokesaman 5 Soi 7,,,,,,
2506088483,2506088760,0,243188008,residential,False,,True,240.70061047774138,Thanon Chokesaman 5 Soi 7,,,,,,
2506088491,12346099051,0,243188389,residential,False,,True,32.95602934887531,,,,,,,
2506088491,4900465517,0,498671589,residential,False,,True,115.85239445504477,Thanon Sangsri Soi 3,,,,,,
2506088491,2506090118,0,243188389,residential,False,,False,293.75168682655936,,,,,,,
2506088492,2506088509,0,243188508,residential,False,,True,48.03575406184709,,,,,,,
2506088492,6634656806,0,243188552,residential,False,,True,20.287428478406476,Kullawat,,,,,,
2506088492,1107926940,0,243188552,residential,False,,False,86.11846985830145,Kullawat,,,,,,
2506088507,2506088528,0,243188092,residential,False,,True,88.51912750879457,Soi Boonraj 1,,,,,,
2506088509,2506088492,0,243188508,residential,False,,False,48.03575406184709,,,,,,,
2506088509,2506088518,0,243188508,residential,False,,True,39.920032228210495,,,,,,,
2506088509,1123399641,0,243188212,residential,False,,True,89.7866297741582,Thanon Supasarnrangsan Soi 4/2,2,,,,,
2506088518,2506088509,0,243188508,residential,False,,False,39.920032228210495,,,,,,,
2506088518,1123399483,0,243188565,residential,False,,False,90.3090960578046,Thanon Supasarnrangsan Soi 4/3,2,,,,,
2506088518,6634655045,0,243188565,residential,False,,True,41.711496680981575,Thanon Supasarnrangsan Soi 4/3,2,,,,,
2506088527,1108909355,0,95637137,residential,False,,True,249.89507474269953,ถนนศรนรินทร์,,,,,,
2506088527,2506089421,0,243188784,tertiary,True,,False,155.48390364922608,ถนนราษฏร์อุทิศ,,,,,,
2506088528,1369020942,0,122540020,residential,False,,False,24.24377042086865,ถนนเฉลียวอุทิศ,,,,,,
2506088528,2506088274,0,122540020,residential,False,,True,53.85910912790659,ถนนเฉลียวอุทิศ,,,,,,
2506088528,2506088507,0,243188092,residential,False,,False,88.51912750879457,Soi Boonraj 1,,,,,,
2506088529,2506088273,0,243188641,residential,True,,False,56.71976402389398,Thanon Suvanvong,,,,,,
2506088533,1108909554,0,706341245,tertiary,False,,False,44.705073667233705,ถนนสาครมงคล,,,,,,
2506088533,4890612857,0,243188685,residential,False,,False,141.57135429075717,Soi 3/4 Sakormmongkol 2,,,,,,
2506088533,13301238883,0,706341245,tertiary,False,,True,108.86373925288189,ถนนสาครมงคล,,,,,,
2506088535,2506088308,0,243188032,residential,False,,False,55.382946663511866,Thanon Chokesaman 4,,,,,,
2506088535,2506088770,0,243188032,residential,False,,True,41.55764270843895,Thanon Chokesaman 4,,,,,,
2506088535,2506088559,0,243188337,residential,False,,True,71.96337616121647,Thanon Chokesaman 5 Soi 6,,,,,,
2506088535,13347657502,0,1455427807,unclassified,False,,False,29.784789092110394,,,,,,,
2506088538,8642883747,0,243188518,residential,False,,False,308.41602892439965,,,,,,,
2506088538,2506088924,0,243188720,residential,False,,False,119.33680998713217,Thanon Rattana Uthit Soi 2,,,,,,
2506088538,2506088793,0,243188720,residential,False,,True,114.21160433721198,Thanon Rattana Uthit Soi 2,,,,,,
2506088559,2506088535,0,243188337,residential,False,,False,71.96337616121647,Thanon Chokesaman 5 Soi 6,,,,,,
2506088559,2506088333,0,243188707,tertiary,False,,False,50.35593419809601,Thanon Chokesaman 5,,,,,,
2506088559,2506088794,0,243188707,tertiary,False,,True,43.9545801918738,Thanon Chokesaman 5,,,,,,
2506088592,2506088640,0,243188098,residential,True,,False,93.16897746917535,,,,,,,
2506088592,2506088227,0,706102886,residential,False,,False,102.22513294775466,Complex Community Zone,,,,,,
2506088592,2506088773,0,706102886,residential,False,,True,46.03883079578125,Complex Community Zone,,,,,,
2506088612,2506088529,0,243188452,residential,True,,False,50.87763920631478,,,,,,,
2506088612,2506088280,0,243188594,residential,True,,False,58.011875458814636,,,,,,,
2506088640,2506088792,0,952598318,tertiary,False,,False,48.577148165770936,ถนนรัถการ,2,,,,,
2506088640,916327824,0,952598318,tertiary,False,,True,18.779387475885525,ถนนรัถการ,2,,,,,
2506088695,1369020942,0,243188056,residential,False,,True,129.83886752170756,Soi Boonraj,,,,,,
2506088715,2506088612,0,243188452,residential,True,,False,51.99097213935518,,,,,,,
2506088715,1107926734,0,243188670,residential,True,,False,85.2393374944997,,,,,,,
2506088728,2506088924,0,243188382,unclassified,False,,False,54.576439175731316,,,,,,,
2506088728,2506088483,0,243188382,unclassified,False,,True,47.151880904997,,,,,,,
2506088728,2506088311,0,243188054,residential,False,,True,208.49394098554097,Thanon Rattana Uthit Soi 1,,,,,,
2506088728,2506088760,0,706326985,residential,False,,False,292.08724632884514,Thanon Chokesaman 3,,,,,,
2506088737,8634759753,0,243188518,residential,False,,True,45.53089694180392,,,,,,,
2506088737,4890613037,0,48598023,tertiary,True,,False,76.14613964763781,ถนนราษฏร์อุทิศ,,,,,,
2506088760,2506088770,0,243188008,residential,False,,True,53.7316649627987,Thanon Chokesaman 5 Soi 7,,,,,,
2506088760,2506088316,0,706326985,residential,False,,False,84.6589807719737,Thanon Chokesaman 3,,,,,,
2506088760,2506088483,0,243188008,residential,False,,False,240.70061047774138,Thanon Chokesaman 5 Soi 7,,,,,,
2506088760,2506088728,0,706326985,residential,False,,True,292.08724632884514,Thanon Chokesaman 3,,,,,,
2506088770,2506088760,0,243188008,residential,False,,False,53.7316649627987,Thanon Chokesaman 5 Soi 7,,,,,,
2506088770,8642974117,0,243188008,residential,False,,True,73.2548437648786,Thanon Chokesaman 5 Soi 7,,,,,,
2506088770,2506088535,0,243188032,residential,False,,False,41.55764270843895,Thanon Chokesaman 4,,,,,,
2506088770,8642974130,0,243188032,residential,False,,True,42.18783696482608,Thanon Chokesaman 4,,,,,,
2506088773,2506088592,0,706102886,residential,False,,False,46.03883079578125,Complex Community Zone,,,,,,
2506088792,2506088773,0,243188754,residential,True,,False,89.33886593335099,ถนนพูลสุวรรณ,,,,,,
2506088792,4900465092,0,952598318,tertiary,False,,False,46.48740030758018,ถนนรัถการ,2,,,,,
2506088792,2506088640,0,952598318,tertiary,False,,True,48.577148165770936,ถนนรัถการ,2,,,,,
2506088793,2506089065,0,243188063,residential,False,,True,34.8921382561909,,,,,,,
2506088793,2506088538,0,243188720,residential,False,,False,114.21160433721198,Thanon Rattana Uthit Soi 2,,,,,,
2506088793,4900490240,0,243188720,residential,False,,True,137.06586329761947,Thanon Rattana Uthit Soi 2,,,,,,
2506088794,2506088559,0,243188707,tertiary,False,,False,43.9545801918738,Thanon Chokesaman 5,,,,,,
2506088794,8642974117,0,243188707,tertiary,False,,True,10.59106386757648,Thanon Chokesaman 5,,,,,,
2506088794,8642948011,0,243188524,residential,False,,False,666.2223119277218,,,,,,,
2506088924,2506088728,0,243188382,unclassified,False,,True,54.576439175731316,,,,,,,
2506088924,2506089259,0,243188382,unclassified,False,,False,49.40205220894492,,,,,,,
2506088924,2506088538,0,243188720,residential,False,,True,119.33680998713217,Thanon Rattana Uthit Soi 2,,,,,,
2506088924,2506089493,0,"[243188032, 498671311]",residential,False,,"[False, True]",300.0174905699335,Thanon Chokesaman 4,,,,,,
2506088938,1123399486,0,243188085,residential,False,,True,83.39422982531926,,,,,,,
2506088938,2506089058,0,243188786,residential,False,,False,23.109452553483216,ถนนสวนศิริ,,,,,,
2506088938,1123399502,0,243188786,residential,False,,True,75.52866031880247,ถนนสวนศิริ,,,,,,
2506088984,2506089004,0,243188609,residential,False,,True,25.02281604994947,,,,,,,
2506089004,2506088984,0,243188609,residential,False,,False,25.02281604994947,,,,,,,
2506089004,2506089065,0,243188609,residential,False,,True,80.73852983311859,,,,,,,
2506089004,5460392236,0,"[716599756, 243188645]",residential,False,,True,254.49627353473244,,,,,,,
2506089017,2506089448,0,243188463,residential,False,,True,45.03279278756134,,,,,,,
2506089058,1123399943,0,243188361,residential,False,,True,78.9498968835916,,,,,,,
2506089058,2506089487,0,243188786,residential,False,,False,41.13687192807414,ถนนสวนศิริ,,,,,,
2506089058,2506088938,0,243188786,residential,False,,True,23.109452553483216,ถนนสวนศิริ,,,,,,
2506089065,2506088793,0,243188063,residential,False,,False,34.8921382561909,,,,,,,
2506089065,2506089004,0,243188609,residential,False,,False,80.73852983311859,,,,,,,
2506089065,4900466251,0,"[243188609, 498671710]",residential,False,,"[False, True]",135.89226341707888,,,,,,,
2506089259,2506089505,0,243188382,unclassified,False,,False,18.000573578430473,,,,,,,
2506089259,2506088924,0,243188382,unclassified,False,,True,49.40205220894492,,,,,,,
2506089259,8642974128,0,243188649,residential,False,,False,272.1395516965325,Thanon Chokesaman 5 Soi 8,,,,,,
2506089309,1107926977,0,980451721,unclassified,False,,False,55.88201618236482,,,,,,,
2506089309,1123399676,0,980451721,unclassified,False,,True,55.31171415729338,,,,,,,
2506089421,13327840464,0,"[243188515, 1453290502]",residential,False,,"[False, True]",179.21478059567679,Thanon Rajuthit Soi 23/1,,,,,,
2506089421,2506090214,0,243188784,tertiary,True,,False,113.89607571601141,ถนนราษฏร์อุทิศ,,,,,,
2506089434,2506089950,0,243188446,residential,False,,True,57.89777625845378,,,,,,,
2506089434,4890612636,0,243188645,residential,False,,False,84.52399151209102,,,,,,,
2506089434,1115560995,0,243188645,residential,False,,True,129.07201804223288,,,,,,,
2506089448,2506089017,0,243188463,residential,False,,False,45.03279278756134,,,,,,,
2506089448,2506089700,0,243188463,residential,False,,True,42.95602074398241,,,,,,,
2506089448,2506089505,0,243188544,residential,False,,False,87.1137260078953,Thanon Rattana Uthit Soi 3,,,,,,
2506089487,1123399675,0,243188161,residential,False,,True,67.51363373390502,,,,,,,
2506089487,1110416754,0,243188786,residential,False,,False,50.86116296188549,ถนนสวนศิริ,,,,,,
2506089487,2506089058,0,243188786,residential,False,,True,41.13687192807414,ถนนสวนศิริ,,,,,,
2506089493,8642974130,0,243188032,residential,False,,False,46.613856150698126,Thanon Chokesaman 4,,,,,,
2506089493,2506088924,0,"[243188032, 498671311]",residential,False,,"[False, True]",300.0174905699335,Thanon Chokesaman 4,,,,,,
2506089493,8642974128,0,932351264,residential,False,,True,67.31885978855256,,,,,,,
2506089493,13347657474,0,1455427800,unclassified,False,,False,32.389532993432674,,,,,,,
2506089505,2506089869,0,243188382,unclassified,False,,False,45.76757619142303,,,,,,,
2506089505,2506089259,0,243188382,unclassified,False,,True,18.000573578430473,,,,,,,
2506089505,2506089448,0,243188544,residential,False,,True,87.1137260078953,Thanon Rattana Uthit Soi 3,,,,,,
2506089545,1123399713,0,497290263,residential,False,,False,50.08013957911165,Thanon Jirnakorn,,,,,,
2506089545,2506089600,0,497290263,residential,False,,True,55.35372907607171,Thanon Jirnakorn,,,,,,
2506089545,2506090932,0,243188644,residential,False,,False,195.8874083786095,Soi Thongdee 3,,,,,,
2506089600,2506089545,0,497290263,residential,False,,False,55.35372907607171,Thanon Jirnakorn,,,,,,
2506089600,2506090779,0,243188627,residential,False,,True,163.8432533786812,Soi Thongdee 4,,,,,,
2506089600,4888861605,0,497290263,residential,False,,True,73.84638637927222,Thanon Jirnakorn,,,,,,
2506089700,2506089448,0,243188463,residential,False,,False,42.95602074398241,,,,,,,
2506089700,2506089869,0,700908580,residential,False,,True,82.5404024236346,Thanon Rattana Uthit Soi 4,,,,,,
2506089700,2506089837,0,700908580,residential,False,,False,213.55590388014457,Thanon Rattana Uthit Soi 4,,,,,,
2506089779,1115585857,0,243079656,unclassified,True,,False,15.158471796341114,,,,,,,
2506089779,1123399676,0,"[243188298, 497290269]",unclassified,False,,"[False, True]",28.156343930606006,,,,yes,,,
2506089837,2506089700,0,700908580,residential,False,,True,213.55590388014457,Thanon Rattana Uthit Soi 4,,,,,,
2506089869,2506090288,0,243188382,unclassified,False,,False,54.86749194573697,,,,,,,
2506089869,2506089505,0,243188382,unclassified,False,,True,45.76757619142303,,,,,,,
2506089869,2506089700,0,700908580,residential,False,,False,82.5404024236346,Thanon Rattana Uthit Soi 4,,,,,,
2506089869,2506090475,0,243188735,residential,False,,True,362.24837273936765,Thanon Chokesaman 5 Soi 9,,,,,,
2506089879,2506089950,0,243188245,residential,False,,False,57.827469902980994,,,,,,,
2506089901,1123399513,0,243188196,residential,False,,True,68.61634104056483,,,,,,,
2506089901,1110416342,0,243188503,residential,False,,False,46.7453771770567,,,,,,,
2506089901,1123399700,0,243188503,residential,False,,True,72.7673551944934,,,,,,,
2506089928,1115560995,0,48598023,tertiary,True,,False,58.80109907659987,ถนนราษฏร์อุทิศ,,,,,,
2506089928,2506090056,0,243188460,residential,False,,False,97.30492589117931,,,,,,,
2506089950,2506089879,0,243188245,residential,False,,True,57.827469902980994,,,,,,,
2506089950,2506089434,0,243188446,residential,False,,False,57.89777625845378,,,,,,,
2506089950,2506090094,0,243188446,residential,False,,True,21.227411802810394,,,,,,,
2506090056,2506089928,0,243188460,residential,False,,True,97.30492589117931,,,,,,,
2506090094,2506089950,0,243188446,residential,False,,False,21.227411802810394,,,,,,,
2506090112,2506090475,0,243188707,tertiary,False,,True,48.56721525544059,Thanon Chokesaman 5,,,,,,
2506090112,8642974128,0,243188649,residential,False,,True,89.43217526995305,Thanon Chokesaman 5 Soi 8,,,,,,
2506090112,8642974117,0,243188707,tertiary,False,,False,155.34926268575225,Thanon Chokesaman 5,,,,,,
2506090118,1123399591,0,243188243,tertiary,False,,False,42.88496247266295,ถนนจุติอนุสรณ์,,,yes,,,
2506090118,3309949961,0,324267126,tertiary,False,,True,38.36784148124497,ถนนจุติอนุสรณ์,,,,,,
2506090118,8523461356,0,243188389,residential,False,,False,216.47804424104515,,,,,,,
2506090118,2506088491,0,243188389,residential,False,,True,293.7516868265593,,,,,,,
2506090178,2506090214,0,243188484,residential,False,,False,56.93016088463149,Thanon Rajuthit Soi 25,,,,,,
2506090178,4890613583,0,"[497502794, 243188484]",residential,False,,"[False, True]",133.18490066846977,Thanon Rajuthit Soi 25,,,,,,
2506090178,4890613583,1,"[497502792, 567178129, 700908563]",residential,False,,"[False, True]",217.2562145607504,,,,,,,
2506090178,4890613582,0,"[497502810, 243188724]",residential,False,,True,181.86447771422675,Soi 3/5 Sakormmongkol 2,,,,,,
2506090214,2506090178,0,243188484,residential,False,,True,56.93016088463149,Thanon Rajuthit Soi 25,,,,,,
2506090214,8634028450,0,243188784,tertiary,True,,False,102.08603238489196,ถนนราษฏร์อุทิศ,,,,,,
2506090288,2506090627,0,243188382,unclassified,False,,False,56.07120501945812,,,,,,,
2506090288,2506089869,0,243188382,unclassified,False,,True,54.86749194573697,,,,,,,
2506090288,2506090768,0,243188714,residential,False,,False,365.3015413662595,Thanon Chokesaman 5 Soi 10,,,,,,
2506090288,1115561044,0,"[700908581, 243188542, 498671287]",residential,False,,True,637.0564931178939,Thanon Rattana Uthit Soi 5,,,,,,
2506090385,1123399740,0,243188445,residential,False,,True,125.91975556443415,Soi Thongdee 1,,,,,,
2506090391,1108909548,0,243188221,residential,False,,False,87.71593870940154,Thanon Tammatatutit,,,,,,
2506090451,1123399713,0,243188115,residential,False,,True,113.52042521894627,Soi Thongdee 3,,,,,,
2506090475,2506090112,0,243188707,tertiary,False,,False,48.56721525544059,Thanon Chokesaman 5,,,,,,
2506090475,2506090768,0,243188707,tertiary,False,,True,57.5544525392076,Thanon Chokesaman 5,,,,,,
2506090475,2506089869,0,243188735,residential,False,,False,362.24837273936765,Thanon Chokesaman 5 Soi 9,,,,,,
2506090533,4900466256,0,243314278,residential,False,,False,38.89959147470802,Soi Hatyaieha,,,,,,
2506090533,2506089779,0,706102885,residential,True,,False,111.20770434491187,,,,,,,
2506090575,1115585426,0,243079792,residential,True,,False,86.34043499244572,,,,,,,
2506090575,4888861604,0,497290270,residential,False,,True,64.93233659339475,,,,,,,
2506090627,2506090951,0,243188382,unclassified,False,,False,48.68056732940174,,,,,,,
2506090627,2506090288,0,243188382,unclassified,False,,True,56.07120501945812,,,,,,,
2506090627,2506091049,0,243188759,residential,False,,True,367.8486385758822,Thanon Chokesaman 5 Soi 11,,,,,,
2506090627,12517716094,0,700908579,residential,False,,False,443.34785835642026,Thanon Rattana Uthit Soi 6,,,,,,
2506090659,1115561044,0,48598023,tertiary,True,,False,71.07362289937575,ถนนราษฏร์อุทิศ,,,,,,
2506090659,8634525189,0,243188525,residential,False,,False,80.37631590431535,,,,,,,
2506090706,2506090791,0,243188442,residential,False,,False,79.22050061656606,Thanon Sakornmongkol 2 Soi 7,,,,,,
2506090768,2506090475,0,243188707,tertiary,False,,False,57.5544525392076,Thanon Chokesaman 5,,,,,,
2506090768,2506091049,0,243188707,tertiary,False,,True,43.60934440311899,Thanon Chokesaman 5,,,,,,
2506090768,2506090288,0,243188714,residential,False,,True,365.3015413662595,Thanon Chokesaman 5 Soi 10,,,,,,
2506090779,2506090575,0,243188696,residential,True,,False,105.8068622619821,Thanon Jirnakorn Soi 1,,,,,,
2506090779,2506089600,0,243188627,residential,False,,False,163.8432533786812,Soi Thongdee 4,,,,,,
2506090791,2506090706,0,243188442,residential,False,,True,79.22050061656606,Thanon Sakornmongkol 2 Soi 7,,,,,,
2506090791,4890612503,0,706341245,tertiary,False,,False,29.576665023130985,ถนนสาครมงคล,,,,,,
2506090791,2506091066,0,706341245,tertiary,False,,True,39.55669937528893,ถนนสาครมงคล,,,,,,
2506090909,2506090979,0,243188178,residential,False,,False,138.06842825086392,,,,,,,
2506090909,1110416501,0,451806328,residential,False,,False,58.76215031156898,,,,,,,
2506090909,1110416402,0,451806328,residential,False,,True,54.592351224860366,,,,,,,
2506090932,2506090779,0,243188696,residential,True,,False,42.588147768723104,Thanon Jirnakorn Soi 1,,,,,,
2506090932,2506089545,0,243188644,residential,False,,True,195.8874083786095,Soi Thongdee 3,,,,,,
2506090951,2506091104,0,243188382,unclassified,False,,False,39.10328564861791,,,,,,,
2506090951,2506090627,0,243188382,unclassified,False,,True,48.68056732940174,,,,,,,
2506090951,2506091008,0,700908578,residential,False,,False,147.15255984877,Thanon Rattana Uthit Soi 8,,,,,,
2506090951,2506090996,0,716599758,residential,False,,True,239.62898435043297,Thanon Rattana Uthit Soi 7,,,,,,
2506090979,2506090909,0,243188178,residential,False,,True,138.06842825086392,,,,,,,
2506090979,2507400851,0,243188765,unclassified,False,,False,21.59703865995478,Thanon Samchai,,,,,,
2506090979,1120012989,0,243188765,unclassified,False,,True,47.76589179614222,Thanon Samchai,,,,,,
2506090996,2506090951,0,716599758,residential,False,,False,239.62898435043297,Thanon Rattana Uthit Soi 7,,,,,,
2506091008,2506090951,0,700908578,residential,False,,True,147.15255984877,Thanon Rattana Uthit Soi 8,,,,,,
2506091049,2506090768,0,243188707,tertiary,False,,False,43.60934440311899,Thanon Chokesaman 5,,,,,,
2506091049,2506091180,0,243188707,tertiary,False,,True,50.866862697700824,Thanon Chokesaman 5,,,,,,
2506091049,2506090627,0,243188759,residential,False,,False,367.84863857588226,Thanon Chokesaman 5 Soi 11,,,,,,
2506091066,2506090791,0,706341245,tertiary,False,,False,39.55669937528893,ถนนสาครมงคล,,,,,,
2506091066,2506091198,0,706341245,tertiary,False,,True,54.69387466961993,ถนนสาครมงคล,,,,,,
2506091066,2506091198,1,"[700908560, 700908561, 243188018]",residential,False,,False,338.3945983991615,"['Thanon Sakornmongkol 2 Soi 11', 'Thanon Sakornmongkol 2 Soi 9']",,,,,,
2506091066,4890612863,0,"[243188568, 497502795]",residential,False,,True,196.4748924587436,Soi 4 Sakornmongkol,,,,,,
2506091104,2506091140,0,243188382,unclassified,False,,False,10.145733586152632,,,,,,,
2506091104,2506090951,0,243188382,unclassified,False,,True,39.10328564861791,,,,,,,
2506091104,12517716093,0,1352854046,residential,False,,False,265.84881786954986,Thanon Rattana Uthit Soi 9,,,,,,
2506091129,8634525189,0,"[243188525, 716599757]",residential,False,,True,105.07406159195075,,,,,,,
2506091140,2506091104,0,243188382,unclassified,False,,True,10.145733586152632,,,,,,,
2506091140,2506091253,0,243188382,unclassified,False,,False,38.79502755792021,,,,,,,
2506091140,2506091180,0,"[243188240, 243188462]",residential,False,,True,378.20443024726893,"['Thanon Rattana Uthit Soi 8/1', 'Thanon Chokesaman 5 Soi 12']",,,,,,
2506091180,2506091400,0,243188707,tertiary,False,,True,48.75328561688722,Thanon Chokesaman 5,,,,,,
2506091180,2506091140,0,"[243188240, 243188462]",residential,False,,False,378.20443024726893,"['Thanon Chokesaman 5 Soi 12', 'Thanon Rattana Uthit Soi 8/1']",,,,,,
2506091180,2506091049,0,243188707,tertiary,False,,False,50.866862697700824,Thanon Chokesaman 5,,,,,,
2506091198,2506091066,0,706341245,tertiary,False,,False,54.69387466961993,ถนนสาครมงคล,,,,,,
2506091198,2506091066,1,"[700908560, 700908561, 243188018]",residential,False,,True,338.3945983991616,"['Thanon Sakornmongkol 2 Soi 11', 'Thanon Sakornmongkol 2 Soi 9']",,,,,,
2506091198,2506091424,0,706341245,tertiary,False,,True,48.472280267518514,ถนนสาครมงคล,,,,,,
2506091198,2506091259,0,700908562,residential,False,,False,168.67825084661538,Thanon Rajuthit Soi 25/1,,,,,,
2506091210,8634498204,0,48598023,tertiary,True,,False,66.16912386639217,ถนนราษฏร์อุทิศ,,,,,,
2506091210,2506091253,0,243188767,residential,False,,False,708.5417815024496,Thanon Rattana Uthit Soi 11,,,,,,
2506091253,2506091478,0,243188382,unclassified,False,,False,45.991147515208006,,,,,,,
2506091253,2506091140,0,243188382,unclassified,False,,True,38.79502755792021,,,,,,,
2506091253,2506091210,0,243188767,residential,False,,True,708.5417815024496,Thanon Rattana Uthit Soi 11,,,,,,
2506091259,2506091484,0,243188784,tertiary,True,,False,50.42546571961794,ถนนราษฏร์อุทิศ,,,,,,
2506091259,2506091198,0,700908562,residential,False,,True,168.67825084661538,Thanon Rajuthit Soi 25/1,,,,,,
2506091313,2507400883,0,243188149,residential,False,,True,70.20706031637998,,,,,,,
2506091313,2935421242,0,290007154,tertiary,False,,True,48.86761638619403,ถนนสามชัย,,,,,,
2506091313,2507400889,0,700908617,residential,False,,True,58.55897763530436,,,,,,,
2506091313,809537378,0,290007154,tertiary,False,,False,202.0113384342911,ถนนสามชัย,,,,,,
2506091323,2506091424,0,243188731,residential,False,,False,132.32475623747408,,,,,,,
2506091400,2506091180,0,243188707,tertiary,False,,False,48.75328561688722,Thanon Chokesaman 5,,,,,,
2506091400,4900465398,0,243188707,tertiary,False,,True,66.3690400914024,Thanon Chokesaman 5,,,,,,
2506091400,2506091253,0,700908577,residential,True,,False,363.8522870090653,Thanon Chokesaman 5 Soi 13,,,,,,
2506091424,2506091198,0,706341245,tertiary,False,,False,48.472280267518514,ถนนสาครมงคล,,,,,,
2506091424,2506091323,0,243188731,residential,False,,True,132.32475623747408,,,,,,,
2506091424,2506091484,0,700908559,residential,False,,False,153.86602104161372,Thanon Somboonpradit,,,,,,
2506091424,1108909747,0,706341245,tertiary,False,,True,46.87546673459808,ถนนสาครมงคล,,,,,,
2506091462,2506091210,0,48598023,tertiary,True,,False,55.042214655367424,ถนนราษฏร์อุทิศ,,,,,,
2506091462,2506091478,0,243188773,residential,False,,True,723.4200707551647,Thanon Rattana Uthit Soi 12,,,,,,
2506091478,2506091253,0,243188382,unclassified,False,,True,45.991147515208006,,,,,,,
2506091478,2506091732,0,243188382,unclassified,False,,False,44.79847926511861,,,,,,,
2506091478,2506091462,0,243188773,residential,False,,False,723.4200707551646,Thanon Rattana Uthit Soi 12,,,,,,
2506091478,2506091606,0,700908576,residential,False,,True,309.38298517699695,Thanon Rattana Uthit Soi 10,,,,,,
2506091484,2506091676,0,243188784,tertiary,True,,False,40.90808889280268,ถนนราษฏร์อุทิศ,,,,,,
2506091484,2506091424,0,700908559,residential,False,,True,153.86602104161372,Thanon Somboonpradit,,,,,,
2506091606,2506091478,0,700908576,residential,False,,False,309.38298517699695,Thanon Rattana Uthit Soi 10,,,,,,
2506091676,1108909747,0,243188193,residential,False,,False,148.36149877697613,Thanon Rajuthit Soi  29,,,,,,
2506091676,2506092032,0,243188784,tertiary,True,,False,41.10990238813508,ถนนราษฏร์อุทิศ,,,,,,
2506091732,2506092132,0,243188382,unclassified,False,,False,47.471089192108046,,,,,,,
2506091732,1115560979,0,243188022,residential,False,,True,726.3056389248461,Thanon Rattana Uthit Soi 13,,,,,,
2506091732,2506091478,0,243188382,unclassified,False,,True,44.79847926511861,,,,,,,
2506091732,13478523582,0,700908575,residential,True,,False,364.2677259276243,Thanon Chokesaman 5 Soi 14,,,,,,
2506091938,13478523582,0,1469712631,tertiary,False,,True,6.558535782013918,,,,,,,
2506091938,2506092168,0,"[932359442, 932359437, 932359438]",tertiary,True,,False,84.53112248284987,อุโมงค์กัลยาณมิตร,2,,,,,yes
2506091993,2506092032,0,243188580,residential,False,,False,150.19988409002696,Thanon Rajuthit Soi 31,,,,,,
2506091993,1108909747,0,706341245,tertiary,False,,False,41.865270479019614,ถนนสาครมงคล,,,,,,
2506091993,8634724032,0,706341245,tertiary,False,,True,16.48220097865964,ถนนสาครมงคล,,,,,,
2506092032,2506091993,0,243188580,residential,False,,True,150.19988409002696,Thanon Rajuthit Soi 31,,,,,,
2506092032,2506092823,0,243188784,tertiary,True,,False,107.72024942723336,ถนนราษฏร์อุทิศ,,,,,,
2506092132,2506092381,0,243188382,unclassified,False,,False,46.45256772465214,,,,,,,
2506092132,2506091732,0,243188382,unclassified,False,,True,47.471089192108046,,,,,,,
2506092132,1115561024,0,700908574,residential,False,,False,720.1674689463782,Thanon Rattana Uthit Soi 14,,,,,,
2506092132,2506092231,0,"[706325361, 243188764]",residential,False,,True,363.432895395019,Thanon Chokesaman 5 Soi 15,,,,,,
2506092168,2506092173,0,243188504,tertiary,False,,False,34.980208275891755,,,,,,,
2506092168,4900465715,0,"[498671527, 243188575]","['tertiary', 'residential']",False,,True,470.4213498640303,,,,,,,
2506092168,2506091938,0,"[932359440, 932359441, 932359439]",tertiary,True,,False,83.22162296484063,อุโมงค์กัลยาณมิตร,2,,,,,yes
2506092173,2052529358,0,243188504,tertiary,False,,False,50.98159435772749,,,,,,,
2506092173,2506092168,0,243188504,tertiary,False,,True,34.980208275891755,,,,,,,
2506092173,4900465715,0,"[498671643, 243188118]",residential,False,,"[False, True]",434.26645072393654,,,,,,,
2506092231,2506092511,0,243188707,tertiary,False,,True,36.73202749937226,Thanon Chokesaman 5,,,,,,
2506092231,13478523582,0,243188707,tertiary,False,,False,41.485652049994535,Thanon Chokesaman 5,,,,,,
2506092231,2506092132,0,"[706325361, 243188764]",residential,False,,False,363.432895395019,Thanon Chokesaman 5 Soi 15,,,,,,
2506092271,8634724024,0,243188316,residential,False,,True,50.36837929424275,,,,,,,
2506092271,1421020850,0,706341245,tertiary,False,,True,43.42559733761684,ถนนสาครมงคล,,,,,,
2506092271,8634724032,0,706341245,tertiary,False,,False,25.036016375672283,ถนนสาครมงคล,,,,,,
2506092289,2506092511,0,706325360,residential,False,,False,261.3434350604084,Thanon Chokesaman 5 Soi 16,,,,,,
2506092313,4900465393,0,96713677,tertiary,False,,False,81.96552436416485,ถนนนิพัทธ์สงเคราะห์ 1 ซอย 7,,,,,,
2506092313,985092815,0,96713677,tertiary,False,,True,233.93526467606986,ถนนนิพัทธ์สงเคราะห์ 1 ซอย 7,,,,,,
2506092313,2506093835,0,"[1460457481, 243188669]",residential,False,,False,191.44180236445408,Thanon Vareepitak,,,,,,
2506092371,2506092381,0,700908573,residential,False,,True,88.71289151893323,Thanon Rattana Uthit Soi 15/1,,,,,,
2506092381,2506092132,0,243188382,unclassified,False,,True,46.45256772465214,,,,,,,
2506092381,2506092702,0,243188382,unclassified,False,,False,42.39508631013154,,,,,,,
2506092381,1115560973,0,243188760,residential,False,,True,714.5746833446672,Thanon Rattana Uthit Soi 15,,,,,,
2506092381,2506092371,0,700908573,residential,False,,False,88.71289151893323,Thanon Rattana Uthit Soi 15/1,,,,,,
2506092468,13388560707,0,243188206,residential,False,,False,26.868298837475677,,,,,,,
2506092511,2506092231,0,243188707,tertiary,False,,False,36.73202749937226,Thanon Chokesaman 5,,,,,,
2506092511,2506092813,0,243188707,tertiary,False,,True,40.17016404752873,Thanon Chokesaman 5,,,,,,
2506092511,2506092289,0,706325360,residential,False,,True,261.3434350604084,Thanon Chokesaman 5 Soi 16,,,,,,
2506092529,8524097355,0,84842972,tertiary,False,,True,1.6307545448711565,ถนนรัถการ,2,,,,,
2506092529,13388560707,0,243188206,residential,False,,True,30.833709698217007,,,,,,,
2506092529,2506093411,0,84842972,tertiary,False,,False,114.46803433291629,ถนนรัถการ,2,,,,,
2506092538,1421020850,0,243188137,residential,False,,True,83.82940987365673,,,,,,,
2506092651,1115560973,0,48598023,tertiary,True,,False,46.7805853540108,ถนนราษฏร์อุทิศ,,,,,,
2506092651,2506092749,0,243188197,residential,False,,False,135.2792315319672,Thanon Rajuthit Soi 28,,,,,,
2506092702,2506092991,0,243188382,unclassified,False,,False,44.00386989205434,,,,,,,
2506092702,13451788235,0,1466650852,residential,False,,False,92.6103911298404,รัตนอุทิศ ซอย 16/1,,,,,,
2506092702,2506092381,0,243188382,unclassified,False,,True,42.39508631013154,,,,,,,
2506092702,2506092784,0,700908572,residential,False,,False,264.5213694425373,Thanon Rattana Uthit Soi 16,,,,,,
2506092749,2506092651,0,243188197,residential,False,,True,135.2792315319672,Thanon Rajuthit Soi 28,,,,,,
2506092784,2506092702,0,700908572,residential,False,,True,264.52136944253726,Thanon Rattana Uthit Soi 16,,,,,,
2506092806,2506092651,0,48598023,tertiary,True,,False,18.758873584568523,ถนนราษฏร์อุทิศ,,,,,,
2506092806,2506092823,0,243188228,tertiary,False,,False,7.69798928650084,,,,,,,
2506092813,2506092511,0,243188707,tertiary,False,,False,40.17016404752873,Thanon Chokesaman 5,,,,,,
2506092813,2506093133,0,243188707,tertiary,False,,True,48.27282086183566,Thanon Chokesaman 5,,,,,,
2506092813,6636891346,0,243188719,residential,False,,False,259.30052502006174,Thanon Chokesaman 5 Soi 17,,,,,,
2506092823,2506092806,0,243188228,tertiary,False,,True,7.69798928650084,,,,,,,
2506092823,2506093175,0,243188784,tertiary,True,,False,49.37044355022142,ถนนราษฏร์อุทิศ,,,,,,
2506092890,2506093218,0,243188698,residential,False,,True,41.944771326603366,,,,,,,
2506092910,2506093340,0,243188543,residential,False,,False,15.876206105316257,Thanon Rattakarn Soi 1/1,,,,,,
2506092942,2506093133,0,706325358,residential,False,,False,248.96021990025073,Thanon Chokesaman 5 Soi 18,,,,,,
2506092950,985092815,0,84842973,secondary,False,,False,67.375517776989,ถนนนิพันธ์สงเคราะห์,,,,,,
2506092950,2507401369,0,84842973,secondary,False,,True,75.85557143523073,ถนนนิพันธ์สงเคราะห์,,,,,,
2506092950,2506092971,0,243188246,residential,False,,True,90.8360650356012,,,,,,,
2506092950,2507401381,0,243314314,residential,False,,False,242.37255469009492,Thanon Nipatsongkaew 1 Soi 6,,,,,,
2506092971,2506094095,0,243188520,residential,False,,False,122.09915129380789,,,,,,,
2506092971,2506093218,0,243188520,residential,False,,True,77.53658839771896,,,,,,,
2506092971,2506092950,0,243188246,residential,False,,False,90.8360650356012,,,,,,,
2506092981,2506092806,0,48598023,tertiary,True,,False,30.445936014132606,ถนนราษฏร์อุทิศ,,,,,,
2506092981,2506092991,0,243188770,residential,False,,False,703.24619893467,Thanon Rattana Uthit Soi 17,,,,,,
2506092991,2506092702,0,243188382,unclassified,False,,True,44.00386989205434,,,,,,,
2506092991,2506093364,0,243188382,unclassified,False,,False,43.23743517546935,,,,,,,
2506092991,2506092981,0,243188770,residential,False,,True,703.24619893467,Thanon Rattana Uthit Soi 17,,,,,,
2506092991,2506093012,0,700908571,residential,False,,False,99.56492874678352,Thanon Rattana Uthit Soi 17/1,,,,,,
2506093012,2506092991,0,700908571,residential,False,,True,99.56492874678354,Thanon Rattana Uthit Soi 17/1,,,,,,
2506093133,2506092813,0,243188707,tertiary,False,,False,48.27282086183566,Thanon Chokesaman 5,,,,,,
2506093133,2506093541,0,243188707,tertiary,False,,True,48.49937795872628,Thanon Chokesaman 5,,,,,,
2506093133,2506092942,0,706325358,residential,False,,True,248.96021990025073,Thanon Chokesaman 5 Soi 18,,,,,,
2506093175,1108909596,0,243188089,residential,False,,True,160.0434125055759,Soi 5 Sakornmongkol,,,,,,
2506093175,2506093665,0,243188784,tertiary,True,,False,64.77872615796576,ถนนราษฏร์อุทิศ,,,,,,
2506093218,2506092971,0,243188520,residential,False,,False,77.53658839771896,,,,,,,
2506093218,2506092890,0,243188698,residential,False,,False,41.944771326603366,,,,,,,
2506093218,2506093457,0,243188698,residential,False,,True,26.98432622923853,,,,,,,
2506093282,2506093285,0,243188218,residential,False,,False,140.78844214260565,,,,,,,
2506093285,2506093282,0,243188218,residential,False,,True,140.78844214260565,,,,,,,
2506093285,1108909596,0,706341245,tertiary,False,,False,18.007009447476214,ถนนสาครมงคล,,,,,,
2506093285,2506093626,0,706341245,tertiary,False,,True,44.96056306560531,ถนนสาครมงคล,,,,,,
2506093340,2506093411,0,243188543,residential,False,,False,71.01458041043381,Thanon Rattakarn Soi 1/1,,,,,,
2506093340,2506092910,0,243188543,residential,False,,True,15.876206105316257,Thanon Rattakarn Soi 1/1,,,,,,
2506093340,8935262474,0,965866612,residential,False,,False,67.94240829333391,,,,,,,
2506093364,2506093720,0,243188382,unclassified,False,,False,45.69135285993842,,,,,,,
2506093364,1115561016,0,243188006,residential,False,,True,696.4836239752309,Thanon Rattana Uthit Soi 18,,,,,,
2506093364,2506092991,0,243188382,unclassified,False,,True,43.23743517546935,,,,,,,
2506093364,2506093541,0,700908570,residential,False,,False,344.5856659834915,Thanon Ratana Soi 18,,,,,,
2506093411,2506093792,0,84842972,tertiary,False,,False,44.32674237092498,ถนนรัถการ,2,,,,,
2506093411,2506093340,0,243188543,residential,False,,True,71.01458041043381,Thanon Rattakarn Soi 1/1,,,,,,
2506093411,2506092529,0,84842972,tertiary,False,,True,114.46803433291629,ถนนรัถการ,2,,,,,
2506093411,13394663276,0,243188650,residential,False,,True,208.52593905763715,Thanon Rattakarn Soi 1,,,,,,
2506093457,2506093218,0,243188698,residential,False,,False,26.98432622923853,,,,,,,
2506093457,2506093785,0,243188698,residential,False,,True,43.50211981663659,,,,,,,
2506093457,13394663275,0,1460457479,residential,False,,False,47.178652459136906,Thanon Rattakarn Soi 1,,,,,,
2506093541,2506093133,0,243188707,tertiary,False,,False,48.49937795872628,Thanon Chokesaman 5,,,,,,
2506093541,2506093889,0,243188707,tertiary,False,,True,54.26222570425981,Thanon Chokesaman 5,,,,,,
2506093541,2506093364,0,700908570,residential,False,,True,344.5856659834915,Thanon Ratana Soi 18,,,,,,
2506093626,2506093665,0,700908558,residential,False,,False,159.73762895951032,Soi 6 Sakornmongkol,,,,,,
2506093626,2506093285,0,706341245,tertiary,False,,False,44.96056306560531,ถนนสาครมงคล,,,,,,
2506093626,2506093940,0,706341245,tertiary,False,,True,45.423794193908876,ถนนสาครมงคล,,,,,,
2506093626,2506093636,0,243188511,residential,False,,True,141.4583688875656,Thanon Sakornmongkol 2 Soi 13,,,,,,
2506093636,2506093626,0,243188511,residential,False,,False,141.4583688875656,Thanon Sakornmongkol 2 Soi 13,,,,,,
2506093665,2506093960,0,243188784,tertiary,True,,False,45.36813109004476,ถนนราษฏร์อุทิศ,,,,,,
2506093665,2506093626,0,700908558,residential,False,,True,159.73762895951032,Soi 6 Sakornmongkol,,,,,,
2506093692,1115561016,0,48598023,tertiary,True,,False,44.658957998306306,ถนนราษฏร์อุทิศ,,,,,,
2506093692,2506093720,0,243188753,residential,False,,True,689.6899604941474,Thanon Rattana Uthit Soi 19,,,,,,
2506093710,2506093792,0,243188335,residential,False,,False,76.91927392605945,Thanon Rattakarn Soi 4,,,,,,
2506093720,2506093992,0,243188382,unclassified,False,,False,42.44032383935962,,,,,,,
2506093720,2506093364,0,243188382,unclassified,False,,True,45.69135285993842,,,,,,,
2506093720,2506093692,0,243188753,residential,False,,False,689.6899604941474,Thanon Rattana Uthit Soi 19,,,,,,
2506093720,2506093889,0,700908569,residential,False,,True,328.2114417495251,Thanon Chokesaman 5 Soi 19,,,,,,
2506093785,2506093457,0,243188698,residential,False,,False,43.50211981663659,,,,,,,
2506093785,2506094104,0,243188698,residential,False,,True,49.73068524893428,,,,,,,
2506093785,13394663277,0,1460457480,residential,False,,False,48.53711013714342,Thanon Rattakarn Soi 2,,,,,,
2506093792,2506094067,0,84842972,tertiary,False,,False,46.31847339654217,ถนนรัถการ,2,,,,,
2506093792,2506093411,0,84842972,tertiary,False,,True,44.32674237092498,ถนนรัถการ,2,,,,,
2506093792,2506093710,0,243188335,residential,False,,True,76.91927392605945,Thanon Rattakarn Soi 4,,,,,,
2506093792,2506093860,0,243188667,residential,False,,True,169.31249290858295,Thanon Rattakarn Soi 2,,,,,,
2506093835,2506093860,0,243188667,residential,False,,False,72.16214653134557,Thanon Rattakarn Soi 2,,,,,,
2506093835,2506094157,0,1460457478,residential,False,,False,49.80669952726693,Thanon Vareepitak,,,,,,
2506093835,2506092313,0,"[1460457481, 243188669]",residential,False,,True,191.44180236445408,Thanon Vareepitak,,,,,,
2506093860,2506094185,0,243188144,residential,False,,True,46.371127814346345,,,,,,,
2506093860,2506093835,0,243188667,residential,False,,True,72.16214653134557,Thanon Rattakarn Soi 2,,,,,,
2506093860,12621743596,0,498671583,residential,False,,False,32.02786547948231,,,,,,,
2506093860,2506093792,0,243188667,residential,False,,False,169.31249290858295,Thanon Rattakarn Soi 2,,,,,,
2506093889,2506094313,0,243188707,tertiary,False,,True,67.14348959521024,Thanon Chokesaman 5,,,,,,
2506093889,2506093541,0,243188707,tertiary,False,,False,54.26222570425981,Thanon Chokesaman 5,,,,,,
2506093889,2506093720,0,700908569,residential,False,,False,328.2114417495251,Thanon Chokesaman 5 Soi 19,,,,,,
2506093920,2506093940,0,243188344,residential,False,,False,125.99031942777417,Thanon Sakornmongkol 2 Soi 13/1,,,,,,
2506093940,2506093920,0,243188344,residential,False,,True,125.99031942777417,Thanon Sakornmongkol 2 Soi 13/1,,,,,,
2506093940,2506093626,0,706341245,tertiary,False,,False,45.423794193908876,ถนนสาครมงคล,,,,,,
2506093940,2506094255,0,706341245,tertiary,False,,True,44.63028283947221,ถนนสาครมงคล,,,,,,
2506093940,2506093960,0,243188284,residential,False,,True,161.98848839475326,Thanon Ronnapoom,,,,,,
2506093960,2506093940,0,243188284,residential,False,,False,161.98848839475326,Thanon Ronnapoom,,,,,,
2506093960,2506094885,0,243188784,tertiary,True,,False,84.3396531719838,ถนนราษฏร์อุทิศ,,,,,,
2506093992,2506093720,0,243188382,unclassified,False,,True,42.44032383935962,,,,,,,
2506093992,2506094456,0,243188647,residential,False,,True,46.327754353815905,,,,,,,
2506093992,13425496953,0,700908568,residential,False,,False,79.69708408416503,,,,,,,
2506093992,2506094041,0,243188734,residential,False,,True,168.78091619758163,Thanon Rattana Uthit Soi 20,,,,,,
2506094041,2506094477,0,243188694,residential,False,,True,44.61276257074998,,,,,,,
2506094041,2506093992,0,243188734,residential,False,,False,168.78091619758166,Thanon Rattana Uthit Soi 20,,,,,,
2506094041,1115561030,0,243188734,residential,False,,True,517.6860892935397,Thanon Rattana Uthit Soi 20,,,,,,
2506094058,2507401369,0,84842973,secondary,False,,False,68.49710259707336,ถนนนิพันธ์สงเคราะห์,,,,,,
2506094058,2506094426,0,84842973,secondary,False,,True,46.6202078148384,ถนนนิพันธ์สงเคราะห์,,,,,,
2506094058,2506094095,0,706133433,residential,False,,True,64.64878179523288,Thanon Nipatsongkaew 1 Soi 9,,,,,,
2506094067,2506094539,0,84842972,tertiary,False,,False,46.119452303589796,ถนนรัถการ,2,,,,,
2506094067,2506093792,0,84842972,tertiary,False,,True,46.31847339654217,ถนนรัถการ,2,,,,,
2506094067,2506094185,0,243188744,residential,False,,False,177.00274028333297,Thanon Rattakarn Soi 3,,,,,,
2506094095,2506092971,0,243188520,residential,False,,True,122.09915129380789,,,,,,,
2506094095,2506094058,0,706133433,residential,False,,False,64.64878179523288,Thanon Nipatsongkaew 1 Soi 9,,,,,,
2506094095,2506094104,0,706133433,residential,False,,True,66.77393961749631,Thanon Nipatsongkaew 1 Soi 9,,,,,,
2506094104,2506093785,0,243188698,residential,False,,False,49.73068524893428,,,,,,,
2506094104,2506094157,0,243188744,residential,False,,True,74.361505067917,Thanon Rattakarn Soi 3,,,,,,
2506094104,2506094095,0,706133433,residential,False,,False,66.77393961749631,Thanon Nipatsongkaew 1 Soi 9,,,,,,
2506094157,2506094104,0,243188744,residential,False,,False,74.361505067917,Thanon Rattakarn Soi 3,,,,,,
2506094157,2506094185,0,243188744,residential,False,,True,71.99543143573621,Thanon Rattakarn Soi 3,,,,,,
2506094157,2506093835,0,1460457478,residential,False,,True,49.80669952726693,Thanon Vareepitak,,,,,,
2506094185,2506093860,0,243188144,residential,False,,False,46.371127814346345,,,,,,,
2506094185,2506094157,0,243188744,residential,False,,False,71.99543143573621,Thanon Rattakarn Soi 3,,,,,,
2506094185,2506094067,0,243188744,residential,False,,True,177.00274028333297,Thanon Rattakarn Soi 3,,,,,,
2506094255,2506094321,0,243188279,residential,False,,True,75.2306473832618,,,,,,,
2506094255,2506093940,0,706341245,tertiary,False,,False,44.63028283947221,ถนนสาครมงคล,,,,,,
2506094255,8634635616,0,706341245,tertiary,False,,True,35.160131631853346,ถนนสาครมงคล,,,,,,
2506094255,2506094266,0,243188473,residential,False,,True,118.47350339189586,Thanon Sakornmongkol 2 Soi 13/2,,,,,,
2506094266,2506094255,0,243188473,residential,False,,False,118.47350339189586,Thanon Sakornmongkol 2 Soi 13/2,,,,,,
2506094313,2506093889,0,243188707,tertiary,False,,False,67.14348959521024,Thanon Chokesaman 5,,,,,,
2506094313,2506094693,0,243188707,tertiary,False,,True,25.850880287643292,Thanon Chokesaman 5,,,,,,
2506094313,13425496953,0,700908568,residential,False,,True,251.14853045049733,,,,,,,
2506094321,2506094255,0,243188279,residential,False,,False,75.2306473832618,,,,,,,
2506094348,2506094539,0,243188158,residential,False,,True,77.57296757288232,Thanon Rattakarn Soi 4/1,,,,,,
2506094395,1115561030,0,48598023,tertiary,True,,False,44.86765604655238,ถนนราษฏร์อุทิศ,,,,,,
2506094395,2506094477,0,700908567,residential,False,,False,515.07504948321,Thanon Rattana Uthit Soi 21,,,,,,
2506094426,2506094058,0,84842973,secondary,False,,False,46.6202078148384,ถนนนิพันธ์สงเคราะห์,,,,,,
2506094426,11116038559,0,1198242717,residential,False,,False,70.18407391789138,,,,,,,
2506094426,1115561051,0,84842973,secondary,False,,True,169.79243747315365,ถนนนิพันธ์สงเคราะห์,,,,,,
2506094456,2506093992,0,243188647,residential,False,,False,46.327754353815905,,,,,,,
2506094456,2506094940,0,243188647,residential,False,,True,43.624938133508635,,,,,,,
2506094456,2506094693,0,243188742,residential,False,,False,296.0476199145077,Thanon Chokesaman 5 Soi 20,,,,,,
2506094456,2506094477,0,700908566,residential,False,,True,167.60108654433813,,,,,,,
2506094477,2506094041,0,243188694,residential,False,,False,44.61276257074998,,,,,,,
2506094477,2506095007,0,243188694,residential,False,,True,41.6680264732569,,,,,,,
2506094477,2506094456,0,700908566,residential,False,,False,167.60108654433813,,,,,,,
2506094477,2506094395,0,700908567,residential,False,,True,515.07504948321,Thanon Rattana Uthit Soi 21,,,,,,
2506094539,2506094931,0,84842972,tertiary,False,,False,38.431291833725346,ถนนรัถการ,2,,,,,
2506094539,2506094067,0,84842972,tertiary,False,,True,46.119452303589796,ถนนรัถการ,2,,,,,
2506094539,2506094348,0,243188158,residential,False,,False,77.57296757288232,Thanon Rattakarn Soi 4/1,,,,,,
2506094588,2506094703,0,243188545,residential,False,,True,186.0071052075359,,,,,,,
2506094693,2506094313,0,243188707,tertiary,False,,False,25.850880287643292,Thanon Chokesaman 5,,,,,,
2506094693,2506095253,0,243188707,tertiary,False,,True,48.98911801614802,Thanon Chokesaman 5,,,,,,
2506094693,2506094456,0,243188742,residential,False,,True,296.0476199145077,Thanon Chokesaman 5 Soi 20,,,,,,
2506094703,2506094588,0,243188545,residential,False,,False,186.0071052075359,,,,,,,
2506094703,11116038558,0,243188545,residential,False,,True,102.74090703293432,,,,,,,
2506094703,2506096291,0,243188125,residential,False,,False,164.63734664686513,Soi 1 Sajjakul (Ramnon),,,,,,
2506094809,2506094885,0,243188184,residential,False,,False,115.21315264139177,Thanon Rajuthit Soi 31/1,,,,,,
2506094849,2506094931,0,243188204,residential,False,,True,83.90217651095347,Thanon Rattakarn Soi 4/2,,,,,,
2506094858,2506094395,0,48598023,tertiary,True,,False,39.919475936927455,ถนนราษฏร์อุทิศ,,,,,,
2506094858,2506094921,0,243188415,residential,False,,False,160.6824399050106,,,,,,,
2506094885,2506095568,0,243188784,tertiary,True,,False,57.35252445016064,ถนนราษฏร์อุทิศ,,,,,,
2506094885,2506094809,0,243188184,residential,False,,True,115.21315264139177,Thanon Rajuthit Soi 31/1,,,,,,
2506094921,2506094858,0,243188415,residential,False,,True,160.6824399050106,,,,,,,
2506094931,2506095493,0,84842972,tertiary,False,,False,44.031349570751864,ถนนรัถการ,2,,,,,
2506094931,2506094539,0,84842972,tertiary,False,,True,38.431291833725346,ถนนรัถการ,2,,,,,
2506094931,2506094849,0,243188204,residential,False,,False,83.90217651095347,Thanon Rattakarn Soi 4/2,,,,,,
2506094940,2506094456,0,243188647,residential,False,,False,43.624938133508635,,,,,,,
2506094940,2506095253,0,243188598,residential,False,,True,274.8375830563751,Thanon Chokesaman 5 Soi 21,,,,,,
2506094940,2506095007,0,700908565,residential,False,,False,164.78967658792095,,,,,,,
2506095007,2506094477,0,243188694,residential,False,,False,41.6680264732569,,,,,,,
2506095007,2506095520,0,243188694,residential,False,,True,42.76936094508644,,,,,,,
2506095007,4900465247,0,498671310,residential,False,,True,202.30721350681867,,,,,,,
2506095007,2506094940,0,700908565,residential,False,,True,164.78967658792095,,,,,,,
2506095101,2506095129,0,243188070,residential,False,,False,96.30438064612316,,,,,,,
2506095129,2506095101,0,243188070,residential,False,,True,96.30438064612316,,,,,,,
2506095129,4890612655,0,706341245,tertiary,False,,False,23.64733842127436,ถนนสาครมงคล,,,,,,
2506095129,1108909501,0,706341245,tertiary,False,,True,26.159187619322832,ถนนสาครมงคล,,,,,,
2506095199,2506096310,0,243188674,residential,False,,True,224.40365877303606,Soi 3 Sajjakul (Ramnon),,,,,,
2506095253,2506094693,0,243188707,tertiary,False,,False,48.98911801614802,Thanon Chokesaman 5,,,,,,
2506095253,2506094940,0,243188598,residential,False,,False,274.8375830563751,Thanon Chokesaman 5 Soi 21,,,,,,
2506095253,2506095596,0,243188707,tertiary,False,,True,46.15105330010658,Thanon Chokesaman 5,,,,,,
2506095493,2506095776,0,84842972,tertiary,False,,False,42.22662161414885,ถนนรัถการ,2,,,,,
2506095493,2506094931,0,84842972,tertiary,False,,True,44.031349570751864,ถนนรัถการ,2,,,,,
2506095493,2506095652,0,243188577,residential,False,,True,193.57204297944662,Thanon Rattakarn Soi 5,,,,,,
2506095520,2506095007,0,243188694,residential,False,,False,42.76936094508644,,,,,,,
2506095520,2506095945,0,243188694,residential,False,,True,55.67944832297651,,,,,,,
2506095520,2506095596,0,"[700908564, 243188631]",residential,False,,True,417.40359495271605,Thanon Chokesaman 5 Soi 22,,,,,,
2506095520,13347606684,0,1455426828,unclassified,False,,False,98.79583791644873,,,,,,,
2506095568,2506095662,0,243188784,tertiary,True,,False,10.875332769507065,ถนนราษฏร์อุทิศ,,,,,,
2506095568,1108909501,0,1150624014,tertiary,True,,False,167.5874766933954,ถนนสัจจกุล,,,,,,
2506095596,2506095520,0,"[700908564, 243188631]",residential,False,,False,417.40359495271605,Thanon Chokesaman 5 Soi 22,,,,,,
2506095596,2506095253,0,243188707,tertiary,False,,False,46.15105330010658,Thanon Chokesaman 5,,,,,,
2506095596,13327892803,0,243188707,tertiary,False,,True,53.05923363479736,Thanon Chokesaman 5,,,,,,
2506095614,1108909501,0,706341245,tertiary,False,,False,14.557649560483846,ถนนสาครมงคล,,,,,,
2506095614,2506095768,0,706341245,tertiary,False,,True,32.834113025919144,ถนนสาครมงคล,,,,,,
2506095614,2506095662,0,1150624009,tertiary,True,,False,166.51750888150858,ถนนสัจจกุล,,,,,,
2506095652,2506095493,0,243188577,residential,False,,False,193.57204297944662,Thanon Rattakarn Soi 5,,,,,,
2506095662,2506095879,0,243188784,tertiary,True,,False,32.2607142240239,ถนนราษฏร์อุทิศ,,,,,,
2506095662,2506095681,0,1150624012,tertiary,True,,False,10.364648927544941,ถนนสัจจกุล,,,,,,
2506095681,2506096006,0,243188745,tertiary,True,,False,414.6887372751726,ถนนสัจจกุล,,,,,,
2506095755,2506095776,0,243188307,residential,False,,False,82.681167166465,Thanon Rattakarn Soi 6/1,,,,,,
2506095768,2506095614,0,706341245,tertiary,False,,False,32.834113025919144,ถนนสาครมงคล,,,,,,
2506095768,13420471875,0,706341245,tertiary,False,,True,17.916266174682185,ถนนสาครมงคล,,,,,,
2506095768,2506095898,0,243188603,residential,False,,True,25.62211707609109,,,,,,,
2506095776,2506096208,0,84842972,tertiary,False,,False,47.095775662976365,ถนนรัถการ,2,,,,,
2506095776,2506095493,0,84842972,tertiary,False,,True,42.22662161414885,ถนนรัถการ,2,,,,,
2506095776,2506095755,0,243188307,residential,False,,True,82.681167166465,Thanon Rattakarn Soi 6/1,,,,,,
2506095776,2506095966,0,243188449,residential,False,,True,201.6068938317905,Thanon Rattakarn Soi 6,,,,,,
2506095879,2506095898,0,243188603,residential,False,,False,143.27723848520932,,,,,,,
2506095879,13420446635,0,243188784,tertiary,True,,False,72.24694576512374,ถนนราษฏร์อุทิศ,,,,,,
2506095898,2506095768,0,243188603,residential,False,,False,25.62211707609109,,,,,,,
2506095898,2506095879,0,243188603,residential,False,,True,143.27723848520932,,,,,,,
2506095898,13420471875,0,1463050792,residential,False,,True,28.55289356243406,,,,,,,
2506095945,2506095520,0,243188694,residential,False,,False,55.67944832297651,,,,,,,
2506095945,13347606684,0,967724491,tertiary,False,,False,56.52108638121326,ถนนสัจจกุล,,,,,,
2506095945,2506096016,0,967724491,tertiary,False,,True,61.18013552377446,ถนนสัจจกุล,,,,,,
2506095966,2506095776,0,243188449,residential,False,,False,201.6068938317905,Thanon Rattakarn Soi 6,,,,,,
2506096006,1115560969,0,243188287,tertiary,True,,False,23.684567709113498,ถนนสัจจกุล,,,,,,
2506096006,2506096044,0,243188671,tertiary,False,,False,97.04127579997524,ถนนสัจจกุล,,,,,,
2506096016,2506096128,0,243188168,tertiary,False,,True,15.720667652246453,,,,,,,
2506096016,2506095945,0,967724491,tertiary,False,,False,61.18013552377446,ถนนสัจจกุล,,,,,,
2506096016,6634925540,0,"[970017505, 243188621]",tertiary,False,,True,854.0094418393239,ถนนสัจจกุล,,,yes,,,
2506096044,2506096128,0,243188671,tertiary,False,,False,61.34850996923081,ถนนสัจจกุล,,,,,,
2506096044,2506096006,0,243188671,tertiary,False,,True,97.04127579997524,ถนนสัจจกุล,,,,,,
2506096044,8642938686,0,243188686,residential,False,,False,61.706952025876134,,,,,,,
2506096119,2506096155,0,243188451,residential,False,,False,98.45126352043977,Thanon Sakornmongkol 2 Soi 15,,,,,,
2506096128,2506096016,0,243188168,tertiary,False,,False,15.720667652246453,,,,,,,
2506096128,2506096044,0,243188671,tertiary,False,,True,61.34850996923081,ถนนสัจจกุล,,,,,,
2506096128,2506096273,0,243188671,tertiary,False,,False,300.038288264859,ถนนสัจจกุล,,,,,,
2506096155,13420471879,0,706341245,tertiary,False,,False,14.796473034832433,ถนนสาครมงคล,,,,,,
2506096155,2506096359,0,706341245,tertiary,False,,True,38.055668938223846,ถนนสาครมงคล,,,,,,
2506096155,2506096119,0,243188451,residential,False,,True,98.45126352043975,Thanon Sakornmongkol 2 Soi 15,,,,,,
2506096175,2506096208,0,243188081,residential,False,,True,79.54100031653866,Thanon Rattakarn Soi 6/2,,,,,,
2506096208,6634925539,0,84842972,tertiary,False,,False,26.1254388467257,ถนนรัถการ,2,,,,,
2506096208,2506095776,0,84842972,tertiary,False,,True,47.095775662976365,ถนนรัถการ,2,,,,,
2506096208,2506096175,0,243188081,residential,False,,False,79.54100031653866,Thanon Rattakarn Soi 6/2,,,,,,
2506096242,1115560991,0,243188564,residential,False,,False,279.2958589788043,Thanon Rajuthit Soi  30/2,,,,,,
2506096273,13327892803,0,243188707,tertiary,False,,False,53.84434353175734,Thanon Chokesaman 5,,,,,,
2506096273,2506096128,0,243188671,tertiary,False,,True,300.038288264859,ถนนสัจจกุล,,,,,,
2506096273,4900465229,0,243188707,tertiary,False,,True,48.449406446088176,Thanon Chokesaman 5,,,,,,
2506096291,2506096310,0,96240987,tertiary,False,,False,76.47576439018293,ถนนสัจจกุล,,,,,,
2506096291,8524057340,0,96240987,tertiary,False,,True,12.19249943146354,ถนนสัจจกุล,,,,,,
2506096291,2506094703,0,243188125,residential,False,,True,164.63734664686513,Soi 1 Sajjakul (Ramnon),,,,,,
2506096310,2506096291,0,96240987,tertiary,False,,True,76.47576439018293,ถนนสัจจกุล,,,,,,
2506096310,6634925540,0,970017506,tertiary,False,,False,7.849720031001762,Thanon Sajjakul,,,,,,
2506096310,2506095199,0,243188674,residential,False,,False,224.40365877303606,Soi 3 Sajjakul (Ramnon),,,,,,
2506096350,2506096359,0,243188553,residential,False,,False,167.6818007331947,Thanon Sakornmongkol 2 Soi 15/1,,,,,,
2506096359,2506096155,0,706341245,tertiary,False,,False,38.055668938223846,ถนนสาครมงคล,,,,,,
2506096359,4890613588,0,706341245,tertiary,False,,True,6.164990449042628,ถนนสาครมงคล,,,,,,
2506096359,2506096350,0,243188553,residential,False,,True,167.6818007331947,Thanon Sakornmongkol 2 Soi 15/1,,,,,,
2506096486,2506096496,0,243188181,residential,False,,False,163.52991425144214,,,,,,,
2506096496,2506096486,0,243188181,residential,False,,True,163.52991425144214,,,,,,,
2506096496,2506096670,0,243188772,tertiary,False,,False,31.06593553309476,Thanon Rajuthit Soi 33,,,,,,
2506096496,4890613588,0,706341245,tertiary,False,,False,19.207813040076967,ถนนสาครมงคล,,,,,,
2506096496,1421020880,0,706341245,tertiary,False,,True,76.92058036095182,ถนนสาครมงคล,,,,,,
2506096623,2507401524,0,84842972,tertiary,False,,False,45.51269350214028,ถนนรัถการ,2,,,,,
2506096623,2507401494,0,84842972,tertiary,False,,True,39.8608871892796,ถนนรัถการ,2,,,,,
2506096623,2507401505,0,243314161,residential,False,,True,79.7202972001018,Tanon Rattakarn Soi 7/,,,,,,
2506096623,13472858147,0,243314297,residential,False,,True,348.1086092404965,5anon Rattakarn Soi 7,,,,,,
2506096642,2506096706,0,243188507,residential,False,,False,294.4523746255271,Thanon Rajuthit Soi  32,,,,,,
2506096642,1115560991,0,1150624011,tertiary,True,,False,88.98958191483678,ถนนราษฏร์อุทิศ,,,,,,
2506096652,2506096670,0,243188363,residential,False,,False,100.4616017998862,,,,,,,
2506096670,2506096652,0,243188363,residential,False,,True,100.4616017998862,,,,,,,
2506096670,2506096496,0,243188772,tertiary,False,,True,31.06593553309476,Thanon Rajuthit Soi 33,,,,,,
2506096670,4890612869,0,243188772,tertiary,False,,False,83.62255701728995,Thanon Rajuthit Soi 33,,,,,,
2506096706,2506096642,0,243188507,residential,False,,True,294.4523746255271,Thanon Rajuthit Soi  32,,,,,,
2506096763,4900465229,0,243188707,tertiary,False,,False,60.94939440190975,Thanon Chokesaman 5,,,,,,
2506096763,8642938686,0,243188686,residential,False,,True,323.7322768418911,,,,,,,
2506096763,2506098502,0,243188707,tertiary,False,,True,431.49331613049503,Thanon Chokesaman 5,,,,,,
2506096917,1421020880,0,243188250,residential,False,,True,326.3338930397803,Thanon Sakornmongkol 2 Soi 15/2,,,,,,
2506097017,1115561050,0,96240985,residential,False,,False,142.587633058856,ถนนราษฎร์อุทิศ ซอย 32/1,,,,,,
2506097017,2506097046,0,96240985,residential,False,,True,113.09129662518679,ถนนราษฎร์อุทิศ ซอย 32/1,,,,,,
2506097017,2506097254,0,243188369,residential,False,,True,23.468142085273197,,,,,,,
2506097046,2506097017,0,96240985,residential,False,,False,113.09129662518679,ถนนราษฎร์อุทิศ ซอย 32/1,,,,,,
2506097046,2506097061,0,96240985,residential,False,,True,38.891573096168266,ถนนราษฎร์อุทิศ ซอย 32/1,,,,,,
2506097046,2506097241,0,243188483,residential,False,,False,25.72056883836995,,,,,,,
2506097061,2506097046,0,96240985,residential,False,,False,38.891573096168266,ถนนราษฎร์อุทิศ ซอย 32/1,,,,,,
2506097061,2506097080,0,96240985,residential,False,,True,38.48580100123943,ถนนราษฎร์อุทิศ ซอย 32/1,,,,,,
2506097061,2506097427,0,243188090,residential,False,,True,43.28961342862375,,,,,,,
2506097080,2506097061,0,96240985,residential,False,,False,38.48580100123943,ถนนราษฎร์อุทิศ ซอย 32/1,,,,,,
2506097080,2506097089,0,96240985,residential,False,,True,38.30800257731678,ถนนราษฎร์อุทิศ ซอย 32/1,,,,,,
2506097080,2506097412,0,243188259,residential,False,,True,41.35322505335747,,,,,,,
2506097089,2506097080,0,96240985,residential,False,,False,38.30800257731678,ถนนราษฎร์อุทิศ ซอย 32/1,,,,,,
2506097089,1115561039,0,96240985,residential,False,,True,94.7172744133322,ถนนราษฎร์อุทิศ ซอย 32/1,,,,,,
2506097089,2506097382,0,243188319,residential,False,,True,41.13089378334271,,,,,,,
2506097241,2506097442,0,243188483,residential,False,,False,21.016160591000475,,,,,,,
2506097241,2506097046,0,243188483,residential,False,,True,25.72056883836995,,,,,,,
2506097241,2506097254,0,243188513,residential,False,,True,113.86605232006501,,,,,,,
2506097254,2506097017,0,243188369,residential,False,,False,23.468142085273197,,,,,,,
2506097254,2506097241,0,243188513,residential,False,,False,113.86605232006501,,,,,,,
2506097254,2506097270,0,243188513,residential,False,,True,116.01098658339087,,,,,,,
2506097270,2506097254,0,243188513,residential,False,,False,116.01098658339087,,,,,,,
2506097286,1421020880,0,706341245,tertiary,False,,False,26.953157151758564,ถนนสาครมงคล,,,,,,
2506097286,2506097599,0,706341245,tertiary,False,,True,44.65883170383522,ถนนสาครมงคล,,,,,,
2506097286,4890612874,0,"[497502912, 243188107]",residential,False,,"[False, True]",317.1374440837198,,,,,,,
2506097382,2506097089,0,243188319,residential,False,,False,41.13089378334271,,,,,,,
2506097412,2506097080,0,243188259,residential,False,,False,41.35322505335747,,,,,,,
2506097427,2506097061,0,243188090,residential,False,,False,43.28961342862375,,,,,,,
2506097442,2506097241,0,243188483,residential,False,,True,21.016160591000475,,,,,,,
2506097599,2506097286,0,706341245,tertiary,False,,False,44.65883170383522,ถนนสาครมงคล,,,,,,
2506097599,2506098205,0,706341245,tertiary,False,,True,53.57255479003932,ถนนสาครมงคล,,,,,,
2506097599,2506097843,0,"[243188771, 243188150]",residential,False,,False,356.9953194998798,Thanon Sakornmongkol 2 Soi 17,,,,,,
2506097843,2506097885,0,243188482,residential,False,,False,48.651579342238925,,,,,,,
2506097843,2506098611,0,243188771,residential,False,,False,106.34010327934152,,,,,,,
2506097843,2506097599,0,"[243188771, 243188150]",residential,False,,True,356.9953194998798,Thanon Sakornmongkol 2 Soi 17,,,,,,
2506097885,2506097928,0,243188482,residential,False,,False,55.46557404059887,,,,,,,
2506097885,2506097843,0,243188482,residential,False,,True,48.651579342238925,,,,,,,
2506097885,4890612487,0,243188709,residential,False,,True,47.33834393579263,,,,,,,
2506097914,2506098255,0,243188440,tertiary,True,,False,26.66212462716284,,,,,,,
2506097914,4890612869,0,243188772,tertiary,False,,True,125.76198689455734,Thanon Rajuthit Soi 33,,,,,,
2506097928,2506097885,0,243188482,residential,False,,True,55.46557404059887,,,,,,,
2506098044,4890612290,0,243188687,residential,False,,True,220.46210997107676,Thanon Rajuthit Soi  34,,,,,,
2506098110,2506098255,0,243188052,tertiary,True,,False,8.155324895272381,,,,,roundabout,,
2506098110,2506097914,0,243188532,tertiary,True,,False,25.074290260268512,,,,,,,
2506098142,13420385893,0,243188052,tertiary,True,,False,4.873705799837417,,,,,roundabout,,
2506098142,1115561039,0,1150624011,tertiary,True,,False,117.84729155760259,ถนนราษฏร์อุทิศ,,,,,,
2506098193,2506098142,0,243188052,tertiary,True,,False,2.175769333470104,,,,,roundabout,,
2506098193,4890611688,0,243188687,residential,False,,False,121.61759202706115,Thanon Rajuthit Soi  34,,,,,,
2506098205,2506097599,0,706341245,tertiary,False,,False,53.57255479003932,ถนนสาครมงคล,,,,,,
2506098205,2506098523,0,706341245,tertiary,False,,True,58.291401287062996,ถนนสาครมงคล,,,,,,
2506098205,4890612871,0,"[243188657, 497502949]",residential,False,,True,231.27986789675958,Thanon Sakornmongkol 2 Soi 19,,,,,,
2506098237,2506098193,0,243188052,tertiary,True,,False,7.885322992522564,,,,,roundabout,,
2506098255,2506098284,0,243188052,tertiary,True,,False,5.418485576062153,,,,,roundabout,,
2506098284,2506098307,0,243188052,tertiary,True,,False,2.444065906263759,,,,,roundabout,,
2506098284,2506098431,0,243188443,residential,False,,True,157.42031257315776,,,,,,,
2506098307,2506098237,0,243188052,tertiary,True,,False,17.110517455230607,,,,,roundabout,,
2506098307,2506098392,0,243188475,tertiary,True,,False,23.404969024813305,,,,,,,
2506098392,2506098237,0,243188497,tertiary,True,,False,21.786648629363334,,,,,,,
2506098392,2506098773,0,243188707,tertiary,False,,False,123.41889619554607,Thanon Chokesaman 5,,,,,,
2506098431,2506098284,0,243188443,residential,False,,False,157.42031257315776,,,,,,,
2506098502,2506096763,0,243188707,tertiary,False,,False,431.49331613049503,Thanon Chokesaman 5,,,,,,
2506098502,2506099230,0,243188707,tertiary,False,,True,246.57795230479144,Thanon Chokesaman 5,,,,,,
2506098523,2506098205,0,706341245,tertiary,False,,False,58.291401287062996,ถนนสาครมงคล,,,,,,
2506098523,2506098804,0,706341245,tertiary,False,,True,42.878042657014845,ถนนสาครมงคล,,,,,,
2506098523,8935262489,0,243188548,residential,False,,False,87.32044967039678,Thanon Sakornmongkol 2 Soi 21,,,,,,
2506098523,4890612871,0,"[243188548, 497502807]",residential,False,,"[False, True]",222.11275886084343,Thanon Sakornmongkol 2 Soi 21,,,,,,
2506098579,2506098611,0,243188164,residential,False,,True,46.68380798094323,,,,,,,
2506098579,2506098847,0,243188709,residential,False,,True,43.742631161561015,,,,,,,
2506098579,4890612487,0,243188709,residential,False,,False,47.192680805402446,,,,,,,
2506098611,2506098579,0,243188164,residential,False,,False,46.68380798094323,,,,,,,
2506098611,2506098911,0,243188771,residential,False,,False,59.528658715360265,,,,,,,
2506098611,2506097843,0,243188771,residential,False,,True,106.34010327934152,,,,,,,
2506098663,2507401798,0,84842970,tertiary,False,,False,15.435713245723607,Niphat Songkhro 5,,,,,,
2506098663,4900465217,0,84842970,tertiary,False,,True,57.59438168047983,Niphat Songkhro 5,,,,,,
2506098663,2507401807,0,243188050,tertiary,False,,False,22.359810828205354,,,,,,,
2506098773,2506099230,0,243188707,tertiary,False,,False,125.06306290461548,Thanon Chokesaman 5,,,,,,
2506098773,2506098392,0,243188707,tertiary,False,,True,123.41889619554607,Thanon Chokesaman 5,,,,,,
2506098773,10962944852,0,932289878,residential,False,,False,24.08702529260534,,,,,,,
2506098804,2506098523,0,706341245,tertiary,False,,False,42.878042657014845,ถนนสาครมงคล,,,,,,
2506098804,2506099262,0,706341245,tertiary,False,,True,64.55638365216052,ถนนสาครมงคล,,,,,,
2506098804,2506098847,0,243188635,residential,False,,True,210.61203693112085,Thanon Sakornmongkol 2 Soi 23,,,,,,
2506098847,2506098579,0,243188709,residential,False,,False,43.742631161561015,,,,,,,
2506098847,2506098911,0,700908557,residential,False,,True,45.176611654798954,,,,,,,
2506098847,2506098911,1,"[243188771, 243188709]",residential,False,,True,183.11330007561443,,,,,,,
2506098847,2506098804,0,243188635,residential,False,,False,210.61203693112085,Thanon Sakornmongkol 2 Soi 23,,,,,,
2506098911,2506098847,0,700908557,residential,False,,False,45.176611654798954,,,,,,,
2506098911,2506098847,1,"[243188771, 243188709]",residential,False,,False,183.11330007561443,,,,,,,
2506098911,2506098611,0,243188771,residential,False,,True,59.528658715360265,,,,,,,
2506099230,2506098502,0,243188707,tertiary,False,,False,246.57795230479144,Thanon Chokesaman 5,,,,,,
2506099230,2506098773,0,243188707,tertiary,False,,True,125.06306290461548,Thanon Chokesaman 5,,,,,,
2506099230,2506101208,0,243188750,residential,False,,True,477.38922494255957,,,,,,,
2506099262,2506099316,0,243188253,residential,False,,True,64.56931567559113,,,,,,,
2506099262,2506098804,0,706341245,tertiary,False,,False,64.55638365216052,ถนนสาครมงคล,,,,,,
2506099262,2506099593,0,706341245,tertiary,False,,True,41.709663283469105,ถนนสาครมงคล,,,,,,
2506099316,2506099262,0,243188253,residential,False,,False,64.56931567559113,,,,,,,
2506099593,2506099262,0,706341245,tertiary,False,,False,41.709663283469105,ถนนสาครมงคล,,,,,,
2506099593,2506100210,0,706341245,tertiary,False,,True,82.60692749918417,ถนนสาครมงคล,,,,,,
2506099593,2506099740,0,243188456,residential,False,,True,134.5331444145323,,,,,,,
2506099672,8349052655,0,84842972,tertiary,False,,False,86.08251362640605,ถนนรัถการ,2,,,,,
2506099672,4900465108,0,706137267,tertiary,False,,True,206.59027344059913,ถนนนิพันธ์สงเคราะห์ 1 ซอย 23,,,,,,
2506099672,2507401822,0,84842972,tertiary,False,,True,84.75664437022506,ถนนรัถการ,2,,,,,
2506099740,2506099593,0,243188456,residential,False,,False,134.5331444145323,,,,,,,
2506100018,2506100210,0,243188556,residential,False,,False,163.81047210410776,,,,,,,
2506100210,2506099593,0,706341245,tertiary,False,,False,82.60692749918417,ถนนสาครมงคล,,,,,,
2506100210,2506100657,0,706341245,tertiary,False,,True,38.716053134438084,ถนนสาครมงคล,,,,,,
2506100210,2506100018,0,243188556,residential,False,,True,163.81047210410776,,,,,,,
2506100657,2506100800,0,243188152,residential,False,,True,74.56957989040218,,,,,,,
2506100657,2506100210,0,706341245,tertiary,False,,False,38.716053134438084,ถนนสาครมงคล,,,,,,
2506100657,2506101208,0,706341245,tertiary,False,,True,50.06741705918472,ถนนสาครมงคล,,,,,,
2506100800,2506100657,0,243188152,residential,False,,False,74.56957989040218,,,,,,,
2506101208,2506100657,0,706341245,tertiary,False,,False,50.06741705918472,ถนนสาครมงคล,,,,,,
2506101208,2506099230,0,243188750,residential,False,,False,477.38922494255957,,,,,,,
2506101627,2506101952,0,243188050,tertiary,False,,False,58.210414533058774,,,,,,,
2506101627,2507401991,0,243188050,tertiary,False,,True,30.936420594314402,,,,,,,
2506101627,8643391229,0,932397821,residential,False,,False,49.314522868214695,,,,,,,
2506101952,2506102050,0,243188050,tertiary,False,,False,19.19945731696057,,,,,,,
2506101952,2506101627,0,243188050,tertiary,False,,True,58.210414533058774,,,,,,,
2506101952,2507402007,0,243314316,residential,False,,True,210.80009941840535,ซอยพรหมสุวรรณ,,,,,,
2506102001,2506101952,0,243188422,tertiary,True,สข.5061,False,62.412048270033296,ถนนนวลแก้วอุทิศ,,,,,,
2506102001,2507402012,0,243188701,tertiary,False,สข.5061,True,65.5461789899176,ถนนนวลแก้วอุทิศ,,,,,,
2506102050,2507402015,0,243188050,tertiary,False,,False,15.18337823652929,,,,,,,
2506102050,2506101952,0,243188050,tertiary,False,,True,19.19945731696057,,,,,,,
2506102050,2506102001,0,243188648,tertiary,True,สข.5061,False,59.03124444413574,ถนนนวลแก้วอุทิศ,,,,,,
2506102117,2507401971,0,243079762,residential,False,,False,269.19362768298646,,,,,,,
2506102117,8932255318,0,243188701,tertiary,False,สข.5061,False,336.49471270603954,ถนนนวลแก้วอุทิศ,,,,,,
2506102117,2507402050,0,243314237,residential,False,,True,290.7226731801172,,,,,,,
2506102795,2507402068,0,243188050,tertiary,False,,False,34.271763531323344,,,,,,,
2506102795,6634869945,0,243188050,tertiary,False,,True,25.524380045209575,,,,,,,
2506102795,2507402062,0,243314426,residential,False,,False,426.6664228134215,ซอยรวมมิตร,,,,,,
2506103269,2507402076,0,243188050,tertiary,False,,False,35.23045458102442,,,,,,,
2506103269,2507402070,0,243188050,tertiary,False,,True,11.753947249837394,,,,,,,
2506103269,985092499,0,243314329,residential,False,,True,322.3356579546251,Phetjunkong Road,,,,,,
2506103891,2507402102,0,243188050,tertiary,False,,False,62.683659208055865,,,,,,,
2506103891,2507402085,0,243188050,tertiary,False,,True,54.99357191331062,,,,,,,
2506103891,2507402105,0,243314079,unclassified,False,,True,196.90940733933166,Thanoj Petmalai Soi 1,,,,,,
2506104118,2507402097,0,84842972,tertiary,False,,True,74.93599606878917,ถนนรัถการ,2,,,,,
2506104118,2507402102,0,243188050,tertiary,False,,True,16.515461772385134,,,,,,,
2506104118,2507402157,0,700908615,residential,False,,True,336.3675979593149,Thanon Anusornarjantong,,,,,,
2506106689,8642565701,0,700908867,tertiary,False,,True,35.7730190292757,Soi 4 Karnjanavit,,,,,,
2506106689,8634614744,0,931322901,residential,False,,False,44.81815991189849,,,,,,,
2506106694,8642592922,0,700908867,tertiary,False,,False,87.03680777535081,Soi 4 Karnjanavit,,,,,,
2506106694,2508586105,0,970029499,primary,True,,False,118.63453875464265,ถนนกาญจนวณิชย์,3,,,,,
2507400591,2505176020,0,243314310,residential,False,,False,170.62611493130726,,,,,,,
2507400591,8642866006,0,"[932339001, 155690866, 243314310]",residential,False,,True,15.996493421576654,,,,yes,,,
2507400591,4900465949,0,705855017,residential,True,,False,266.2413977940812,,,,,,,
2507400593,2507400591,0,705855017,residential,True,,False,28.650897070783433,,,,,,,
2507400593,8976428987,0,"[990212970, 970010766, 970010767]",tertiary,True,,False,17.216764511503143,ถนนธรรมนูญวิถี,,,yes,,,
2507400599,1639088652,0,243314389,residential,False,,False,253.93871945634416,,,,,,,
2507400599,849403352,0,684736206,tertiary,True,,False,61.484085032208974,ถนนธรรมนูญวิถี,,,,,,
2507400604,2507400612,0,243314436,residential,False,,True,25.587765216984717,Soi Te Ta Cho,,,,,,
2507400604,13449811511,0,243314436,residential,False,,False,85.08991939240727,Soi Te Ta Cho,,,,,,
2507400604,2507400609,0,243314467,residential,False,,False,87.03630687652922,,,,,,,
2507400607,2505176086,0,71380776,tertiary,False,,False,40.0355648996078,,,,,,,
2507400607,849403352,0,71380776,tertiary,False,,True,75.8003503207703,,,,,,,
2507400607,1639088606,0,243314287,residential,False,,False,188.39611182896107,,,,,,,
2507400609,4900465377,0,498671542,residential,False,,False,35.181273768301516,,,,,,,
2507400609,13388503443,0,243314467,residential,False,,False,66.7056438218115,,,,,,,
2507400609,2507400604,0,243314467,residential,False,,True,87.03630687652922,,,,,,,
2507400612,2507400604,0,243314436,residential,False,,False,25.587765216984717,Soi Te Ta Cho,,,,,,
2507400612,2507400618,0,243314436,residential,False,,True,15.413442000943775,Soi Te Ta Cho,,,,,,
2507400612,4900465377,0,243314248,residential,False,,False,89.83078856036903,,,,,,,
2507400614,8523326825,0,243314165,residential,False,,False,32.10895818928361,ซอยเตชะโต,,,,,,
2507400618,8523326825,0,243314165,residential,False,,True,62.679461263530136,ซอยเตชะโต,,,,,,
2507400618,2507400612,0,243314436,residential,False,,False,15.413442000943775,Soi Te Ta Cho,,,,,,
2507400618,2507400624,0,243314436,residential,False,,True,17.511732708784976,Soi Te Ta Cho,,,,,,
2507400624,2507400618,0,243314436,residential,False,,False,17.511732708784976,Soi Te Ta Cho,,,,,,
2507400625,4900465377,0,243314248,residential,False,,True,11.622158358677552,,,,,,,
2507400630,8523326826,0,243314312,residential,False,,True,25.269511790687346,,,,,,,
2507400638,2507400639,0,243314192,residential,False,,True,14.33715505562379,,,,yes,,,
2507400638,8976429008,0,969757855,residential,True,,False,177.55668167438813,,,,,,,
2507400638,8523326826,0,243314312,residential,False,,False,60.415507434967836,,,,,,,
2507400639,2507400638,0,243314192,residential,False,,False,14.33715505562379,,,,yes,,,
2507400639,849403500,0,1270957861,secondary,True,,False,180.35609140287082,ถนนราษฎร์ยินดี,2,,,,,
2507400647,2507400648,0,243314201,residential,False,,False,104.04064363691636,,,,,,,
2507400647,1639088606,0,243314411,residential,False,,False,82.79452669036039,,,,,,,
2507400647,2507400651,0,243314411,residential,False,,True,60.81973353547186,,,,,,,
2507400648,2507400647,0,243314201,residential,False,,True,104.04064363691636,,,,,,,
2507400649,1639088636,0,151072451,residential,False,,False,52.05852122685128,Soi Rajyindee Road 7,,,,,,
2507400649,2507400677,0,243314105,residential,False,,False,147.4182897765432,,,,,,,
2507400649,1639088652,0,151072451,residential,False,,True,118.38993880562396,Soi Rajyindee Road 7,,,,,,
2507400651,2507400647,0,243314411,residential,False,,False,60.81973353547186,,,,,,,
2507400651,2507400655,0,243314411,residential,False,,True,49.87771008779417,,,,,,,
2507400651,2507400652,0,243314368,residential,False,,False,221.04028863281914,,,,,,,
2507400652,11484409607,0,1236748105,tertiary,False,,True,85.54789817574134,ถนนประชายินดี,2,,,,,
2507400652,2507400651,0,243314368,residential,False,,True,221.04028863281914,,,,,,,
2507400652,2406954571,0,1236748105,tertiary,False,,False,108.92629956000582,ถนนประชายินดี,2,,,,,
2507400655,2507400664,0,243314301,residential,False,,False,78.25402672628937,,,,,,,
2507400655,2507400671,0,243314301,residential,False,,True,76.13156940404733,,,,,,,
2507400655,2507400651,0,243314411,residential,False,,False,49.87771008779417,,,,,,,
2507400664,2507400655,0,243314301,residential,False,,True,78.25402672628937,,,,,,,
2507400671,2406954575,0,71380776,tertiary,False,,False,66.97320684681303,,,,,,,
2507400671,1639088636,0,71380776,tertiary,False,,True,89.03216192672106,,,,,,,
2507400671,2507400655,0,243314301,residential,False,,False,76.13156940404733,,,,,,,
2507400677,8523328991,0,66984604,tertiary,True,,False,84.98129090438653,ถนนศุภสารรังสรรค์,,,,,,
2507400677,2507400649,0,243314105,residential,False,,True,147.4182897765432,,,,,,,
2507400682,2507400685,0,243314468,residential,False,,False,57.1335875895623,Soi Noon Uthit,,,,,,
2507400685,1115361870,0,243314468,residential,False,,False,74.25223380554102,Soi Noon Uthit,,,,,,
2507400685,2507400682,0,243314468,residential,False,,True,57.1335875895623,Soi Noon Uthit,,,,,,
2507400685,4900464594,0,498671413,residential,False,,False,47.02714373672232,Soi 2 Klongren Road 1,,,,,,
2507400685,2507400688,0,243314419,residential,False,,False,180.48360288710202,Soi Rakwuong,,,,,,
2507400688,2505176348,0,71380787,tertiary,False,,False,56.527207321251595,ถนนประชายินดี,,,,,,
2507400688,2406954573,0,71380787,tertiary,False,,True,118.43146791630092,ถนนประชายินดี,,,,,,
2507400688,2507400685,0,243314419,residential,False,,True,180.48360288710202,Soi Rakwuong,,,,,,
2507400689,947896958,0,66984613,residential,True,,False,59.55629483582949,ถนนราษฎร์ยินดี 2,,,,,,
2507400689,2507400690,0,243314073,residential,False,,False,14.460342204950134,,,,yes,,,
2507400689,12518064113,0,243314112,residential,False,,True,206.72738645475133,Soi Charoensook,,,,,,
2507400690,2507400689,0,243314073,residential,False,,True,14.460342204950134,,,,yes,,,
2507400690,2505176258,0,970323546,secondary,True,,False,83.13328844942956,ถนนราษฎร์ยินดี,2,,,,,
2507400695,4900465328,0,"[498671521, 243314095]",residential,False,,False,148.3643226455581,,,,,,,
2507400695,4900465328,1,243314435,residential,False,,True,143.27224809711544,,,,,,,
2507400695,849403403,0,"[243314435, 498671644]",residential,False,,"[False, True]",107.04925505268591,,,,,,,
2507400696,2507400689,0,66984613,residential,True,,False,65.50186600162598,ถนนราษฎร์ยินดี 2,,,,,,
2507400696,2507400698,0,243314213,residential,False,,False,14.009276292436372,,,,yes,,,
2507400696,4900465441,0,243314378,residential,False,,True,41.652614985236795,Thanon Rajyindee Soi 5,,,,,,
2507400698,2507400696,0,243314213,residential,False,,True,14.009276292436372,,,,yes,,,
2507400698,2507400690,0,970323546,secondary,True,,False,66.14876328150105,ถนนราษฎร์ยินดี,2,,,,,
2507400701,2507400702,0,243314378,residential,False,,True,113.39656083630074,Thanon Rajyindee Soi 5,,,,,,
2507400701,4900465395,0,498671548,residential,False,,True,37.12547340769311,,,,,,,
2507400701,8523449430,0,243314378,residential,False,,False,94.33823857598676,Thanon Rajyindee Soi 5,,,,,,
2507400702,2507400701,0,243314378,residential,False,,False,113.39656083630074,Thanon Rajyindee Soi 5,,,,,,
2507400704,2507400708,0,243314234,residential,False,,False,108.17402906111876,Thanon Rajyindee Soi 5,,,,,,
2507400706,2507400707,0,243314171,residential,False,,False,188.85714646694387,Thanon Prachayindee Soi 3,,,,,,
2507400706,2507400711,0,243314468,residential,False,,False,46.35073990339517,Soi Noon Uthit,,,,,,
2507400706,1115361870,0,243314468,residential,False,,True,44.44928427969004,Soi Noon Uthit,,,,,,
2507400707,2507400710,0,71380787,tertiary,False,,False,43.092370261378115,ถนนประชายินดี,,,,,,
2507400707,2505176348,0,71380787,tertiary,False,,True,58.727802604816716,ถนนประชายินดี,,,,,,
2507400707,2507400706,0,243314171,residential,False,,True,188.85714646694387,Thanon Prachayindee Soi 3,,,,,,
2507400708,2505176470,0,71380780,tertiary,False,,False,48.12597828922847,ถนนคลองเรียน 1,4,,,,,
2507400708,849403403,0,71380780,tertiary,False,,True,42.85256220414499,ถนนคลองเรียน 1,4,,,,,
2507400708,2507400704,0,243314234,residential,False,,True,108.17402906111876,Thanon Rajyindee Soi 5,,,,,,
2507400710,2507400715,0,71380787,tertiary,False,,False,44.42673501128883,ถนนประชายินดี,,,,,,
2507400710,2507400707,0,71380787,tertiary,False,,True,43.092370261378115,ถนนประชายินดี,,,,,,
2507400710,2507400711,0,243314145,residential,False,,True,191.34987165181442,Thanon Prachayindee Soi 2,,,,,,
2507400711,2507400710,0,243314145,residential,False,,False,191.34987165181442,Thanon Prachayindee Soi 2,,,,,,
2507400711,2507400716,0,243314468,residential,False,,False,44.28235084255311,Soi Noon Uthit,,,,,,
2507400711,2507400706,0,243314468,residential,False,,True,46.35073990339517,Soi Noon Uthit,,,,,,
2507400715,2507400710,0,71380787,tertiary,False,,True,44.42673501128883,ถนนประชายินดี,,,,,,
2507400715,2505176628,0,71380787,tertiary,False,,False,97.20510167972321,ถนนประชายินดี,,,,,,
2507400715,2507400716,0,243314122,residential,False,,True,192.60147328682893,Thanon Prachayindee Soi 1,,,,,,
2507400716,2507400750,0,243314468,residential,False,,False,148.4470457591164,Soi Noon Uthit,,,,,,
2507400716,2507400711,0,243314468,residential,False,,True,44.28235084255311,Soi Noon Uthit,,,,,,
2507400716,2507400715,0,243314122,residential,False,,False,192.60147328682893,Thanon Prachayindee Soi 1,,,,,,
2507400717,2507400720,0,243314206,residential,False,,False,104.29527057451337,,,,,,,
2507400720,2505176470,0,71380780,tertiary,False,,True,45.42992959085071,ถนนคลองเรียน 1,4,,,,,
2507400720,2507400717,0,243314206,residential,False,,True,104.29527057451337,,,,,,,
2507400720,2505176598,0,71380780,tertiary,False,,False,59.1638248117486,ถนนคลองเรียน 1,4,,,,,
2507400724,2507400739,0,243314134,residential,False,,True,90.90236202757177,,,,,,,
2507400734,2507400749,0,243314158,residential,False,,False,70.63966355387025,,,,,,,
2507400739,2505176628,0,68518888,residential,False,,False,105.29674390021964,ถนนกาญจนวนิช ซอย 17,,,,,,
2507400739,2507400749,0,68518888,residential,False,,True,97.25336808593966,ถนนกาญจนวนิช ซอย 17,,,,,,
2507400739,2507400724,0,243314134,residential,False,,False,90.90236202757177,,,,,,,
2507400740,8523777680,0,71380787,tertiary,False,,False,72.80612666571834,ถนนประชายินดี,,,,,,
2507400740,2505176628,0,71380787,tertiary,False,,True,32.47972257538385,ถนนประชายินดี,,,,,,
2507400740,2507400741,0,243314344,residential,False,,True,49.71223524289227,,,,,,,
2507400741,2507400764,0,243314071,residential,False,,True,41.62511849575644,,,,,,,
2507400741,2507400740,0,243314344,residential,False,,False,49.71223524289227,,,,,,,
2507400741,2507400744,0,243314344,residential,False,,True,49.966974539007225,,,,,,,
2507400742,2507400773,0,243314177,residential,False,,False,88.19452984821619,,,,,,,
2507400744,2507400741,0,243314344,residential,False,,False,49.966974539007225,,,,,,,
2507400748,4900465052,0,65080358,secondary,True,,False,47.69865251622708,ถนนราษฎร์ยินดี,,,,,,
2507400748,2507400752,0,243314103,residential,False,,True,89.66404370459799,ซอยยินดี,,,,,,
2507400749,2507400739,0,68518888,residential,False,,False,97.25336808593966,ถนนกาญจนวนิช ซอย 17,,,,,,
2507400749,2507400734,0,243314158,residential,False,,True,70.63966355387025,,,,,,,
2507400749,2507400767,0,68518888,residential,False,,True,95.53656167869144,ถนนกาญจนวนิช ซอย 17,,,,,,
2507400750,823954362,0,243314468,residential,False,,False,89.81829267922124,Soi Noon Uthit,,,,,,
2507400750,2507400716,0,243314468,residential,False,,True,148.4470457591164,Soi Noon Uthit,,,,,,
2507400750,2507400753,0,243314324,residential,False,,False,82.029758674182,,,,,,,
2507400752,2507400748,0,243314103,residential,False,,False,89.66404370459799,ซอยยินดี,,,,,,
2507400753,2507400750,0,243314324,residential,False,,True,82.029758674182,,,,,,,
2507400764,2507400741,0,243314071,residential,False,,False,41.62511849575644,,,,,,,
2507400767,2507400771,0,68518888,residential,False,,True,99.1582976882101,ถนนกาญจนวนิช ซอย 17,,,,,,
2507400767,2507400749,0,68518888,residential,False,,False,95.53656167869144,ถนนกาญจนวนิช ซอย 17,,,,,,
2507400767,4900464589,0,243314472,residential,False,,True,76.94204933595155,ถนนกาญจนวณิชย์ ซอย 17/1,2,,,,,
2507400768,4900465493,0,700908624,residential,False,,False,78.34618345500874,,,,,,,
2507400769,1110416469,0,95542482,tertiary,False,,False,64.90112092934167,ถนนจุติอนุสรณ์,,,,,,
2507400769,1110416526,0,95542482,tertiary,False,,True,49.42407232899226,ถนนจุติอนุสรณ์,,,,,,
2507400769,2507400792,0,243314137,residential,False,,False,106.82066769497204,,,,,,,
2507400771,2507400767,0,68518888,residential,False,,False,99.1582976882101,ถนนกาญจนวนิช ซอย 17,,,,,,
2507400771,2507400774,0,68518888,residential,False,,True,88.90762663697113,ถนนกาญจนวนิช ซอย 17,,,,,,
2507400771,2507400793,0,243314401,residential,False,,False,90.42105918831182,Soi Tummachoten Uthit 3,,,,,,
2507400772,1110416754,0,95542482,tertiary,False,,False,93.30620197505229,ถนนจุติอนุสรณ์,,,,,,
2507400772,1110416469,0,95542482,tertiary,False,,True,54.742163944851654,ถนนจุติอนุสรณ์,,,,,,
2507400772,1123399863,0,243314160,residential,False,,True,78.1854475900164,,,,,,,
2507400773,947896981,0,81350006,tertiary,False,,False,47.90231975101524,Thanon Rajyindee Soi 1,,,,,,
2507400773,2507400742,0,243314177,residential,False,,True,88.19452984821619,,,,,,,
2507400773,947896985,0,81350006,tertiary,False,,True,82.36176048938931,Thanon Rajyindee Soi 1,,,,,,
2507400774,2507400771,0,68518888,residential,False,,False,88.90762663697113,ถนนกาญจนวนิช ซอย 17,,,,,,
2507400774,2507400776,0,68518888,residential,False,,True,47.214286139413474,ถนนกาญจนวนิช ซอย 17,,,,,,
2507400774,8523772946,0,706091195,residential,False,,True,54.13980512712903,Soi Tummachoten Uthit 2,,,,,,
2507400776,2507400774,0,68518888,residential,False,,False,47.214286139413474,ถนนกาญจนวนิช ซอย 17,,,,,,
2507400776,823954353,0,68518888,residential,False,,True,51.01497329606505,ถนนกาญจนวนิช ซอย 17,,,,,,
2507400776,2507400881,0,243314476,residential,False,,False,251.87351115708935,Soi 5 Phetkasem,,,,,,
2507400778,823954362,0,71380772,residential,False,,False,69.24148074093924,ถนนวงศ์วานิช,2,,,,,
2507400778,849403355,0,71380772,residential,False,,True,128.22381506809785,ถนนวงศ์วานิช,2,,,,,
2507400778,2507400789,0,243314366,residential,False,,True,27.16382262702706,,,,,,,
2507400782,2507400800,0,243314244,residential,False,,True,48.38054075259116,,,,,,,
2507400782,2507400783,0,243314266,residential,False,,True,45.54726820492521,,,,,,,
2507400782,2507400845,0,"[243314266, 243314348]",residential,False,,False,179.17602278558334,,,,,,,
2507400783,2507400782,0,243314266,residential,False,,False,45.54726820492521,,,,,,,
2507400785,2508579987,0,243454912,residential,False,,False,76.84431806108951,,,,,,,
2507400785,2507400795,0,700908624,residential,False,,False,32.19483829000022,,,,,,,
2507400785,4900465493,0,700908624,residential,False,,True,10.751756520216988,,,,,,,
2507400787,2507400793,0,243314130,residential,False,,False,89.26762899106951,,,,,,,
2507400787,4900464589,0,243314472,residential,False,,False,18.152956529686033,ถนนกาญจนวณิชย์ ซอย 17/1,2,,,,,
2507400787,4900465494,0,243314472,residential,False,,True,22.787433000070813,ถนนกาญจนวณิชย์ ซอย 17/1,2,,,,,
2507400788,2507400789,0,243314086,residential,False,,False,75.98037553425453,,,,,,,
2507400789,2507400788,0,243314086,residential,False,,True,75.98037553425453,,,,,,,
2507400789,2507400778,0,243314366,residential,False,,False,27.16382262702706,,,,,,,
2507400789,2507400797,0,243314366,residential,False,,True,27.244932154893906,,,,,,,
2507400790,2507400804,0,243314148,residential,False,,True,44.81887569748397,,,,,,,
2507400792,1123399492,0,1257722739,unclassified,True,,False,57.38837492173541,,,,,,,
2507400792,2507400769,0,243314137,residential,False,,True,106.82066769497204,,,,,,,
2507400793,2507400787,0,243314130,residential,False,,True,89.26762899106951,,,,,,,
2507400793,2507400771,0,243314401,residential,False,,True,90.42105918831182,Soi Tummachoten Uthit 3,,,,,,
2507400793,2507400801,0,"[243314184, 243314401]",residential,False,,"[False, True]",131.33848836882265,Soi Tummachoten Uthit 3,,,,,,
2507400795,2507400806,0,243314084,residential,False,,False,115.88789001167362,ถนนกาญจนวณิชย์ ซอย 17/1,2,,,,,
2507400795,2507400809,0,700908624,residential,False,,False,41.95107650857403,,,,,,,
2507400795,2507400785,0,700908624,residential,False,,True,32.19483829000022,,,,,,,
2507400796,2507400807,0,71380780,tertiary,False,,False,35.77849049889411,ถนนคลองเรียน 1,4,,,,,
2507400796,2507400797,0,243314333,residential,False,,False,168.15080131615179,Soi 6 Klongren 1 Road,,,,,,
2507400796,1597535079,0,71380780,tertiary,False,,True,58.33168569562567,ถนนคลองเรียน 1,4,,,,,
2507400797,2507400798,0,243314333,residential,False,,False,56.00055108425981,Soi 6 Klongren 1 Road,,,,,,
2507400797,2507400796,0,243314333,residential,False,,True,168.15080131615179,Soi 6 Klongren 1 Road,,,,,,
2507400797,2507400789,0,243314366,residential,False,,False,27.244932154893906,,,,,,,
2507400798,2507400797,0,243314333,residential,False,,True,56.00055108425981,Soi 6 Klongren 1 Road,,,,,,
2507400800,2507400782,0,243314244,residential,False,,False,48.38054075259116,,,,,,,
2507400800,4900465060,0,243314244,residential,False,,True,51.58337379015573,,,,,,,
2507400800,2507400804,0,243314434,residential,False,,False,109.21528593885671,Thanon Banja Soi 2,,,,,,
2507400801,4900465494,0,243314472,residential,False,,False,25.01638120739035,ถนนกาญจนวณิชย์ ซอย 17/1,2,,,,,
2507400801,2507400806,0,243314472,residential,False,,True,14.029397207123438,ถนนกาญจนวณิชย์ ซอย 17/1,2,,,,,
2507400801,2507400793,0,"[243314184, 243314401]",residential,False,,"[False, True]",131.33848836882265,Soi Tummachoten Uthit 3,,,,,,
2507400804,2507400790,0,243314148,residential,False,,False,44.81887569748397,,,,,,,
2507400804,2507400807,0,243314434,residential,False,,False,90.17940938421452,Thanon Banja Soi 2,,,,,,
2507400804,2507400800,0,243314434,residential,False,,True,109.21528593885671,Thanon Banja Soi 2,,,,,,
2507400806,2507400795,0,243314084,residential,False,,True,115.88789001167362,ถนนกาญจนวณิชย์ ซอย 17/1,2,,,,,
2507400806,2507400801,0,243314472,residential,False,,False,14.029397207123438,ถนนกาญจนวณิชย์ ซอย 17/1,2,,,,,
2507400806,2507400815,0,243314472,residential,False,,True,29.537968977441306,ถนนกาญจนวณิชย์ ซอย 17/1,2,,,,,
2507400807,2507400816,0,71380780,tertiary,False,,False,27.026976744763324,ถนนคลองเรียน 1,4,,,,,
2507400807,2507400796,0,71380780,tertiary,False,,True,35.77849049889411,ถนนคลองเรียน 1,4,,,,,
2507400807,2507400804,0,243314434,residential,False,,True,90.17940938421452,Thanon Banja Soi 2,,,,,,
2507400809,2507400795,0,700908624,residential,False,,True,41.95107650857403,,,,,,,
2507400809,11290027197,0,1218417047,residential,False,,False,18.753362689045467,,,,,,,
2507400809,2507400825,0,700908624,residential,False,,False,44.73098898655196,,,,,,,
2507400813,2507400819,0,71380777,tertiary,False,,False,10.394678172605573,Thanon Phetkasem Soi 11,,,,,,
2507400813,2508580006,0,71380777,tertiary,False,,True,60.08863508196534,Thanon Phetkasem Soi 11,,,,,,
2507400813,2507400816,0,243314385,residential,False,,True,307.7043156967396,,,,,,,
2507400815,2507400806,0,243314472,residential,False,,False,29.537968977441306,ถนนกาญจนวณิชย์ ซอย 17/1,2,,,,,
2507400815,2507400821,0,243314472,residential,False,,True,14.813744011611902,ถนนกาญจนวณิชย์ ซอย 17/1,2,,,,,
2507400815,2507400846,0,243314294,residential,False,,False,167.5838362778414,,,,,,,
2507400816,2505176975,0,71380780,tertiary,False,,False,27.76971388341155,ถนนคลองเรียน 1,4,,,,,
2507400816,2507400807,0,71380780,tertiary,False,,True,27.026976744763324,ถนนคลองเรียน 1,4,,,,,
2507400816,2507400813,0,243314385,residential,False,,False,307.70431569673957,,,,,,,
2507400819,2507400856,0,71380777,tertiary,False,,False,47.560499889975645,Thanon Phetkasem Soi 11,,,,,,
2507400819,2507400813,0,71380777,tertiary,False,,True,10.394678172605573,Thanon Phetkasem Soi 11,,,,,,
2507400819,2507400825,0,243314473,residential,False,,False,141.26087920545865,Phetkasem Soi 11/3,,,,,,
2507400821,11290027196,0,243314109,residential,False,,True,53.44343650483163,,,,,,,
2507400821,2507400815,0,243314472,residential,False,,False,14.813744011611902,ถนนกาญจนวณิชย์ ซอย 17/1,2,,,,,
2507400821,2507400864,0,243314472,residential,False,,True,64.69640312267497,ถนนกาญจนวณิชย์ ซอย 17/1,2,,,,,
2507400825,2507400871,0,243314063,residential,False,,False,75.08534529471557,Thanon Phetkasem Soi 7,,,,,,
2507400825,2507400864,0,243314473,residential,False,,False,114.25579545122372,Phetkasem Soi 11/3,,,,,,
2507400825,2507400819,0,243314473,residential,False,,True,141.26087920545865,Phetkasem Soi 11/3,,,,,,
2507400825,2507400809,0,700908624,residential,False,,True,44.73098898655196,,,,,,,
2507400837,2507400878,0,243314174,residential,False,,True,83.78591425065075,,,,,,,
2507400837,13383672794,0,243314469,unclassified,False,,True,58.518061160753234,Thanon Banja,,,,,,
2507400837,2505176975,0,700908621,residential,False,,False,77.150626815,ถนนบ้านจ่า,,,,,,
2507400842,4900465060,0,243314244,residential,False,,False,30.97981724815488,,,,,,,
2507400842,2507400845,0,243314469,unclassified,False,,True,49.654967353447006,Thanon Banja,,,,,,
2507400842,13383672794,0,243314469,unclassified,False,,False,61.53677030405197,Thanon Banja,,,,,,
2507400844,2507400860,0,243314375,residential,False,,False,24.371787432109663,Soi 3 Ban Klangna,,,,,,
2507400845,2507400842,0,243314469,unclassified,False,,False,49.654967353447006,Thanon Banja,,,,,,
2507400845,2507400847,0,243314469,unclassified,False,,True,50.90021276608336,Thanon Banja,,,,,,
2507400845,2507400782,0,"[243314266, 243314348]",residential,False,,True,179.1760227855833,,,,,,,
2507400846,8523772946,0,706091195,residential,False,,False,131.71697571261413,Soi Tummachoten Uthit 2,,,,,,
2507400846,2507400815,0,243314294,residential,False,,True,167.5838362778414,,,,,,,
2507400846,2507400881,0,"[243314402, 706091195]",residential,False,,True,144.44510849732296,"['Soi Sapaviroach', 'Soi Tummachoten Uthit 2']",,,,,,
2507400847,2505176985,0,98567529,tertiary,False,,True,14.46314440868393,ถนนบ้านจ่า,,,yes,,,
2507400847,2507400845,0,243314469,unclassified,False,,False,50.90021276608336,Thanon Banja,,,,,,
2507400847,947896981,0,970323545,unclassified,True,,False,179.08902968707994,,,,,,,
2507400847,9179528432,0,243314064,unclassified,False,,False,225.63061211615823,,,,,,,
2507400849,2507400856,0,243314276,residential,False,,False,103.21471758239589,,,,,,,
2507400850,8523766368,0,77967083,residential,False,,True,44.94820588505566,ถนนเพชรเกษม ซอย 3,2,,,,,
2507400850,8523781992,0,77967083,residential,False,,False,118.62940713322598,ถนนเพชรเกษม ซอย 3,2,,,,,
2507400850,2507400901,0,243314459,residential,False,,True,143.6968051976659,Soi Nappakhun,,,,,,
2507400850,4900465233,0,700900652,residential,False,,False,190.1956891401089,Karnchanawanich Soi 16/1,,,,,,
2507400851,2935421242,0,243188765,unclassified,False,,False,29.134730141003523,Thanon Samchai,,,,,,
2507400851,2506090979,0,243188765,unclassified,False,,True,21.59703865995478,Thanon Samchai,,,,,,
2507400851,2507400855,0,243314200,residential,False,,True,49.61783098257487,,,,,,,
2507400855,2507400851,0,243314200,residential,False,,False,49.61783098257487,,,,,,,
2507400855,2507400889,0,700908618,residential,False,,False,73.27762227947218,,,,,,,
2507400855,6634648309,0,"[706102156, 243314319]",residential,False,,True,144.3089697735199,Soi Fongsomchaiuthit,,,,,,
2507400856,849403427,0,71380777,tertiary,False,,False,50.46602928030455,Thanon Phetkasem Soi 11,,,,,,
2507400856,2507400819,0,71380777,tertiary,False,,True,47.560499889975645,Thanon Phetkasem Soi 11,,,,,,
2507400856,2507400849,0,243314276,residential,False,,True,103.21471758239589,,,,,,,
2507400860,2507400865,0,243314330,residential,False,,False,42.35308555870155,,,,,,,
2507400860,2507400872,0,243314375,residential,False,,False,28.764302772492606,Soi 3 Ban Klangna,,,,,,
2507400860,2507400844,0,243314375,residential,False,,True,24.371787432109663,Soi 3 Ban Klangna,,,,,,
2507400864,2507400821,0,243314472,residential,False,,False,64.69640312267497,ถนนกาญจนวณิชย์ ซอย 17/1,2,,,,,
2507400864,2507400872,0,243314473,residential,False,,False,63.12648454098115,Phetkasem Soi 11/3,,,,,,
2507400864,2507400825,0,243314473,residential,False,,True,114.25579545122372,Phetkasem Soi 11/3,,,,,,
2507400865,2507400868,0,243314330,residential,False,,False,38.3178914213484,,,,,,,
2507400865,2507400860,0,243314330,residential,False,,True,42.35308555870155,,,,,,,
2507400865,2507400979,0,243314405,residential,False,,True,141.2167287606767,Soi 5 Ban Klangna,,,,,,
2507400867,2507400894,0,243314209,residential,False,,False,24.072612585600492,,,,,,,
2507400868,2507400865,0,243314330,residential,False,,True,38.3178914213484,,,,,,,
2507400869,2507400902,0,970291417,secondary,False,,True,72.32805582759194,ถนนนิพันธ์สงเคราะห์,,,,,,
2507400869,2507400899,0,243314471,tertiary,False,,True,146.6238483497239,ถนนนิพันธ์สงเคราะห์ 1 ซอย 2,2,,,,,
2507400869,4900465518,0,970291417,secondary,False,,False,76.52634650761117,ถนนนิพันธ์สงเคราะห์,,,,,,
2507400871,2507400885,0,243314063,residential,False,,False,34.11384494108706,Thanon Phetkasem Soi 7,,,,,,
2507400871,2507400825,0,243314063,residential,False,,True,75.08534529471557,Thanon Phetkasem Soi 7,,,,,,
2507400871,849403427,0,243314254,residential,False,,True,126.32021370763586,Phetkasem Soi 11/2,,,,,,
2507400872,2507400973,0,243314375,residential,False,,False,119.05463766769451,Soi 3 Ban Klangna,,,,,,
2507400872,2507400860,0,243314375,residential,False,,True,28.764302772492606,Soi 3 Ban Klangna,,,,,,
2507400872,2507400864,0,243314473,residential,False,,True,63.12648454098115,Phetkasem Soi 11/3,,,,,,
2507400875,13457023622,0,243314197,residential,False,,False,3.68936453947179,,,,,,,
2507400877,2507400894,0,243314062,residential,False,,False,80.11269095341417,Thanon Karnjanavanit  Soi 16,,,,,,
2507400877,2507400924,0,970037610,primary,True,,False,75.6891094998529,ถนนกาญจนวณิชย์,3,30,,,,
2507400878,2507400837,0,243314174,residential,False,,False,83.78591425065075,,,,,,,
2507400878,1421027702,0,243314304,residential,False,,True,74.05717330164862,,,,,,,
2507400878,9179528432,0,"[243314304, 993585136]",residential,False,,False,149.76210566350753,,,,,,,
2507400879,2505177021,0,970311985,secondary,True,,False,46.46875404651839,ถนนเพชรเกษม,,,,,,
2507400879,4900466256,0,243314278,residential,False,,True,126.0387616835438,Soi Hatyaieha,,,,,,
2507400880,4900465640,0,243314066,tertiary,False,,False,136.16978489650262,ถนนนิพัทธ์สงเคราะห์ 3,2,,,,,
2507400880,1115585796,0,65080343,secondary,True,,False,137.92576583206932,ถนนเพชรเกษม,,,,,,
2507400881,2507400893,0,243314476,residential,False,,False,13.147710939092338,Soi 5 Phetkasem,,,,,,
2507400881,2507400846,0,"[243314402, 706091195]",residential,False,,False,144.44510849732296,"['Soi Sapaviroach', 'Soi Tummachoten Uthit 2']",,,,,,
2507400881,2507400776,0,243314476,residential,False,,True,251.87351115708935,Soi 5 Phetkasem,,,,,,
2507400882,13457023621,0,243314230,residential,False,,False,50.37446879964116,,,,,,,
2507400883,2506091313,0,243188149,residential,False,,False,70.20706031637998,,,,,,,
2507400883,1110416355,0,243188149,residential,False,,True,40.37157932067156,,,,,,,
2507400883,2507400997,0,243314396,residential,False,,True,120.89550990467568,,,,,,,
2507400885,2507400910,0,243314063,residential,False,,False,38.056912521370855,Thanon Phetkasem Soi 7,,,,,,
2507400885,2507400871,0,243314063,residential,False,,True,34.11384494108706,Thanon Phetkasem Soi 7,,,,,,
2507400885,2507400886,0,243314132,residential,False,,False,55.5633646471217,,,,,,,
2507400886,2507400885,0,243314132,residential,False,,True,55.5633646471217,,,,,,,
2507400888,2507400961,0,700908623,residential,False,,False,76.83312876267803,Soi 2 Ban Klangna,,,,,,
2507400889,2506091313,0,700908617,residential,False,,False,58.55897763530436,,,,,,,
2507400889,2507400890,0,700908617,residential,False,,True,34.09371194896931,,,,,,,
2507400889,2507400855,0,700908618,residential,False,,True,73.27762227947218,,,,,,,
2507400890,2507400889,0,700908617,residential,False,,False,34.09371194896931,,,,,,,
2507400890,2507401021,0,243314286,residential,False,,False,163.00124224190242,Soi 15/1 Phetkasem,,,,,,
2507400890,2507400904,0,"[700908617, 243314461]",residential,False,,True,84.01207622519499,Thanon Phetkasem Soi 17,,,,,,
2507400893,13453745006,0,243314476,residential,False,,False,46.981134582850515,Soi 5 Phetkasem,,,,,,
2507400893,2507400881,0,243314476,residential,False,,True,13.147710939092338,Soi 5 Phetkasem,,,,,,
2507400893,823954353,0,"[243314081, 498671650, 243314271]",residential,False,,False,306.8112175198604,Soi Tummachoten Uthit 1,,,,,,
2507400894,2507400903,0,243314062,residential,False,,False,46.41818604057707,Thanon Karnjanavanit  Soi 16,,,,,,
2507400894,2507400877,0,243314062,residential,False,,True,80.11269095341417,Thanon Karnjanavanit  Soi 16,,,,,,
2507400894,2507400867,0,243314209,residential,False,,True,24.072612585600492,,,,,,,
2507400895,2507400967,0,700908622,residential,False,,False,67.2160050507816,Soi 1 Ban Klangna,,,,,,
2507400896,13457023622,0,243314169,residential,False,,True,29.269976598868233,,,,,,,
2507400898,2507400939,0,243314280,residential,False,,True,105.39377417676178,,,,,,,
2507400898,1110416315,0,700908619,residential,False,,False,87.53899309246161,,,,,,,
2507400898,1110416355,0,700908619,residential,False,,True,68.97534489036636,,,,,,,
2507400899,2507400918,0,243314446,residential,False,,False,23.446520359611085,Thanon Srinil 4,,,,,,
2507400899,2507400922,0,243314471,tertiary,False,,True,50.13873082731097,ถนนนิพันธ์สงเคราะห์ 1 ซอย 2,2,,,,,
2507400899,2507400869,0,243314471,tertiary,False,,False,146.6238483497239,ถนนนิพันธ์สงเคราะห์ 1 ซอย 2,2,,,,,
2507400901,2507401016,0,243314459,residential,False,,True,135.62116050419561,Soi Nappakhun,,,,,,
2507400901,2507400850,0,243314459,residential,False,,False,143.6968051976659,Soi Nappakhun,,,,,,
2507400901,8523801790,0,917730845,residential,False,,False,77.33419047636437,,,,,,,
2507400902,1120014693,0,970291416,secondary,False,,True,17.797448900427046,ถนนนิพันธ์สงเคราะห์,,,,,,
2507400902,2507400869,0,970291417,secondary,False,,False,72.32805582759194,ถนนนิพันธ์สงเคราะห์,,,,,,
2507400903,2507400894,0,243314062,residential,False,,True,46.41818604057707,Thanon Karnjanavanit  Soi 16,,,,,,
2507400903,13454281320,0,700900652,residential,False,,True,25.52600296527622,Karnchanawanich Soi 16/1,,,,,,
2507400903,2507401008,0,"[706090134, 243314062]",residential,False,,False,106.54144841453153,"['Thanon Karnjanavanit  Soi 16', 'Phetkasem Soi 1/1']",,,,,,
2507400904,2505177118,0,243314087,residential,False,,True,118.74735244363687,,,,,,,
2507400904,4900465123,0,243314461,residential,False,,True,44.938976141022565,Thanon Phetkasem Soi 17,,,,,,
2507400904,2507400890,0,"[700908617, 243314461]",residential,False,,False,84.01207622519499,Thanon Phetkasem Soi 17,,,,,,
2507400910,2507400976,0,243314063,residential,False,,False,45.617555271967824,Thanon Phetkasem Soi 7,,,,,,
2507400910,2507400885,0,243314063,residential,False,,True,38.056912521370855,Thanon Phetkasem Soi 7,,,,,,
2507400910,8524091695,0,243314299,residential,False,,True,25.371505147195013,Phetkasem Soi 11/1,,,,,,
2507400910,8348684821,0,898401957,residential,False,,False,55.50348482246095,,,,,,,
2507400915,849403388,0,71380777,tertiary,False,,False,21.087463503946516,Thanon Phetkasem Soi 11,,,,,,
2507400915,4900465436,0,498671561,residential,False,,False,47.0282537038354,,,,,,,
2507400915,13457023623,0,71380777,tertiary,False,,True,35.47343162137007,Thanon Phetkasem Soi 11,,,,,,
2507400918,2507400902,0,243314116,residential,True,,False,132.23102486505567,Thanin Srinin 1,,,,,,
2507400918,2507400978,0,243314446,residential,False,,False,43.89593508334716,Thanon Srinil 4,,,,,,
2507400918,2507400899,0,243314446,residential,False,,True,23.446520359611085,Thanon Srinil 4,,,,,,
2507400919,916327808,0,970311985,secondary,True,,False,48.92480877437212,ถนนเพชรเกษม,,,,,,
2507400919,916327808,1,"[1257682320, 243314090]",residential,False,,True,214.08706290840462,,,,,,,
2507400922,2507401136,0,243314178,residential,False,,True,204.42689139187064,Thanon Nipatsongkren 1 Soi 2/1,,,,,,
2507400922,2507400899,0,243314471,tertiary,False,,False,50.13873082731097,ถนนนิพันธ์สงเคราะห์ 1 ซอย 2,2,,,,,
2507400922,2507400945,0,243314471,tertiary,False,,True,45.16938596040015,ถนนนิพันธ์สงเคราะห์ 1 ซอย 2,2,,,,,
2507400924,2507400977,0,243314181,residential,False,,True,116.56723724509688,,,,,,,
2507400924,2507401028,0,970037610,primary,True,,False,137.8557509258979,ถนนกาญจนวณิชย์,3,30,,,,
2507400939,1110416535,0,700908620,residential,False,,False,47.627679063207644,,,,,,,
2507400939,1110416315,0,700908620,residential,False,,True,29.950685224658805,,,,,,,
2507400939,2507400898,0,243314280,residential,False,,False,105.39377417676178,,,,,,,
2507400945,2507401192,0,243314150,residential,False,,False,201.9504103276597,,,,,,,
2507400945,2507400922,0,243314471,tertiary,False,,False,45.16938596040015,ถนนนิพันธ์สงเคราะห์ 1 ซอย 2,2,,,,,
2507400945,2507400996,0,243314471,tertiary,False,,True,68.45493573536619,ถนนนิพันธ์สงเคราะห์ 1 ซอย 2,2,,,,,
2507400951,1120014693,0,84842973,secondary,False,,False,25.501318273728756,ถนนนิพันธ์สงเคราะห์,,,,,,
2507400951,2507400978,0,243314163,residential,True,,False,123.24171062103404,Thanin Srinin 2,,,,,,
2507400951,2507401003,0,84842973,secondary,False,,True,43.72817669066356,ถนนนิพันธ์สงเคราะห์,,,,,,
2507400961,2507400973,0,243314432,residential,False,,False,35.48685884923122,Soi Ban Klangna,,,,,,
2507400961,2507400967,0,243314432,residential,False,,True,44.47634538921086,Soi Ban Klangna,,,,,,
2507400961,2507400888,0,700908623,residential,False,,True,76.83312876267803,Soi 2 Ban Klangna,,,,,,
2507400961,2507401156,0,"[243314464, 706090135]",residential,False,,False,192.3908649247242,Soi 2 Ban Klangna,,,,,,
2507400967,2507400961,0,243314432,residential,False,,False,44.47634538921086,Soi Ban Klangna,,,,,,
2507400967,2507400976,0,243314432,residential,False,,True,67.05883808936122,Soi Ban Klangna,,,,,,
2507400967,2507400895,0,700908622,residential,False,,True,67.2160050507816,Soi 1 Ban Klangna,,,,,,
2507400967,2507401095,0,"[243314416, 706090133]",residential,False,,False,202.17294550688715,Soi 7/1 Phetkasem,,,,,,
2507400973,2507401156,0,243314068,residential,False,,True,160.26424061803158,Soi 4 Ban Klangna,,,,,,
2507400973,2507400872,0,243314375,residential,False,,True,119.05463766769451,Soi 3 Ban Klangna,,,,,,
2507400973,2507400979,0,243314432,residential,False,,False,44.214748455246784,Soi Ban Klangna,,,,,,
2507400973,2507400961,0,243314432,residential,False,,True,35.48685884923122,Soi Ban Klangna,,,,,,
2507400976,2508580226,0,243314063,residential,False,,False,32.634492253811594,Thanon Phetkasem Soi 7,,,,,,
2507400976,2507400910,0,243314063,residential,False,,True,45.617555271967824,Thanon Phetkasem Soi 7,,,,,,
2507400976,2507400967,0,243314432,residential,False,,False,67.05883808936122,Soi Ban Klangna,,,,,,
2507400977,2507400924,0,243314181,residential,False,,False,116.56723724509688,,,,,,,
2507400978,2507401010,0,243314446,residential,False,,False,44.86567535902675,Thanon Srinil 4,,,,,,
2507400978,2507400918,0,243314446,residential,False,,True,43.89593508334716,Thanon Srinil 4,,,,,,
2507400979,2507400865,0,243314405,residential,False,,False,141.2167287606767,Soi 5 Ban Klangna,,,,,,
2507400979,2507400973,0,243314432,residential,False,,True,44.214748455246784,Soi Ban Klangna,,,,,,
2507400979,2507401190,0,243314405,residential,False,,True,167.88264423694335,Soi 5 Ban Klangna,,,,,,
2507400994,2507401050,0,243314146,residential,False,,True,91.64374285698321,,,,,,,
2507400996,4900465639,0,706133434,tertiary,False,,False,46.822615624370826,ถนนนิพัทธ์สงเคราะห์ 2,2,,,,,
2507400996,2507400945,0,243314471,tertiary,False,,False,68.45493573536619,ถนนนิพันธ์สงเคราะห์ 1 ซอย 2,2,,,,,
2507400996,2507401024,0,243314471,tertiary,False,,True,157.06147970586656,ถนนนิพันธ์สงเคราะห์ 1 ซอย 2,2,,,,,
2507400996,4900465485,0,706133434,tertiary,False,,True,98.31508166848045,ถนนนิพัทธ์สงเคราะห์ 2,2,,,,,
2507400997,2507400883,0,243314396,residential,False,,False,120.89550990467568,,,,,,,
2507400998,1110416608,0,243188782,secondary,True,,False,50.849637978652396,ถนนราษฎร์ยินดี,,,,,,
2507400998,1110416535,0,243314261,residential,False,,False,81.52447042119027,,,,,,,
2507401003,2507400951,0,84842973,secondary,False,,False,43.72817669066356,ถนนนิพันธ์สงเคราะห์,,,,,,
2507401003,985092815,0,84842973,secondary,False,,True,64.99101539395889,ถนนนิพันธ์สงเคราะห์,,,,,,
2507401008,2507401013,0,706090134,residential,False,,False,47.104320622610054,Phetkasem Soi 1/1,,,,,,
2507401008,2507401018,0,243314400,residential,False,,True,165.20796343099684,,,,,,,
2507401008,2507400903,0,"[243314062, 706090134]",residential,False,,True,106.54144841453153,"['Thanon Karnjanavanit  Soi 16', 'Phetkasem Soi 1/1']",,,,,,
2507401009,8360328389,0,71380783,tertiary,False,,False,37.2684378851092,Soi 15 Phetkasem Road,2,,,,,
2507401009,849403509,0,71380783,tertiary,False,,True,17.690925337983927,Soi 15 Phetkasem Road,2,,,,,
2507401009,13478614790,0,243314125,residential,False,,True,88.12885939859021,,,,,,,
2507401010,2507401003,0,243314140,residential,True,,False,114.38403277709467,Thanin Srinin 3,,,,,,
2507401010,2507401088,0,243314446,residential,False,,False,97.30324364804436,Thanon Srinil 4,,,,,,
2507401010,2507400978,0,243314446,residential,False,,True,44.86567535902675,Thanon Srinil 4,,,,,,
2507401011,2507401030,0,65080343,secondary,True,,False,89.27322863882583,ถนนเพชรเกษม,,,,,,
2507401011,2507401461,0,243314382,residential,False,,True,382.8857037836736,Thanon Phetkasem Soi 14,,,,,,
2507401012,4900465123,0,243314461,residential,False,,False,64.48422386437898,Thanon Phetkasem Soi 17,,,,,,
2507401012,916327945,0,970311985,secondary,True,,False,155.6129620429658,ถนนเพชรเกษม,,,,,,
2507401013,8642139706,0,706090134,residential,False,,False,72.33039200278408,Phetkasem Soi 1/1,,,,,,
2507401013,2507401008,0,706090134,residential,False,,True,47.104320622610054,Phetkasem Soi 1/1,,,,,,
2507401013,2507401023,0,706091193,residential,False,,True,111.08354059253891,Soi Suwan Pongsee,,,,,,
2507401013,2507401074,0,243314450,residential,False,,True,83.42397423758749,,,,,,,
2507401016,2507400901,0,243314459,residential,False,,False,135.62116050419561,Soi Nappakhun,,,,,,
2507401016,2507401017,0,243314474,residential,False,,False,35.295270791069235,Soi U-Patham,,,,,,
2507401016,8523801789,0,243314474,residential,False,,True,40.91156834922364,Soi U-Patham,,,,,,
2507401017,2507401016,0,243314474,residential,False,,True,35.295270791069235,Soi U-Patham,,,,,,
2507401017,2507401018,0,706091193,residential,False,,False,28.269597310483004,Soi Suwan Pongsee,,,,,,
2507401017,916327733,0,77967083,residential,False,,False,214.05488259696494,ถนนเพชรเกษม ซอย 3,2,,,,,
2507401017,8523781992,0,77967083,residential,False,,True,123.44498012109145,ถนนเพชรเกษม ซอย 3,2,,,,,
2507401018,2507401023,0,706091193,residential,False,,False,20.635453161911354,Soi Suwan Pongsee,,,,,,
2507401018,2507401017,0,706091193,residential,False,,True,28.269597310483004,Soi Suwan Pongsee,,,,,,
2507401018,2507401008,0,243314400,residential,False,,False,165.2079634309968,,,,,,,
2507401019,4900465285,0,498671508,residential,False,,False,69.05682900301684,,,,,,,
2507401019,8523801789,0,243314474,residential,False,,False,31.29660970392769,Soi U-Patham,,,,,,
2507401019,2507401022,0,243314474,residential,False,,True,77.06276440586922,Soi U-Patham,,,,,,
2507401021,2507400890,0,243314286,residential,False,,True,163.00124224190242,Soi 15/1 Phetkasem,,,,,,
2507401021,2507401012,0,970311985,secondary,True,,False,60.2507856163525,ถนนเพชรเกษม,,,,,,
2507401022,2507401019,0,243314474,residential,False,,False,77.06276440586922,Soi U-Patham,,,,,,
2507401022,13453745006,0,243314476,residential,False,,True,114.79068109729775,Soi 5 Phetkasem,,,,,,
2507401022,4900465717,0,700900651,residential,False,,False,47.49927525835213,Thanon Phetkasem Soi 5,,,,,,
2507401023,2507401013,0,706091193,residential,False,,False,111.08354059253891,Soi Suwan Pongsee,,,,,,
2507401023,2507401018,0,706091193,residential,False,,True,20.635453161911354,Soi Suwan Pongsee,,,,,,
2507401023,4900466019,0,498671689,residential,False,,True,76.0478668355002,,,,,,,
2507401024,8523405555,0,243314066,tertiary,False,,False,42.17914898145708,ถนนนิพัทธ์สงเคราะห์ 3,2,,,,,
2507401024,4900465640,0,243314066,tertiary,False,,True,49.34367211809635,ถนนนิพัทธ์สงเคราะห์ 3,2,,,,,
2507401024,6634926820,0,"[706133436, 243314262]",residential,False,,"[False, True]",201.11438520437346,"['Thanon Nipatsongkrew 3 Road Soi 6', 'Soi 6 Nipatsongkrew 3 Road']",,,,,,
2507401024,2507400996,0,243314471,tertiary,False,,False,157.06147970586656,ถนนนิพันธ์สงเคราะห์ 1 ซอย 2,2,,,,,
2507401027,2507401262,0,243314143,residential,False,,False,102.5865342677782,Soi Supachoke,,,,,,
2507401028,2507401074,0,243314207,residential,False,,True,138.31705706733126,Thanon Karnjanavanit  Soi 15,,,,,,
2507401028,2507401081,0,970037610,primary,True,,False,42.496593376755634,ถนนกาญจนวณิชย์,3,30,,,,
2507401030,809537797,0,"[970311988, 65080343]",secondary,True,,False,102.83789312940824,ถนนเพชรเกษม,,,,,,
2507401030,4900465480,0,243314393,residential,False,,False,229.46759386563767,Soi Wiuthit,,,,,,
2507401031,809537628,0,243314285,residential,False,,True,153.01435705490093,,,,,,,
2507401034,849403518,0,71380783,tertiary,False,,False,16.42384955829718,Soi 15 Phetkasem Road,2,,,,,
2507401034,8360328389,0,71380783,tertiary,False,,True,22.996668706718268,Soi 15 Phetkasem Road,2,,,,,
2507401034,1421027903,0,243314268,residential,False,,True,151.07654531178798,,,,,,,
2507401050,2507400994,0,243314146,residential,False,,False,91.64374285698321,,,,,,,
2507401050,2507401021,0,970311985,secondary,True,,False,56.922409042803835,ถนนเพชรเกษม,,,,,,
2507401061,2507401324,0,243314076,residential,False,,False,94.27910970278057,,,,,,,
2507401061,849403518,0,243314423,residential,False,,True,32.21057958236565,,,,,,,
2507401061,2507401302,0,243314423,residential,False,,False,136.5321741390906,,,,,,,
2507401074,2507401028,0,243314207,residential,False,,False,138.31705706733126,Thanon Karnjanavanit  Soi 15,,,,,,
2507401074,2507401013,0,243314450,residential,False,,False,83.42397423758749,,,,,,,
2507401074,2507401175,0,243314450,residential,False,,True,73.67629117162122,,,,,,,
2507401081,2507401149,0,243314096,residential,False,,True,99.25335005789601,Thanon Karnjanavanit  Soi 14,,,,,,
2507401081,2505177493,0,970037610,primary,True,,False,42.7684436464644,ถนนกาญจนวณิชย์,3,30,,,,
2507401088,2507401010,0,243314446,residential,False,,True,97.30324364804436,Thanon Srinil 4,,,,,,
2507401088,985092815,0,700908871,tertiary,False,,False,97.09866357378706,ถนนนิพัทธ์สงเคราะห์ 1 ซอย 4,,,,,,
2507401088,2507401136,0,700908871,tertiary,False,,True,49.967205283684876,ถนนนิพัทธ์สงเคราะห์ 1 ซอย 4,,,,,,
2507401095,2507401387,0,243314063,residential,False,,False,121.99384221317388,Thanon Phetkasem Soi 7,,,,,,
2507401095,2508580226,0,243314063,residential,False,,True,104.41609249827437,Thanon Phetkasem Soi 7,,,,,,
2507401095,2507400967,0,"[243314416, 706090133]",residential,False,,True,202.17294550688715,Soi 7/1 Phetkasem,,,,,,
2507401108,4900465485,0,706133434,tertiary,False,,False,46.232466113063424,ถนนนิพัทธ์สงเคราะห์ 2,2,,,,,
2507401108,1160617589,0,706133434,tertiary,False,,True,52.627500442626456,ถนนนิพัทธ์สงเคราะห์ 2,2,,,,,
2507401108,2507401342,0,243314114,residential,False,,False,168.2095868801075,Soi 5 Nipatsongkrew 3 Road,,,,,,
2507401129,809537378,0,243188787,secondary,True,,False,125.19730423523757,ถนนเพชรเกษม,2,,,,,
2507401129,4900465693,0,"[498671629, 243314167]",residential,False,,"[False, True]",98.50840084095577,,,,,,,
2507401136,2507400922,0,243314178,residential,False,,False,204.42689139187064,Thanon Nipatsongkren 1 Soi 2/1,,,,,,
2507401136,2507401088,0,700908871,tertiary,False,,False,49.967205283684876,ถนนนิพัทธ์สงเคราะห์ 1 ซอย 4,,,,,,
2507401136,2507401192,0,700908871,tertiary,False,,True,44.25002180833884,ถนนนิพัทธ์สงเคราะห์ 1 ซอย 4,,,,,,
2507401149,2507401081,0,243314096,residential,False,,False,99.25335005789601,Thanon Karnjanavanit  Soi 14,,,,,,
2507401156,2507400973,0,243314068,residential,False,,False,160.26424061803158,Soi 4 Ban Klangna,,,,,,
2507401156,2507401190,0,706090135,residential,False,,False,36.65458697359778,Soi 2 Ban Klangna,,,,,,
2507401156,2507400961,0,"[243314464, 706090135]",residential,False,,True,192.3908649247242,Soi 2 Ban Klangna,,,,,,
2507401162,2507401129,0,243188787,secondary,True,,False,63.964721941396476,ถนนเพชรเกษม,2,,,,,
2507401162,1110416535,0,"[243314369, 700908870]",residential,False,,"[False, True]",230.82472755603055,,,,,,,
2507401175,8642139706,0,706090134,residential,False,,True,10.112571636413257,Phetkasem Soi 1/1,,,,,,
2507401175,2507401074,0,243314450,residential,False,,False,73.67629117162122,,,,,,,
2507401175,2507401421,0,706090134,residential,False,,False,130.12607907886965,Phetkasem Soi 1/1,,,,,,
2507401190,2507401202,0,706090135,residential,False,,False,19.70871042794287,Soi 2 Ban Klangna,,,,,,
2507401190,2507401156,0,706090135,residential,False,,True,36.65458697359778,Soi 2 Ban Klangna,,,,,,
2507401190,2507400979,0,243314405,residential,False,,False,167.88264423694335,Soi 5 Ban Klangna,,,,,,
2507401192,2507400945,0,243314150,residential,False,,True,201.9504103276597,,,,,,,
2507401192,2507401136,0,700908871,tertiary,False,,False,44.25002180833884,ถนนนิพัทธ์สงเคราะห์ 1 ซอย 4,,,,,,
2507401192,1160617589,0,700908871,tertiary,False,,True,62.877885131314606,ถนนนิพัทธ์สงเคราะห์ 1 ซอย 4,,,,,,
2507401202,2507401190,0,706090135,residential,False,,True,19.70871042794287,Soi 2 Ban Klangna,,,,,,
2507401235,2507401439,0,243314372,residential,False,,True,177.2366951474405,Thanon Phetkasem Soi 10/1,,,,,,
2507401235,796747745,0,1232062515,secondary,True,,False,21.288035363279675,ถนนเพชรเกษม,,,,,,
2507401262,2507401027,0,243314143,residential,False,,True,102.5865342677782,Soi Supachoke,,,,,,
2507401262,809537709,0,1218221899,secondary,True,,False,160.46354858190526,ถนนเพชรเกษม,2,,,,,
2507401275,2507401417,0,243314118,residential,False,,False,78.44914238396979,Soi Larb Tummachote,1,,,,,
2507401286,2507401443,0,243314176,residential,False,,True,164.53612811824635,Thanon Phetkasem Soi 8,2,,,,,
2507401286,2507401308,0,1218221900,secondary,True,,False,52.43997334763263,ถนนเพชรเกษม,,,,,,
2507401302,1421027788,0,66984619,secondary,True,,False,63.18618848761853,ถนนเพชรเกษม,,,,,,
2507401302,2507401061,0,243314423,residential,False,,True,136.5321741390906,,,,,,,
2507401308,2507401445,0,243314205,residential,False,,True,166.12446256885514,Phetkasem  Soi 8/1,,,,,,
2507401308,2505177521,0,1218221900,secondary,True,,False,57.747453891519285,ถนนเพชรเกษม,,,,,,
2507401319,809537541,0,700900651,residential,False,,False,72.09636693071815,Thanon Phetkasem Soi 5,,,,,,
2507401319,4900465717,0,"[243314241, 498671646]",residential,False,,"[False, True]",192.11877266314394,,,,,,,
2507401319,4900465717,1,700900651,residential,False,,True,100.13655849176746,Thanon Phetkasem Soi 5,,,,,,
2507401324,2507401302,0,66984619,secondary,True,,False,45.925044303823995,ถนนเพชรเกษม,,,,,,
2507401324,2507401061,0,243314076,residential,False,,True,94.27910970278057,,,,,,,
2507401342,2507401395,0,243314066,tertiary,False,,False,54.78171814754687,ถนนนิพัทธ์สงเคราะห์ 3,2,,,,,
2507401342,6634926820,0,243314066,tertiary,False,,True,28.852543724998277,ถนนนิพัทธ์สงเคราะห์ 3,2,,,,,
2507401342,2507401108,0,243314114,residential,False,,True,168.2095868801075,Soi 5 Nipatsongkrew 3 Road,,,,,,
2507401357,2507401424,0,243314282,residential,False,,False,111.14471917554877,Soi Sunroenganusorn,,,,,,
2507401369,2506092950,0,84842973,secondary,False,,False,75.85557143523073,ถนนนิพันธ์สงเคราะห์,,,,,,
2507401369,2506094058,0,84842973,secondary,False,,True,68.49710259707336,ถนนนิพันธ์สงเคราะห์,,,,,,
2507401369,2507401416,0,706126099,tertiary,False,,True,225.94782754445245,ถนนนิพัทธ์สงเคราะห์ 1 ซอย 8,,,,,,
2507401381,1160617589,0,100401319,tertiary,False,,False,58.07662741015687,ถนนนิพัทธ์สงเคราะห์ 2,2,,,,,
2507401381,2507401416,0,100401319,tertiary,False,,True,29.37954736786056,ถนนนิพัทธ์สงเคราะห์ 2,2,,,,,
2507401381,2506092950,0,243314314,residential,False,,True,242.37255469009492,Thanon Nipatsongkaew 1 Soi 6,,,,,,
2507401387,8523872851,0,66984619,secondary,True,,False,35.03560550228818,ถนนเพชรเกษม,,,,,,
2507401387,2507401095,0,243314063,residential,False,,True,121.99384221317388,Thanon Phetkasem Soi 7,,,,,,
2507401395,2507401425,0,84842964,tertiary,False,,True,95.11727540884338,ถนนนิพัทธ์สงเคราะห์ 1 ซอย 4,,,,,,
2507401395,2507401430,0,243314066,tertiary,False,,False,60.55978823556708,ถนนนิพัทธ์สงเคราะห์ 3,2,,,,,
2507401395,2507401342,0,243314066,tertiary,False,,True,54.78171814754687,ถนนนิพัทธ์สงเคราะห์ 3,2,,,,,
2507401395,1160617589,0,700908871,tertiary,False,,False,165.93916063717182,ถนนนิพัทธ์สงเคราะห์ 1 ซอย 4,,,,,,
2507401402,2507401420,0,243314421,residential,False,,True,24.163195287331778,,,,,,,
2507401416,2507401381,0,100401319,tertiary,False,,False,29.37954736786056,ถนนนิพัทธ์สงเคราะห์ 2,2,,,,,
2507401416,2507401437,0,100401319,tertiary,False,,True,68.8171125039883,ถนนนิพัทธ์สงเคราะห์ 2,2,,,,,
2507401416,2507401420,0,243314438,unclassified,False,,True,46.69005251325496,Thanom Nipatsongkaew 1 Soi 8,,,,,,
2507401416,2507401369,0,706126099,tertiary,False,,False,225.94782754445245,ถนนนิพัทธ์สงเคราะห์ 1 ซอย 8,,,,,,
2507401417,809537541,0,66984619,secondary,True,,False,143.90935142097388,ถนนเพชรเกษม,,,,,,
2507401417,2507401275,0,243314118,residential,False,,True,78.44914238396979,Soi Larb Tummachote,1,,,,,
2507401420,2507401402,0,243314421,residential,False,,False,24.163195287331778,,,,,,,
2507401420,2507401435,0,243314421,residential,False,,True,53.755577742496136,,,,,,,
2507401420,2507401416,0,243314438,unclassified,False,,False,46.69005251325496,Thanom Nipatsongkaew 1 Soi 8,,,,,,
2507401420,2507401427,0,243314438,unclassified,False,,True,71.34966694421557,Thanom Nipatsongkaew 1 Soi 8,,,,,,
2507401421,4900465510,0,66984619,secondary,True,,False,118.10539564526547,ถนนเพชรเกษม,,,,,,
2507401421,2507401175,0,706090134,residential,False,,True,130.12607907886965,Phetkasem Soi 1/1,,,,,,
2507401424,8642146097,0,66984619,secondary,True,,False,33.912313914779155,ถนนเพชรเกษม,,,,,,
2507401424,2507401357,0,243314282,residential,False,,True,111.14471917554877,Soi Sunroenganusorn,,,,,,
2507401425,2507401395,0,84842964,tertiary,False,,False,95.11727540884338,ถนนนิพัทธ์สงเคราะห์ 1 ซอย 4,,,,,,
2507401425,2507401428,0,84842964,tertiary,False,,True,16.815977644047063,ถนนนิพัทธ์สงเคราะห์ 1 ซอย 4,,,,,,
2507401425,8935262479,0,243314173,residential,False,,False,57.79660832442517,,,,,,,
2507401427,4900465399,0,243314100,residential,False,,True,49.12845103932045,,,,,,,
2507401427,2507401420,0,243314438,unclassified,False,,False,71.34966694421557,Thanom Nipatsongkaew 1 Soi 8,,,,,,
2507401427,2507401430,0,243314438,unclassified,False,,True,49.611255508900925,Thanom Nipatsongkaew 1 Soi 8,,,,,,
2507401428,2507401425,0,84842964,tertiary,False,,False,16.815977644047063,ถนนนิพัทธ์สงเคราะห์ 1 ซอย 4,,,,,,
2507401428,1115585548,0,84842964,tertiary,False,,True,44.559615519483806,ถนนนิพัทธ์สงเคราะห์ 1 ซอย 4,,,,,,
2507401428,4900465396,0,243314231,residential,False,,True,48.94135992240214,Thanon Nipatsongkaew 4/1,,,,,,
2507401430,2507401453,0,243314066,tertiary,False,,False,97.93547407036972,ถนนนิพัทธ์สงเคราะห์ 3,2,,,,,
2507401430,2507401395,0,243314066,tertiary,False,,True,60.55978823556708,ถนนนิพัทธ์สงเคราะห์ 3,2,,,,,
2507401430,2507401427,0,243314438,unclassified,False,,False,49.611255508900925,Thanom Nipatsongkaew 1 Soi 8,,,,,,
2507401435,2507401437,0,243314072,residential,False,,True,45.96449447518199,,,,,,,
2507401435,2507401420,0,243314421,residential,False,,False,53.755577742496136,,,,,,,
2507401435,2507401451,0,243314421,residential,False,,True,52.87737607367366,,,,,,,
2507401437,2507401416,0,100401319,tertiary,False,,False,68.8171125039883,ถนนนิพัทธ์สงเคราะห์ 2,2,,,,,
2507401437,2507401449,0,100401319,tertiary,False,,True,41.9566589190532,ถนนนิพัทธ์สงเคราะห์ 2,2,,,,,
2507401437,2507401435,0,243314072,residential,False,,False,45.96449447518199,,,,,,,
2507401438,2507401450,0,128632939,residential,False,,False,41.899843003124786,Thanon Phetkasem Soi 10,,,,,,
2507401438,796747593,0,128632939,residential,False,,True,162.64776612554857,Thanon Phetkasem Soi 10,,,,,,
2507401438,2507401443,0,243314424,residential,False,,True,76.95504710480515,Thanon Phetkasem Soi 10/2,,,,,,
2507401439,2507401235,0,243314372,residential,False,,False,177.2366951474405,Thanon Phetkasem Soi 10/1,,,,,,
2507401439,2507401440,0,243314350,residential,False,,True,216.4985543272953,,,,,,,
2507401439,2507401450,0,243314372,residential,False,,True,98.32692581463381,Thanon Phetkasem Soi 10/1,,,,,,
2507401440,2507401439,0,243314350,residential,False,,False,216.4985543272953,,,,,,,
2507401443,2507401286,0,243314176,residential,False,,False,164.53612811824635,Thanon Phetkasem Soi 8,2,,,,,
2507401443,2507401438,0,243314424,residential,False,,False,76.95504710480515,Thanon Phetkasem Soi 10/2,,,,,,
2507401443,2507401445,0,243314424,residential,False,,True,51.65144015881779,Thanon Phetkasem Soi 10/2,,,,,,
2507401445,2507401308,0,243314205,residential,False,,False,166.12446256885514,Phetkasem  Soi 8/1,,,,,,
2507401445,2507401443,0,243314424,residential,False,,False,51.65144015881779,Thanon Phetkasem Soi 10/2,,,,,,
2507401445,2505177598,0,243314424,residential,False,,True,24.048646642071244,Thanon Phetkasem Soi 10/2,,,,,,
2507401446,4900465399,0,243314100,residential,False,,False,23.297844462897267,,,,,,,
2507401449,2507401437,0,100401319,tertiary,False,,False,41.9566589190532,ถนนนิพัทธ์สงเคราะห์ 2,2,,,,,
2507401449,2507401451,0,243314279,residential,False,,True,50.984547172956574,Soi 1 Nipatsongkaew 2,,,,,,
2507401449,2507401476,0,100401319,tertiary,False,,True,127.73868783810775,ถนนนิพัทธ์สงเคราะห์ 2,2,,,,,
2507401450,1421027868,0,128632939,residential,False,,False,43.264937088195246,Thanon Phetkasem Soi 10,,,,,,
2507401450,2507401438,0,128632939,residential,False,,True,41.899843003124786,Thanon Phetkasem Soi 10,,,,,,
2507401450,2507401439,0,243314372,residential,False,,False,98.32692581463381,Thanon Phetkasem Soi 10/1,,,,,,
2507401451,2507401449,0,243314279,residential,False,,False,50.984547172956574,Soi 1 Nipatsongkaew 2,,,,,,
2507401451,2507401453,0,243314279,residential,False,,True,94.2236602575131,Soi 1 Nipatsongkaew 2,,,,,,
2507401451,2507401435,0,243314421,residential,False,,False,52.87737607367366,,,,,,,
2507401453,2507401468,0,243314066,tertiary,False,,False,46.94960788294925,ถนนนิพัทธ์สงเคราะห์ 3,2,,,,,
2507401453,2507401430,0,243314066,tertiary,False,,True,97.93547407036972,ถนนนิพัทธ์สงเคราะห์ 3,2,,,,,
2507401453,2507401451,0,243314279,residential,False,,False,94.2236602575131,Soi 1 Nipatsongkaew 2,,,,,,
2507401453,2507401457,0,243314399,residential,False,,True,43.743020876538,,,,,,,
2507401457,4900465437,0,243314199,residential,False,,True,42.6295983035529,,,,,,,
2507401457,2507401453,0,243314399,residential,False,,False,43.743020876538,,,,,,,
2507401457,2507401462,0,243314399,residential,False,,True,66.56308903512803,,,,,,,
2507401459,4900465280,0,243314458,residential,False,,True,41.72343155025042,Thanon Phetkasem Soi 10/3,,,,,,
2507401461,2507401011,0,243314382,residential,False,,False,382.8857037836736,Thanon Phetkasem Soi 14,,,,,,
2507401462,4900465666,0,243314231,residential,False,,False,46.03543918942307,Thanon Nipatsongkaew 4/1,,,,,,
2507401462,2507401457,0,243314399,residential,False,,False,66.56308903512803,,,,,,,
2507401462,13418283250,0,243314399,residential,False,,True,47.88450247762313,,,,,,,
2507401465,4900465480,0,243314393,residential,False,,True,139.50769937649378,Soi Wiuthit,,,,,,
2507401466,4900465159,0,84842970,tertiary,False,,False,30.763638338717353,Niphat Songkhro 5,,,,,,
2507401466,6634990422,0,84842970,tertiary,False,,True,28.46730821784395,Niphat Songkhro 5,,,,,,
2507401466,13418283251,0,243314334,residential,False,,False,138.17713427465154,Soi 2 Nipatsongkaew 4 Road,,,,,,
2507401466,2507401493,0,"[1470806776, 899704477]",residential,False,,False,241.13381184990936,,,,,,,
2507401467,2507401473,0,243314302,residential,False,,False,272.8005555321516,Thanon Phetkasem Soi 10/5,,,,,,
2507401468,2507401482,0,243314066,tertiary,False,,False,75.899351732223,ถนนนิพัทธ์สงเคราะห์ 3,2,,,,,
2507401468,2507401453,0,243314066,tertiary,False,,True,46.94960788294925,ถนนนิพัทธ์สงเคราะห์ 3,2,,,,,
2507401468,2507401481,0,243314318,residential,False,,False,163.02195167995484,,,,,,,
2507401473,2508580897,0,128632939,residential,False,,False,23.394479565700376,Thanon Phetkasem Soi 10,,,,,,
2507401473,1421027868,0,128632939,residential,False,,True,51.03705429262009,Thanon Phetkasem Soi 10,,,,,,
2507401473,2507401467,0,243314302,residential,False,,True,272.8005555321516,Thanon Phetkasem Soi 10/5,,,,,,
2507401473,2505177641,0,243314320,residential,False,,True,138.3336481683717,Thanon Phetkasem Soi 10/6,,,,,,
2507401476,2507401481,0,243314433,residential,False,,False,49.17421726810235,Thanon Nipatsongkaew 2 Soi 2,,,,,,
2507401476,2507401449,0,100401319,tertiary,False,,False,127.73868783810775,ถนนนิพัทธ์สงเคราะห์ 2,2,,,,,
2507401476,2507401515,0,100401319,tertiary,False,,True,96.33503534181555,ถนนนิพัทธ์สงเคราะห์ 2,2,,,,,
2507401481,8360675868,0,243314433,residential,False,,False,34.29587082159416,Thanon Nipatsongkaew 2 Soi 2,,,,,,
2507401481,2507401476,0,243314433,residential,False,,True,49.17421726810235,Thanon Nipatsongkaew 2 Soi 2,,,,,,
2507401481,2507401468,0,243314318,residential,False,,True,163.02195167995484,,,,,,,
2507401482,2507401509,0,243314066,tertiary,False,,False,73.69113146185306,ถนนนิพัทธ์สงเคราะห์ 3,2,,,,,
2507401482,2507401468,0,243314066,tertiary,False,,True,75.899351732223,ถนนนิพัทธ์สงเคราะห์ 3,2,,,,,
2507401482,2507401485,0,243314433,residential,False,,False,44.12338454179426,Thanon Nipatsongkaew 2 Soi 2,,,,,,
2507401482,8360675868,0,243314433,residential,False,,True,35.17015661243401,Thanon Nipatsongkaew 2 Soi 2,,,,,,
2507401485,4900465437,0,243314199,residential,False,,False,79.69823230222582,,,,,,,
2507401485,2507401496,0,243314433,residential,False,,False,117.82922312383144,Thanon Nipatsongkaew 2 Soi 2,,,,,,
2507401485,2507401482,0,243314433,residential,False,,True,44.12338454179426,Thanon Nipatsongkaew 2 Soi 2,,,,,,
2507401488,2507401501,0,84842970,tertiary,False,,True,36.75039759159193,Niphat Songkhro 5,,,,,,
2507401488,6634990422,0,84842970,tertiary,False,,False,68.55459855626331,Niphat Songkhro 5,,,,,,
2507401488,2507401493,0,243314258,residential,False,,True,169.0084962088937,Thanon Nipatsongaew 5 Soi 4,,,,,,
2507401493,2507401488,0,243314258,residential,False,,False,169.0084962088937,Thanon Nipatsongaew 5 Soi 4,,,,,,
2507401493,8932024367,0,899704477,residential,False,,False,286.00949727462404,,,,,,,
2507401493,2507401466,0,"[1470806776, 899704477]",residential,False,,True,241.13381184990936,,,,,,,
2507401494,2506096623,0,84842972,tertiary,False,,False,39.8608871892796,ถนนรัถการ,2,,,,,
2507401494,6634925539,0,84842972,tertiary,False,,True,18.880728425502532,ถนนรัถการ,2,,,,,
2507401494,2506096310,0,243314466,residential,True,,False,243.36054847197178,ถนนสัจจกุล,,,,,,
2507401496,4900465643,0,96242772,tertiary,False,,False,36.515319800941874,ถนนนิพัทธ์สงเคราะห์ 4,,,,,,
2507401496,1115585897,0,96242772,tertiary,False,,True,40.42537274493847,ถนนนิพัทธ์สงเคราะห์ 4,,,,,,
2507401496,2507401498,0,243314256,residential,False,,True,47.97123588563242,,,,,,,
2507401496,2507401485,0,243314433,residential,False,,True,117.82922312383144,Thanon Nipatsongkaew 2 Soi 2,,,,,,
2507401497,2507401512,0,243314370,residential,False,,False,36.09454003496624,,,,,,,
2507401497,2507401504,0,"[243314456, 243314093]",residential,False,,"[False, True]",144.16862712068533,,,,,,,
2507401497,4900465922,0,"[243314370, 498671651]",residential,False,,"[False, True]",62.610005796256516,,,,,,,
2507401498,2507401496,0,243314256,residential,False,,False,47.97123588563242,,,,,,,
2507401498,8364261455,0,243314256,residential,False,,True,46.71375414249683,,,,,,,
2507401498,8364261453,0,243314365,residential,False,,True,42.7810830364151,Thanon Nipatsongkrew 5 Soi 5,,,,,,
2507401501,2507401488,0,84842970,tertiary,False,,False,36.75039759159193,Niphat Songkhro 5,,,,,,
2507401501,8363391536,0,84842970,tertiary,False,,True,34.66395240144122,Niphat Songkhro 5,,,,,,
2507401501,8364261455,0,243314256,residential,False,,False,45.100070463388086,,,,,,,
2507401501,8360838918,0,899874550,residential,False,,False,89.75105519983416,,,,,,,
2507401504,2507401512,0,243314290,residential,False,,True,107.13585096148245,,,,,,,
2507401504,2507401516,0,243314456,residential,False,,True,21.595570640933417,,,,,,,
2507401504,2507401497,0,"[243314456, 243314093]",residential,False,,"[False, True]",144.16862712068533,,,,,,,
2507401505,2506096623,0,243314161,residential,False,,False,79.7202972001018,Tanon Rattakarn Soi 7/,,,,,,
2507401509,2507401527,0,243314066,tertiary,False,,False,47.859667011633555,ถนนนิพัทธ์สงเคราะห์ 3,2,,,,,
2507401509,2507401482,0,243314066,tertiary,False,,True,73.69113146185306,ถนนนิพัทธ์สงเคราะห์ 3,2,,,,,
2507401509,2507401515,0,243314367,residential,False,,False,131.39059982442075,Thanon Nipatsongkaew 2 Soi 3,,,,,,
2507401509,1115585897,0,243314367,residential,False,,True,148.42933383272364,Thanon Nipatsongkaew 2 Soi 3,,,,,,
2507401512,2507401504,0,243314290,residential,False,,False,107.13585096148245,,,,,,,
2507401512,2507401514,0,243314290,residential,False,,True,22.633171341128868,,,,,,,
2507401512,2507401497,0,243314370,residential,False,,True,36.09454003496624,,,,,,,
2507401514,2507401512,0,243314290,residential,False,,False,22.633171341128868,,,,,,,
2507401515,2507401530,0,100401319,tertiary,False,,True,52.92913832165239,ถนนนิพัทธ์สงเคราะห์ 2,2,,,,,
2507401515,2507401516,0,243314225,residential,False,,False,58.35250146136131,,,,,,,
2507401515,2507401509,0,243314367,residential,False,,True,131.39059982442075,Thanon Nipatsongkaew 2 Soi 3,,,,,,
2507401515,2507401476,0,100401319,tertiary,False,,False,96.33503534181555,ถนนนิพัทธ์สงเคราะห์ 2,2,,,,,
2507401516,2507401515,0,243314225,residential,False,,True,58.35250146136131,,,,,,,
2507401516,2507401504,0,243314456,residential,False,,False,21.595570640933417,,,,,,,
2507401516,2507401521,0,243314456,residential,False,,True,17.624431374633623,,,,,,,
2507401521,2507401526,0,243314111,residential,False,,False,173.0378740350983,Soi Cheanjit,,,,,,
2507401521,2507401516,0,243314456,residential,False,,False,17.624431374633623,,,,,,,
2507401521,2507401531,0,243314456,residential,False,,True,46.81028725108068,,,,,,,
2507401522,2507401524,0,243314188,residential,False,,False,79.17982420319642,,,,,,,
2507401524,2507401535,0,84842972,tertiary,False,,False,47.59973059949442,ถนนรัถการ,2,,,,,
2507401524,2506096623,0,84842972,tertiary,False,,True,45.51269350214028,ถนนรัถการ,2,,,,,
2507401524,2507401522,0,243314188,residential,False,,True,79.17982420319642,,,,,,,
2507401524,8524069686,0,243314306,residential,False,,True,313.87995518140843,Thanon Rattakarn Soi 7/1,,,,,,
2507401525,1115585897,0,96242772,tertiary,False,,False,51.942746357189534,ถนนนิพัทธ์สงเคราะห์ 4,,,,,,
2507401525,2507401539,0,96242772,tertiary,False,,True,56.335778135908356,ถนนนิพัทธ์สงเคราะห์ 4,,,,,,
2507401525,2507401527,0,243314260,residential,False,,True,132.47961837705992,Thanon Nipatsongkaew 2 Soi 4,,,,,,
2507401526,2507401538,0,84842973,secondary,False,,True,46.92656821280022,ถนนนิพันธ์สงเคราะห์,,,,,,
2507401526,2507401521,0,243314111,residential,False,,True,173.0378740350983,Soi Cheanjit,,,,,,
2507401526,4900465206,0,84842973,secondary,False,,False,61.32436087981658,ถนนนิพันธ์สงเคราะห์,,,,,,
2507401527,2507401540,0,243314066,tertiary,False,,False,53.11647676692868,ถนนนิพัทธ์สงเคราะห์ 3,2,,,,,
2507401527,2507401509,0,243314066,tertiary,False,,True,47.859667011633555,ถนนนิพัทธ์สงเคราะห์ 3,2,,,,,
2507401527,2507401525,0,243314260,residential,False,,False,132.47961837705992,Thanon Nipatsongkaew 2 Soi 4,,,,,,
2507401527,2507401530,0,243314260,residential,False,,True,140.12598731082954,Thanon Nipatsongkaew 2 Soi 4,,,,,,
2507401530,2507401515,0,100401319,tertiary,False,,False,52.92913832165239,ถนนนิพัทธ์สงเคราะห์ 2,2,,,,,
2507401530,2507401549,0,100401319,tertiary,False,,True,50.72175474064245,ถนนนิพัทธ์สงเคราะห์ 2,2,,,,,
2507401530,2507401527,0,243314260,residential,False,,False,140.12598731082954,Thanon Nipatsongkaew 2 Soi 4,,,,,,
2507401531,2507401521,0,243314456,residential,False,,False,46.81028725108068,,,,,,,
2507401531,2507401589,0,243314456,residential,False,,True,46.54313353735658,,,,,,,
2507401531,2507401538,0,700908552,residential,False,,True,185.16121255172604,Thanon Nipatsongkaew 1 Soi 10,,,,,,
2507401532,8363391536,0,84842970,tertiary,False,,False,69.5085558972197,Niphat Songkhro 5,,,,,,
2507401532,2507401628,0,84842970,tertiary,False,,True,63.152080044673504,Niphat Songkhro 5,,,,,,
2507401532,2507401536,0,243314457,residential,False,,False,31.377389813068906,Thanon Thaisamut,,,,,,
2507401533,2507401567,0,243314157,residential,False,,False,32.18703689290969,,,,,,,
2507401535,2507401614,0,84842972,tertiary,False,,False,42.72282923892813,ถนนรัถการ,2,,,,,
2507401535,2507401524,0,84842972,tertiary,False,,True,47.59973059949442,ถนนรัถการ,2,,,,,
2507401535,2507401538,0,"[243314414, 706126615]",residential,False,,False,473.04308553446265,"['Thanon Rattakarn Soi 8', 'Thanon Nipatsongkaew 1 Soi 11']",,,,,,
2507401536,6634880456,0,243314212,residential,False,,True,43.75589201393995,,,,,,,
2507401536,2507401541,0,243314457,residential,False,,False,32.95259054173603,Thanon Thaisamut,,,,,,
2507401536,2507401532,0,243314457,residential,False,,True,31.377389813068906,Thanon Thaisamut,,,,,,
2507401538,2507401526,0,84842973,secondary,False,,False,46.92656821280022,ถนนนิพันธ์สงเคราะห์,,,,,,
2507401538,2507401622,0,84842973,secondary,False,,True,45.62741603244208,ถนนนิพันธ์สงเคราะห์,,,,,,
2507401538,2507401531,0,700908552,residential,False,,False,185.16121255172604,Thanon Nipatsongkaew 1 Soi 10,,,,,,
2507401538,2507401535,0,"[243314414, 706126615]",residential,False,,True,473.04308553446265,"['Thanon Rattakarn Soi 8', 'Thanon Nipatsongkaew 1 Soi 11']",,,,,,
2507401539,2507401525,0,96242772,tertiary,False,,False,56.335778135908356,ถนนนิพัทธ์สงเคราะห์ 4,,,,,,
2507401539,2507401540,0,243314277,residential,False,,False,116.4326861043132,Thanon Nipatsongkaew 2 Soi 5,,,,,,
2507401539,13362901142,0,96242772,tertiary,False,,True,197.61056512450807,ถนนนิพัทธ์สงเคราะห์ 4,,,,,,
2507401540,2507401718,0,243314066,tertiary,False,,False,71.79890311130943,ถนนนิพัทธ์สงเคราะห์ 3,2,,,,,
2507401540,2507401527,0,243314066,tertiary,False,,True,53.11647676692868,ถนนนิพัทธ์สงเคราะห์ 3,2,,,,,
2507401540,2507401549,0,243314277,residential,False,,False,147.8625724161882,Thanon Nipatsongkaew 2 Soi 5,,,,,,
2507401540,2507401539,0,243314277,residential,False,,True,116.4326861043132,Thanon Nipatsongkaew 2 Soi 5,,,,,,
2507401541,6634880457,0,243314070,residential,False,,True,33.62739953405284,,,,,,,
2507401541,2507401567,0,243314457,residential,False,,False,21.56329827022196,Thanon Thaisamut,,,,,,
2507401541,2507401536,0,243314457,residential,False,,True,32.95259054173603,Thanon Thaisamut,,,,,,
2507401549,2507401530,0,100401319,tertiary,False,,False,50.72175474064245,ถนนนิพัทธ์สงเคราะห์ 2,2,,,,,
2507401549,2507401583,0,100401319,tertiary,False,,True,13.063379287289742,ถนนนิพัทธ์สงเคราะห์ 2,2,,,,,
2507401549,2507401540,0,243314277,residential,False,,True,147.8625724161882,Thanon Nipatsongkaew 2 Soi 5,,,,,,
2507401567,2507401533,0,243314157,residential,False,,True,32.18703689290969,,,,,,,
2507401567,2507401659,0,243314457,residential,False,,False,79.61270320018755,Thanon Thaisamut,,,,,,
2507401567,2507401541,0,243314457,residential,False,,True,21.56329827022196,Thanon Thaisamut,,,,,,
2507401567,6634880458,0,706122304,residential,False,,True,30.280112667831933,,,,,,,
2507401570,2507401659,0,243314133,residential,False,,True,55.6085414518205,,,,,,,
2507401583,2507401549,0,100401319,tertiary,False,,False,13.063379287289742,ถนนนิพัทธ์สงเคราะห์ 2,2,,,,,
2507401583,9355502819,0,100401319,tertiary,False,,True,17.896633316163527,ถนนนิพัทธ์สงเคราะห์ 2,2,,,,,
2507401583,2507401589,0,243314250,residential,False,,True,22.175076938756366,Thanon Nipatsongkaew 2 Soi 5/2,,,,,,
2507401589,2507401583,0,243314250,residential,False,,False,22.175076938756366,Thanon Nipatsongkaew 2 Soi 5/2,,,,,,
2507401589,2507401618,0,243314250,residential,False,,True,157.64737727538213,Thanon Nipatsongkaew 2 Soi 5/2,,,,,,
2507401589,2507401531,0,243314456,residential,False,,False,46.54313353735658,,,,,,,
2507401589,9355502819,0,243314456,residential,False,,True,29.039517637288434,,,,,,,
2507401602,2507401706,0,243314159,residential,False,,False,43.90262073503605,,,,,,,
2507401608,2507401713,0,243314185,residential,False,,False,44.0368179180181,,,,,,,
2507401614,2507401721,0,84842972,tertiary,False,,False,44.66317307825662,ถนนรัถการ,2,,,,,
2507401614,2507401535,0,84842972,tertiary,False,,True,42.72282923892813,ถนนรัถการ,2,,,,,
2507401614,2507401622,0,"[706126614, 243314335]",residential,False,,True,474.521115182635,"['Thanon Rattakarn Soi 9', '5anon Rattakarn Soi 12']",,,,,,
2507401618,2507401589,0,243314250,residential,False,,False,157.64737727538213,Thanon Nipatsongkaew 2 Soi 5/2,,,,,,
2507401622,2507401538,0,84842973,secondary,False,,False,45.62741603244208,ถนนนิพันธ์สงเคราะห์,,,,,,
2507401622,2507401774,0,84842973,secondary,False,,True,54.12335771190411,ถนนนิพันธ์สงเคราะห์,,,,,,
2507401622,2507401614,0,"[706126614, 243314335]",residential,False,,False,474.52111518263496,"['Thanon Rattakarn Soi 9', '5anon Rattakarn Soi 12']",,,,,,
2507401628,2507401532,0,84842970,tertiary,False,,False,63.152080044673504,Niphat Songkhro 5,,,,,,
2507401628,2507401758,0,84842970,tertiary,False,,True,39.814052689935835,Niphat Songkhro 5,,,,,,
2507401628,2507401646,0,243314444,residential,False,,False,91.22395119312512,Soi Bankwan,,,,,,
2507401646,2507401628,0,243314444,residential,False,,True,91.22395119312512,Soi Bankwan,,,,,,
2507401659,2507401570,0,243314133,residential,False,,False,55.6085414518205,,,,,,,
2507401659,2507401727,0,243314457,residential,False,,False,38.78089760268064,Thanon Thaisamut,,,,,,
2507401659,2507401567,0,243314457,residential,False,,True,79.61270320018755,Thanon Thaisamut,,,,,,
2507401668,9355502819,0,100401319,tertiary,False,,False,25.512249718812715,ถนนนิพัทธ์สงเคราะห์ 2,2,,,,,
2507401668,2507401694,0,100401319,tertiary,False,,True,7.068016112818311,ถนนนิพัทธ์สงเคราะห์ 2,2,,,,,
2507401668,2507401700,0,243314091,residential,False,,False,166.42150790206344,,,,,,,
2507401694,2507401668,0,100401319,tertiary,False,,False,7.068016112818311,ถนนนิพัทธ์สงเคราะห์ 2,2,,,,,
2507401694,2507401752,0,100401319,tertiary,False,,True,8.412727983189598,ถนนนิพัทธ์สงเคราะห์ 2,2,,,,,
2507401694,2507401706,0,243314394,residential,False,,True,56.39653023027928,Nipatsonkrew 2 Soi Yoojareun,,,,,,
2507401700,2507401668,0,243314091,residential,False,,True,166.42150790206344,,,,,,,
2507401706,2507401602,0,243314159,residential,False,,True,43.90262073503605,,,,,,,
2507401706,2507401694,0,243314394,residential,False,,False,56.39653023027928,Nipatsonkrew 2 Soi Yoojareun,,,,,,
2507401706,2507401713,0,243314394,residential,False,,True,48.9692188749074,Nipatsonkrew 2 Soi Yoojareun,,,,,,
2507401713,2507401608,0,243314185,residential,False,,True,44.0368179180181,,,,,,,
2507401713,2507401706,0,243314394,residential,False,,False,48.9692188749074,Nipatsonkrew 2 Soi Yoojareun,,,,,,
2507401713,2507401718,0,243314394,residential,False,,True,52.2576296984589,Nipatsonkrew 2 Soi Yoojareun,,,,,,
2507401718,2507401788,0,243314066,tertiary,False,,False,44.43083138445435,ถนนนิพัทธ์สงเคราะห์ 3,2,,,,,
2507401718,2507401540,0,243314066,tertiary,False,,True,71.79890311130943,ถนนนิพัทธ์สงเคราะห์ 3,2,,,,,
2507401718,2507401713,0,243314394,residential,False,,False,52.2576296984589,Nipatsonkrew 2 Soi Yoojareun,,,,,,
2507401721,2507401789,0,84842972,tertiary,False,,False,45.21346232260542,ถนนรัถการ,2,,,,,
2507401721,2507401614,0,84842972,tertiary,False,,True,44.66317307825662,ถนนรัถการ,2,,,,,
2507401721,2507401774,0,"[706126610, 243314295]",residential,False,,False,473.0239589639365,"['Thanon Nipatsongkaew 1 Soi 15', 'Thanon Rattakarn Soi 10']",,,,,,
2507401727,2507401659,0,243314457,residential,False,,True,38.78089760268064,Thanon Thaisamut,,,,,,
2507401752,2507401694,0,100401319,tertiary,False,,False,8.412727983189598,ถนนนิพัทธ์สงเคราะห์ 2,2,,,,,
2507401752,2507401786,0,100401319,tertiary,False,,True,38.921925405194045,ถนนนิพัทธ์สงเคราะห์ 2,2,,,,,
2507401752,2507401772,0,243314233,residential,False,,False,165.23853847364597,,,,,,,
2507401758,2507401628,0,84842970,tertiary,False,,False,39.814052689935835,Niphat Songkhro 5,,,,,,
2507401758,2507401792,0,84842970,tertiary,False,,True,45.77451965259571,Niphat Songkhro 5,,,,,,
2507401758,4900465173,0,"[900212714, 243314365]",residential,False,,False,217.77687780106982,Thanon Nipatsongkrew 5 Soi 5,,,,,,
2507401772,2507401752,0,243314233,residential,False,,True,165.23853847364597,,,,,,,
2507401774,11098889052,0,84842973,secondary,False,,True,52.561200846438794,ถนนนิพันธ์สงเคราะห์,,,,,,
2507401774,2507401622,0,84842973,secondary,False,,False,54.12335771190411,ถนนนิพันธ์สงเคราะห์,,,,,,
2507401774,2507401721,0,"[706126610, 243314295]",residential,False,,True,473.0239589639366,"['Thanon Nipatsongkaew 1 Soi 15', 'Thanon Rattakarn Soi 10']",,,,,,
2507401776,2507401791,0,243314364,residential,False,,True,21.352949979699186,,,,,,,
2507401779,2507401793,0,243314451,residential,False,,False,59.604258751227384,,,,,,,
2507401786,2507401752,0,100401319,tertiary,False,,False,38.921925405194045,ถนนนิพัทธ์สงเคราะห์ 2,2,,,,,
2507401786,2507401795,0,100401319,tertiary,False,,True,16.559989193586553,ถนนนิพัทธ์สงเคราะห์ 2,2,,,,,
2507401786,8524008598,0,243314120,residential,False,,True,16.105354887155983,Thanon Nipatsongkaew 2 Soi 6,,,,,,
2507401788,2507401796,0,243314066,tertiary,False,,False,23.95386427906319,ถนนนิพัทธ์สงเคราะห์ 3,2,,,,,
2507401788,2507401718,0,243314066,tertiary,False,,True,44.43083138445435,ถนนนิพัทธ์สงเคราะห์ 3,2,,,,,
2507401788,8524008598,0,243314120,residential,False,,False,146.85031043308885,Thanon Nipatsongkaew 2 Soi 6,,,,,,
2507401789,2507401808,0,84842972,tertiary,False,,False,53.10047027765383,ถนนรัถการ,2,,,,,
2507401789,2507401721,0,84842972,tertiary,False,,True,45.21346232260542,ถนนรัถการ,2,,,,,
2507401789,13451762573,0,"[243314403, 706126613]",residential,False,,True,407.54046396164574,Thanon Rattakarn Soi 11,,,,,,
2507401790,2507401791,0,243314264,residential,False,,False,44.17882331828806,Soi Suratkarnkaeha 1,,,,,,
2507401791,2507401792,0,243314264,residential,False,,False,153.21732480283495,Soi Suratkarnkaeha 1,,,,,,
2507401791,2507401790,0,243314264,residential,False,,True,44.17882331828806,Soi Suratkarnkaeha 1,,,,,,
2507401791,2507401776,0,243314364,residential,False,,False,21.352949979699186,,,,,,,
2507401791,2507401806,0,243314364,residential,False,,True,45.53868922324177,,,,,,,
2507401792,2507401758,0,84842970,tertiary,False,,False,45.77451965259571,Niphat Songkhro 5,,,,,,
2507401792,2507401798,0,84842970,tertiary,False,,True,17.27685486920334,Niphat Songkhro 5,,,,,,
2507401792,2507401791,0,243314264,residential,False,,True,153.21732480283495,Soi Suratkarnkaeha 1,,,,,,
2507401793,2507401816,0,243314427,residential,False,,False,82.89734389755904,,,,,,,
2507401793,2507401801,0,243314451,residential,False,,False,45.14944084666891,,,,,,,
2507401793,2507401779,0,243314451,residential,False,,True,59.604258751227384,,,,,,,
2507401794,2507401798,0,243314198,residential,False,,False,127.8292820052814,Thanon Nipatsongkrew 5 Soi 7,,,,,,
2507401795,2507401786,0,100401319,tertiary,False,,False,16.559989193586553,ถนนนิพัทธ์สงเคราะห์ 2,2,,,,,
2507401795,2507401812,0,100401319,tertiary,False,,True,52.691871982360794,ถนนนิพัทธ์สงเคราะห์ 2,2,,,,,
2507401795,11098889052,0,243314204,residential,False,,False,213.78617789804733,Thanon Nipatsongkaew 1 Soi 12,,,,,,
2507401796,2507401810,0,243314066,tertiary,False,,False,44.32901391114744,ถนนนิพัทธ์สงเคราะห์ 3,2,,,,,
2507401796,2507401788,0,243314066,tertiary,False,,True,23.95386427906319,ถนนนิพัทธ์สงเคราะห์ 3,2,,,,,
2507401796,2507401797,0,243314144,residential,False,,False,142.28245809029733,,,,,,,
2507401797,4900465629,0,498671595,residential,False,,False,43.76494937957154,,,,,,,
2507401797,8524008598,0,498671595,residential,False,,True,24.278060822641663,,,,,,,
2507401797,2507401796,0,243314144,residential,False,,True,142.28245809029733,,,,,,,
2507401798,2507401792,0,84842970,tertiary,False,,False,17.27685486920334,Niphat Songkhro 5,,,,,,
2507401798,2506098663,0,84842970,tertiary,False,,True,15.435713245723607,Niphat Songkhro 5,,,,,,
2507401798,2507401794,0,243314198,residential,False,,True,127.8292820052814,Thanon Nipatsongkrew 5 Soi 7,,,,,,
2507401801,2507401793,0,243314451,residential,False,,True,45.14944084666891,,,,,,,
2507401801,2507401816,0,243314427,residential,False,,True,151.28623001176163,,,,,,,
2507401801,2507401803,0,243314451,residential,False,,False,49.44920545562928,,,,,,,
2507401803,8932029050,0,243314475,residential,False,,True,90.66729737689859,,,,,,,
2507401803,2507401809,0,706122303,residential,False,,False,44.3869359253833,,,,,,,
2507401803,2507401801,0,243314451,residential,False,,True,49.44920545562928,,,,,,,
2507401803,2507401852,0,243314475,residential,False,,False,121.21348720798929,,,,,,,
2507401806,13355027988,0,243314331,residential,False,,True,41.03348594202169,Soi Suratkarnkaeha 2,,,,,,
2507401806,2507401807,0,243314331,residential,False,,False,151.66643858351028,Soi Suratkarnkaeha 2,,,,,,
2507401806,2507401791,0,243314364,residential,False,,False,45.53868922324176,,,,,,,
2507401807,2507401820,0,243188050,tertiary,False,,False,50.80101257531885,,,,,,,
2507401807,2506098663,0,243188050,tertiary,False,,True,22.359810828205354,,,,,,,
2507401807,2507401806,0,243314331,residential,False,,True,151.66643858351028,Soi Suratkarnkaeha 2,,,,,,
2507401808,2507401822,0,84842972,tertiary,False,,False,51.69792647869651,ถนนรัถการ,2,,,,,
2507401808,2507401789,0,84842972,tertiary,False,,True,53.10047027765383,ถนนรัถการ,2,,,,,
2507401808,2507401815,0,"[243314417, 706126612]",residential,False,,False,484.10275602473456,"['Thanon Rattakarn Soi 11/1', 'Soi 19 Nipasogkaew 1 Road']",,,,,,
2507401809,2507401803,0,706122303,residential,False,,True,44.3869359253833,,,,,,,
2507401809,4900465716,0,"[498671645, 243314453]",residential,False,,"[False, True]",159.3320595266195,,,,,,,
2507401809,2507401827,0,243314453,residential,False,,True,65.55674968002252,,,,,,,
2507401810,2507401842,0,243314066,tertiary,False,,False,66.59771039442367,ถนนนิพัทธ์สงเคราะห์ 3,2,,,,,
2507401810,2507401796,0,243314066,tertiary,False,,True,44.32901391114744,ถนนนิพัทธ์สงเคราะห์ 3,2,,,,,
2507401810,4900465629,0,243314170,residential,False,,False,130.21926655887688,Soi 14 Nipasogkaew 1 Road,,,,,,
2507401812,2507401795,0,100401319,tertiary,False,,False,52.691871982360794,ถนนนิพัทธ์สงเคราะห์ 2,2,,,,,
2507401812,2507401823,0,100401319,tertiary,False,,True,43.71817309431722,ถนนนิพัทธ์สงเคราะห์ 2,2,,,,,
2507401812,4900465629,0,243314170,residential,False,,True,42.660724015133376,Soi 14 Nipasogkaew 1 Road,,,,,,
2507401812,2507401813,0,243314288,residential,False,,False,84.66454349769442,Soi 14 Nipasogkaew 1 Road,,,,,,
2507401813,2507401815,0,243314288,residential,False,,False,125.89961979656525,Soi 14 Nipasogkaew 1 Road,,,,,,
2507401813,2507401812,0,243314288,residential,False,,True,84.66454349769442,Soi 14 Nipasogkaew 1 Road,,,,,,
2507401813,2507401824,0,243314321,residential,False,,False,39.04069372508226,Thanon Nipatsongkaew 1 Soi 14/1,,,,,,
2507401815,11098889052,0,84842973,secondary,False,,False,52.80538508357632,ถนนนิพันธ์สงเคราะห์,,,,,,
2507401815,2507401813,0,243314288,residential,False,,True,125.89961979656525,Soi 14 Nipasogkaew 1 Road,,,,,,
2507401815,2507401850,0,84842973,secondary,False,,True,75.96662436266857,ถนนนิพันธ์สงเคราะห์,,,,,,
2507401815,2507401808,0,"[243314417, 706126612]",residential,False,,True,484.1027560247345,"['Thanon Rattakarn Soi 11/1', 'Soi 19 Nipasogkaew 1 Road']",,,,,,
2507401816,2507401818,0,243314253,residential,False,,True,32.764991180239456,Soi Potpongsautit,,,,,,
2507401816,2507401793,0,243314427,residential,False,,True,82.89734389755904,,,,,,,
2507401816,2507401801,0,243314427,residential,False,,False,151.28623001176166,,,,,,,
2507401818,2507401816,0,243314253,residential,False,,False,32.764991180239456,Soi Potpongsautit,,,,,,
2507401818,2507401820,0,243314253,residential,False,,True,181.57691835360123,Soi Potpongsautit,,,,,,
2507401818,8645883338,0,243314391,residential,False,,False,27.813937946986826,Soi Potipongsautit,,,,,,
2507401820,2507401807,0,243188050,tertiary,False,,True,50.80101257531885,,,,,,,
2507401820,2507401818,0,243314253,residential,False,,False,181.57691835360123,Soi Potpongsautit,,,,,,
2507401820,2507401861,0,243188050,tertiary,False,,False,100.99201606489947,,,,,,,
2507401822,2507401808,0,84842972,tertiary,False,,True,51.69792647869651,ถนนรัถการ,2,,,,,
2507401822,2507401836,0,706126611,residential,False,,True,286.0588376600964,Thanon Rattakarn Soi 12,,,,,,
2507401822,2506099672,0,84842972,tertiary,False,,False,84.75664437022506,ถนนรัถการ,2,,,,,
2507401823,2507401812,0,100401319,tertiary,False,,False,43.71817309431722,ถนนนิพัทธ์สงเคราะห์ 2,2,,,,,
2507401823,2507401860,0,100401319,tertiary,False,,True,84.14167174795301,ถนนนิพัทธ์สงเคราะห์ 2,2,,,,,
2507401823,2507401824,0,243314267,residential,False,,False,76.60621551471088,Thanon Nipatsongkaew 1 Soi 19,,,,,,
2507401824,13016552413,0,243314267,residential,False,,False,92.82116382530636,Thanon Nipatsongkaew 1 Soi 19,,,,,,
2507401824,2507401823,0,243314267,residential,False,,True,76.60621551471088,Thanon Nipatsongkaew 1 Soi 19,,,,,,
2507401824,8524045202,0,243314321,residential,False,,False,36.60073255096662,Thanon Nipatsongkaew 1 Soi 14/1,,,,,,
2507401824,2507401813,0,243314321,residential,False,,True,39.04069372508226,Thanon Nipatsongkaew 1 Soi 14/1,,,,,,
2507401827,2507401809,0,243314453,residential,False,,False,65.55674968002252,,,,,,,
2507401836,4900465635,0,498671597,residential,False,,True,114.6737644986783,,,,,,,
2507401836,2507401822,0,706126611,residential,False,,False,286.0588376600964,Thanon Rattakarn Soi 12,,,,,,
2507401836,2507401850,0,243314422,residential,False,,True,212.95340155410392,Thanon Nipatsongkaew 1 Soi 21,,,,,,
2507401842,2507401810,0,243314066,tertiary,False,,True,66.59771039442367,ถนนนิพัทธ์สงเคราะห์ 3,2,,,,,
2507401849,2507401852,0,243314208,residential,False,,False,73.90608245469575,Soi 7 Kanlayathep,,,,,,
2507401850,2507401856,0,84842973,secondary,False,,True,19.872264763414652,ถนนนิพันธ์สงเคราะห์,,,,,,
2507401850,2507401815,0,84842973,secondary,False,,False,75.96662436266857,ถนนนิพันธ์สงเคราะห์,,,,,,
2507401850,2507401836,0,243314422,residential,False,,False,212.95340155410392,Thanon Nipatsongkaew 1 Soi 21,,,,,,
2507401852,2507401849,0,243314208,residential,False,,True,73.90608245469575,Soi 7 Kanlayathep,,,,,,
2507401852,2507401879,0,243314475,residential,False,,False,46.962257945056415,,,,,,,
2507401852,8645883338,0,243314391,residential,False,,True,114.04150204711814,Soi Potipongsautit,,,,,,
2507401852,2507401803,0,243314475,residential,False,,True,121.2134872079893,,,,,,,
2507401854,6634990421,0,96242772,tertiary,False,,False,56.541879610207694,ถนนนิพัทธ์สงเคราะห์ 4,,,,,,
2507401854,2507401886,0,96242772,tertiary,False,,True,52.047731332902686,ถนนนิพัทธ์สงเคราะห์ 4,,,,,,
2507401854,2507401857,0,243314263,residential,False,,False,153.295434353487,Thanon Potipongsansoi 3,,,,,,
2507401856,2507401850,0,84842973,secondary,False,,False,19.872264763414652,ถนนนิพันธ์สงเคราะห์,,,,,,
2507401856,2507401887,0,84842973,secondary,False,,True,44.28234777383066,ถนนนิพันธ์สงเคราะห์,,,,,,
2507401856,8524045200,0,243314303,residential,False,,True,47.33635189053849,Thanon Nipatsongkaew 1 Soi 18,,,,,,
2507401857,6634990420,0,84842970,tertiary,False,,False,53.75006261117197,Niphat Songkhro 5,,,,,,
2507401857,2507401893,0,84842970,tertiary,False,,True,46.33740198631019,Niphat Songkhro 5,,,,,,
2507401857,2507401854,0,243314263,residential,False,,True,153.295434353487,Thanon Potipongsansoi 3,,,,,,
2507401857,2507401861,0,706124026,residential,False,,False,105.33329499292289,Potipongsa Road Soi 4,,,,,,
2507401858,8524045200,0,243314303,residential,False,,False,83.4361625647556,Thanon Nipatsongkaew 1 Soi 18,,,,,,
2507401858,2507401860,0,243314303,residential,False,,True,67.4728840180898,Thanon Nipatsongkaew 1 Soi 18,,,,,,
2507401858,8524045202,0,243314321,residential,False,,True,40.0957937482173,Thanon Nipatsongkaew 1 Soi 14/1,,,,,,
2507401860,2507401823,0,100401319,tertiary,False,,False,84.14167174795301,ถนนนิพัทธ์สงเคราะห์ 2,2,,,,,
2507401860,2507401911,0,100401319,tertiary,False,,True,53.756369826585725,ถนนนิพัทธ์สงเคราะห์ 2,2,,,,,
2507401860,2507401858,0,243314303,residential,False,,False,67.4728840180898,Thanon Nipatsongkaew 1 Soi 18,,,,,,
2507401861,2507401892,0,243188050,tertiary,False,,False,28.74596274354593,,,,,,,
2507401861,2507401857,0,706124026,residential,False,,True,105.33329499292289,Potipongsa Road Soi 4,,,,,,
2507401861,2507401820,0,243188050,tertiary,False,,True,100.99201606489947,,,,,,,
2507401879,2507401890,0,243314475,residential,False,,False,18.283866211243126,,,,,,,
2507401879,2507401852,0,243314475,residential,False,,True,46.962257945056415,,,,,,,
2507401879,2507401908,0,243314463,residential,False,,True,248.349488986666,Soi Chanchay,,,,,,
2507401886,2507401854,0,96242772,tertiary,False,,False,52.047731332902686,ถนนนิพัทธ์สงเคราะห์ 4,,,,,,
2507401886,2507401919,0,96242772,tertiary,False,,True,51.42535067672783,ถนนนิพัทธ์สงเคราะห์ 4,,,,,,
2507401886,2507401893,0,243314283,residential,False,,False,157.07749071640393,Soi 9 Nipatsonkrew 5 Road,,,,,,
2507401887,2507401856,0,84842973,secondary,False,,False,44.28234777383066,ถนนนิพันธ์สงเคราะห์,,,,,,
2507401887,2507401982,0,84842973,secondary,False,,True,106.40431260793775,ถนนนิพันธ์สงเคราะห์,,,,,,
2507401887,2507401911,0,243314245,tertiary,False,,True,193.33909248344244,ถนนนิพันธ์สงเคราะห์ 1 ซอย 18,,,,,,
2507401887,4900465470,0,706137267,tertiary,False,,False,187.84913371204755,ถนนนิพันธ์สงเคราะห์ 1 ซอย 23,,,,,,
2507401890,2507401915,0,243314475,residential,False,,False,27.306170395816988,,,,,,,
2507401890,2507401879,0,243314475,residential,False,,True,18.283866211243126,,,,,,,
2507401890,2507401891,0,"[243314272, 243314317]",residential,False,,"[False, True]",224.38507015602045,,,,,,,
2507401891,2507401892,0,243314128,residential,False,,True,38.69917813089474,,,,,,,
2507401891,2507401890,0,"[243314272, 243314317]",residential,False,,"[False, True]",224.38507015602045,,,,,,,
2507401891,2507401910,0,"[243314272, 243314151]",residential,False,,True,112.42695807019798,,,,,,,
2507401892,2507401906,0,243188050,tertiary,False,,False,23.270112839618918,,,,,,,
2507401892,2507401861,0,243188050,tertiary,False,,True,28.74596274354593,,,,,,,
2507401892,2507401891,0,243314128,residential,False,,False,38.69917813089474,,,,,,,
2507401893,2507401857,0,84842970,tertiary,False,,False,46.33740198631019,Niphat Songkhro 5,,,,,,
2507401893,8360691825,0,84842970,tertiary,False,,True,38.116462403998725,Niphat Songkhro 5,,,,,,
2507401893,2507401906,0,243314283,residential,False,,False,127.86723878638021,Soi 9 Nipatsonkrew 5 Road,,,,,,
2507401893,2507401886,0,243314283,residential,False,,True,157.07749071640393,Soi 9 Nipatsonkrew 5 Road,,,,,,
2507401906,2507401991,0,243188050,tertiary,False,,False,110.78250478223968,,,,,,,
2507401906,2507401892,0,243188050,tertiary,False,,True,23.270112839618918,,,,,,,
2507401906,2507401893,0,243314283,residential,False,,True,127.86723878638021,Soi 9 Nipatsonkrew 5 Road,,,,,,
2507401908,2507401909,0,243314242,residential,False,,False,19.10957271432684,Soi 6 Kanlayathep,,,,,,
2507401908,2507401921,0,243314463,residential,False,,True,22.470024957638106,Soi Chanchay,,,,,,
2507401908,2507401879,0,243314463,residential,False,,False,248.34948898666596,Soi Chanchay,,,,,,
2507401909,2507401973,0,243314098,residential,False,,True,42.9033135197612,,,,,,,
2507401909,2507401908,0,243314242,residential,False,,True,19.10957271432684,Soi 6 Kanlayathep,,,,,,
2507401909,2507401914,0,"[243314242, 243314442]",residential,False,,False,97.29714616938573,Soi 6 Kanlayathep,,,,,,
2507401910,2507401891,0,"[243314272, 243314151]",residential,False,,False,112.42695807019798,,,,,,,
2507401911,2507401860,0,100401319,tertiary,False,,False,53.756369826585725,ถนนนิพัทธ์สงเคราะห์ 2,2,,,,,
2507401911,2507401887,0,243314245,tertiary,False,,False,193.33909248344244,ถนนนิพันธ์สงเคราะห์ 1 ซอย 18,,,,,,
2507401911,2507401988,0,100401319,tertiary,False,,True,100.22368284274894,ถนนนิพัทธ์สงเคราะห์ 2,2,,,,,
2507401914,2507401915,0,243314155,residential,False,,True,100.28883115522122,Soi 2 Kanlayathep,,,,,,
2507401914,2507401959,0,243314442,residential,False,,False,36.43256602626839,,,,,,,
2507401914,2507401909,0,"[243314442, 243314242]",residential,False,,True,97.29714616938573,Soi 6 Kanlayathep,,,,,,
2507401915,2507401914,0,243314155,residential,False,,False,100.28883115522122,Soi 2 Kanlayathep,,,,,,
2507401915,2507401926,0,243314475,residential,False,,False,21.149791531389965,,,,,,,
2507401915,2507401890,0,243314475,residential,False,,True,27.306170395816988,,,,,,,
2507401919,2507401886,0,96242772,tertiary,False,,False,51.42535067672783,ถนนนิพัทธ์สงเคราะห์ 4,,,,,,
2507401919,2507401965,0,96242772,tertiary,False,,True,27.463458594526244,ถนนนิพัทธ์สงเคราะห์ 4,,,,,,
2507401919,2507401922,0,243314189,residential,False,,True,51.137039279011496,,,,,,,
2507401921,2507401908,0,243314463,residential,False,,False,22.470024957638106,Soi Chanchay,,,,,,
2507401921,2505177713,0,243079762,residential,False,,False,454.59319748686903,,,,,,,
2507401921,2507401971,0,243079762,residential,False,,True,23.934170379765742,,,,,,,
2507401922,2507401919,0,243314189,residential,False,,False,51.137039279011496,,,,,,,
2507401923,2507401924,0,243314292,residential,False,,False,50.36005692285939,Soi 1 Kanlayathep,,,,,,
2507401924,2507401926,0,243314292,residential,False,,False,56.17889191844475,Soi 1 Kanlayathep,,,,,,
2507401924,2507401923,0,243314292,residential,False,,True,50.36005692285939,Soi 1 Kanlayathep,,,,,,
2507401924,2507402012,0,"[243314298, 243314182, 932706159]",residential,False,,True,201.4295348110517,,,,,,,
2507401926,2507401924,0,243314292,residential,False,,True,56.17889191844475,Soi 1 Kanlayathep,,,,,,
2507401926,2507401976,0,243314475,residential,False,,False,20.619396432781805,,,,,,,
2507401926,2507401915,0,243314475,residential,False,,True,21.149791531389965,,,,,,,
2507401959,2507401973,0,243314322,residential,False,,True,86.63092342343337,Soi 5 Kanlayathep,,,,,,
2507401959,2507401975,0,243314442,residential,False,,False,5.839243840706526,,,,,,,
2507401959,2507401914,0,243314442,residential,False,,True,36.43256602626839,,,,,,,
2507401965,2507401919,0,96242772,tertiary,False,,False,27.463458594526244,ถนนนิพัทธ์สงเคราะห์ 4,,,,,,
2507401965,1115585643,0,96242772,tertiary,False,,True,60.73006715697434,ถนนนิพัทธ์สงเคราะห์ 4,,,,,,
2507401965,2507401980,0,243314082,residential,False,,False,155.53378533333324,Soi 11 Nipatsonkrew 5 Road,,,,,,
2507401971,2507401921,0,243079762,residential,False,,False,23.934170379765742,,,,,,,
2507401971,2506102117,0,243079762,residential,False,,True,269.1936276829865,,,,,,,
2507401971,2507401973,0,243314322,residential,False,,False,34.35636354605085,Soi 5 Kanlayathep,,,,,,
2507401973,2507401909,0,243314098,residential,False,,False,42.9033135197612,,,,,,,
2507401973,2507401959,0,243314322,residential,False,,False,86.63092342343337,Soi 5 Kanlayathep,,,,,,
2507401973,2507401971,0,243314322,residential,False,,True,34.35636354605085,Soi 5 Kanlayathep,,,,,,
2507401975,2507401976,0,243314210,residential,False,,False,99.25166285646154,Soi 3 Kanlayathep,,,,,,
2507401975,2507401984,0,243314442,residential,False,,False,45.98184902360641,,,,,,,
2507401975,2507401959,0,243314442,residential,False,,True,5.839243840706526,,,,,,,
2507401976,2507401975,0,243314210,residential,False,,True,99.25166285646154,Soi 3 Kanlayathep,,,,,,
2507401976,2507401985,0,243314475,residential,False,,False,47.60962009006883,,,,,,,
2507401976,2507401926,0,243314475,residential,False,,True,20.619396432781805,,,,,,,
2507401977,2507401982,0,243314102,residential,False,,False,141.02806993067077,Thanon Nipatsongkaew 1 Soi 25,,,,,,
2507401979,2507401990,0,243314447,residential,False,,False,51.28424467016132,,,,,,,
2507401980,8360691825,0,84842970,tertiary,False,,False,51.151742087612945,Niphat Songkhro 5,,,,,,
2507401980,8642110286,0,84842970,tertiary,False,,True,13.284634022800079,Niphat Songkhro 5,,,,,,
2507401980,2507401965,0,243314082,residential,False,,True,155.53378533333327,Soi 11 Nipatsonkrew 5 Road,,,,,,
2507401982,2507401887,0,84842973,secondary,False,,False,106.40431260793775,ถนนนิพันธ์สงเคราะห์,,,,,,
2507401982,2507401996,0,84842973,secondary,False,,True,49.93175571967361,ถนนนิพันธ์สงเคราะห์,,,,,,
2507401982,2507401977,0,243314102,residential,False,,True,141.02806993067077,Thanon Nipatsongkaew 1 Soi 25,,,,,,
2507401982,2507401988,0,243314124,residential,False,,True,188.07540199892566,Thanon Nipatsongaew 1 Soi 20,,,,,,
2507401984,2507401985,0,243314153,residential,False,,False,99.6546780430756,Soi 4 Kanlayathep,,,,,,
2507401984,2507401975,0,243314442,residential,False,,True,45.98184902360641,,,,,,,
2507401984,8645883351,0,932706161,residential,False,,False,8.118711390838365,,,,,,,
2507401985,2507401984,0,243314153,residential,False,,True,99.6546780430756,Soi 4 Kanlayathep,,,,,,
2507401985,2507401976,0,243314475,residential,False,,True,47.60962009006883,,,,,,,
2507401985,13380601085,0,243314392,residential,False,,True,49.02531814056469,,,,,,,
2507401988,2507402001,0,100401319,tertiary,False,,True,56.481426613530815,ถนนนิพัทธ์สงเคราะห์ 2,2,,,,,
2507401988,2507401990,0,243314094,residential,False,,True,98.82359136351714,,,,,,,
2507401988,2507401982,0,243314124,residential,False,,False,188.07540199892566,Thanon Nipatsongaew 1 Soi 20,,,,,,
2507401988,2507401911,0,100401319,tertiary,False,,False,100.22368284274894,ถนนนิพัทธ์สงเคราะห์ 2,2,,,,,
2507401990,2507401988,0,243314094,residential,False,,False,98.82359136351714,,,,,,,
2507401990,2507401998,0,243314447,residential,False,,False,26.72157661513326,,,,,,,
2507401990,2507401979,0,243314447,residential,False,,True,51.28424467016132,,,,,,,
2507401991,2506101627,0,243188050,tertiary,False,,False,30.936420594314402,,,,,,,
2507401991,2507401906,0,243188050,tertiary,False,,True,110.78250478223968,,,,,,,
2507401991,8642110286,0,"[932261056, 243314397]",residential,False,,"[False, True]",176.13942332116866,,,,,,,
2507401993,8642110286,0,84842970,tertiary,False,,False,38.5045881806018,Niphat Songkhro 5,,,,,,
2507401993,8363112318,0,84842970,tertiary,False,,True,10.692860523628585,Niphat Songkhro 5,,,,,,
2507401993,1115585643,0,243314179,residential,False,,True,160.10730575523945,Soi Samarkee,,,,,,
2507401996,2507401982,0,84842973,secondary,False,,False,49.93175571967361,ถนนนิพันธ์สงเคราะห์,,,,,,
2507401996,8935275225,0,84842973,secondary,False,,True,28.2862254548787,ถนนนิพันธ์สงเคราะห์,,,,,,
2507401996,8935275220,0,243314147,residential,False,,True,88.1457412068118,Thanon Nipatsongkaew 1 Soi 24,,,,,,
2507401998,2507402008,0,243314447,residential,False,,False,51.62495650627326,,,,,,,
2507401998,2507401990,0,243314447,residential,False,,True,26.72157661513326,,,,,,,
2507401998,2507402003,0,243314115,residential,False,,False,103.3312068738205,Soi Saibandith,,,,,,
2507402001,2507401988,0,100401319,tertiary,False,,False,56.481426613530815,ถนนนิพัทธ์สงเคราะห์ 2,2,,,,,
2507402001,1431867132,0,100401319,tertiary,False,,True,140.63209425555112,ถนนนิพัทธ์สงเคราะห์ 2,2,,,,,
2507402001,8935275220,0,243314147,residential,False,,False,100.81243632951839,Thanon Nipatsongkaew 1 Soi 24,,,,,,
2507402001,8935275219,0,243314147,residential,False,,True,74.87725802566867,Thanon Nipatsongkaew 1 Soi 24,,,,,,
2507402003,1115585643,0,96242772,tertiary,False,,False,53.331862346587535,ถนนนิพัทธ์สงเคราะห์ 4,,,,,,
2507402003,2507402010,0,96242772,tertiary,False,,True,54.26021102730541,ถนนนิพัทธ์สงเคราะห์ 4,,,,,,
2507402003,2507401998,0,243314115,residential,False,,True,103.3312068738205,Soi Saibandith,,,,,,
2507402007,8363112318,0,84842970,tertiary,False,,False,48.33045449622698,Niphat Songkhro 5,,,,,,
2507402007,8642148172,0,84842970,tertiary,False,,True,21.42156549401202,Niphat Songkhro 5,,,,,,
2507402007,2506101952,0,243314316,residential,False,,False,210.80009941840535,ซอยพรหมสุวรรณ,,,,,,
2507402008,8635272036,0,243314447,residential,False,,False,70.52870822331013,,,,,,,
2507402008,2507401998,0,243314447,residential,False,,True,51.62495650627326,,,,,,,
2507402008,2507402010,0,243314236,residential,False,,True,99.47475399521198,Soi Comemuthit,,,,,,
2507402010,2507402003,0,96242772,tertiary,False,,False,54.26021102730541,ถนนนิพัทธ์สงเคราะห์ 4,,,,,,
2507402010,8635272037,0,96242772,tertiary,False,,True,75.52735576800353,ถนนนิพัทธ์สงเคราะห์ 4,,,,,,
2507402010,2507402016,0,243314141,residential,False,,True,161.76279598915664,ซอยถาวระ,,,,,,
2507402010,2507402008,0,243314236,residential,False,,False,99.47475399521198,Soi Comemuthit,,,,,,
2507402012,2507402013,0,243188701,tertiary,False,สข.5061,True,51.17038599171721,ถนนนวลแก้วอุทิศ,,,,,,
2507402012,2506102001,0,243188701,tertiary,False,สข.5061,False,65.5461789899176,ถนนนวลแก้วอุทิศ,,,,,,
2507402012,2507401924,0,"[243314298, 243314182, 932706159]",residential,False,,False,201.42953481105172,,,,,,,
2507402013,2507402012,0,243188701,tertiary,False,สข.5061,False,51.17038599171721,ถนนนวลแก้วอุทิศ,,,,,,
2507402013,8932255318,0,243188701,tertiary,False,สข.5061,True,84.4616583911925,ถนนนวลแก้วอุทิศ,,,,,,
2507402013,13380601085,0,243314392,residential,False,,False,83.5288283416681,,,,,,,
2507402015,2507402029,0,243188050,tertiary,False,,False,21.270658378353122,,,,,,,
2507402015,2506102050,0,243188050,tertiary,False,,True,15.18337823652929,,,,,,,
2507402015,2507402023,0,243314162,residential,False,,False,370.7707139755036,ซอยไชยมุณี 2,,,,,,
2507402016,8642148172,0,84842970,tertiary,False,,False,34.073855988651864,Niphat Songkhro 5,,,,,,
2507402016,2507402054,0,84842970,tertiary,False,,True,118.59906590944627,Niphat Songkhro 5,,,,,,
2507402016,2507402010,0,243314141,residential,False,,False,161.76279598915664,ซอยถาวระ,,,,,,
2507402023,2507402015,0,243314162,residential,False,,True,370.7707139755036,ซอยไชยมุณี 2,,,,,,
2507402029,2507402036,0,243188050,tertiary,False,,False,27.15511640975877,,,,,,,
2507402029,2507402015,0,243188050,tertiary,False,,True,21.270658378353122,,,,,,,
2507402029,8642148172,0,"[932259978, 243314326]",residential,False,,True,239.2820012056306,Soi Nuakkeawuthid 2,,,,,,
2507402036,2507402041,0,243188050,tertiary,False,,False,23.07203790766768,,,,,,,
2507402036,2507402029,0,243188050,tertiary,False,,True,27.15511640975877,,,,,,,
2507402036,8645883361,0,243314138,residential,False,,True,227.0239028991155,ซอยแก้วพรหมทอง,,,,,,
2507402037,2507402041,0,243314164,residential,False,,False,156.70500067535005,Soi Prombututit,,,,,,
2507402038,8645883361,0,243314138,residential,False,,False,27.24444821862772,ซอยแก้วพรหมทอง,,,,,,
2507402041,2507402046,0,243188050,tertiary,False,,False,24.07680192153755,,,,,,,
2507402041,2507402036,0,243188050,tertiary,False,,True,23.07203790766768,,,,,,,
2507402041,2507402037,0,243314164,residential,False,,True,156.70500067535005,Soi Prombututit,,,,,,
2507402046,6634869945,0,243188050,tertiary,False,,False,48.70752478502236,,,,,,,
2507402046,2507402041,0,243188050,tertiary,False,,True,24.07680192153755,,,,,,,
2507402046,2507402050,0,243314281,residential,False,,False,372.44135299889956,ซอยสองพี่น้อง,,,,,,
2507402046,8642314348,0,932275427,residential,False,,True,141.66200250619923,,,,,,,
2507402050,2507402056,0,243314237,residential,False,,True,23.471589146723723,,,,,,,
2507402050,2506102117,0,243314237,residential,False,,False,290.72267318011717,,,,,,,
2507402050,2507402046,0,243314281,residential,False,,True,372.44135299889956,ซอยสองพี่น้อง,,,,,,
2507402054,2507402016,0,84842970,tertiary,False,,False,118.59906590944627,Niphat Songkhro 5,,,,,,
2507402054,985092499,0,84842970,tertiary,False,,True,49.380001565804726,Niphat Songkhro 5,,,,,,
2507402054,2507402068,0,243314223,residential,False,,False,308.5105391331882,,,,,,,
2507402055,1115585867,0,84842972,tertiary,False,,False,79.25863374234197,ถนนรัถการ,2,,,,,
2507402055,8635323855,0,84842972,tertiary,False,,True,68.27962844433522,ถนนรัถการ,2,,,,,
2507402055,8635272036,0,243314447,residential,False,,True,94.85341823052605,,,,,,,
2507402056,2507402050,0,243314237,residential,False,,False,23.471589146723723,,,,,,,
2507402056,2507402062,0,243314237,residential,False,,True,71.25009065663338,,,,,,,
2507402056,4900466011,0,498671410,residential,False,,True,144.69694429053635,,,,,,,
2507402062,2507402056,0,243314237,residential,False,,False,71.25009065663338,,,,,,,
2507402062,2506102795,0,243314426,residential,False,,True,426.6664228134215,ซอยรวมมิตร,,,,,,
2507402062,2507402073,0,932702612,unclassified,False,,False,310.88903656777086,,,,,,,
2507402068,2506102795,0,243188050,tertiary,False,,True,34.271763531323344,,,,,,,
2507402068,2507402054,0,243314223,residential,False,,True,308.5105391331882,,,,,,,
2507402068,2507402070,0,243188050,tertiary,False,,False,36.89283723617732,,,,,,,
2507402069,8642907669,0,84842970,tertiary,False,,False,25.603810006668954,Niphat Songkhro 5,,,,,,
2507402069,985092433,0,84842970,tertiary,False,,True,52.845884432142725,Niphat Songkhro 5,,,,,,
2507402069,2507402080,0,243314142,residential,False,,False,329.16509364216995,Soi Paidee Madee,,,,,,
2507402070,2506103269,0,243188050,tertiary,False,,False,11.753947249837394,,,,,,,
2507402070,2507402068,0,243188050,tertiary,False,,True,36.89283723617732,,,,,,,
2507402070,2507402073,0,243314363,residential,False,,False,348.9801367224227,ซอยพัฒโน,,,,,,
2507402073,2507402070,0,243314363,residential,False,,True,348.9801367224227,ซอยพัฒโน,,,,,,
2507402073,2507402081,0,932702612,unclassified,False,,False,68.82501347119198,,,,,,,
2507402073,2507402062,0,932702612,unclassified,False,,True,310.8890365677708,,,,,,,
2507402076,2507402080,0,243188050,tertiary,False,,False,14.393098900311125,,,,,,,
2507402076,2506103269,0,243188050,tertiary,False,,True,35.23045458102442,,,,,,,
2507402076,2507402081,0,243314127,residential,False,,True,313.4072008884172,Soi Nimnoo Uthit,,,,,,
2507402077,2507402097,0,84842972,tertiary,False,,False,240.9964005417718,ถนนรัถการ,2,,,,,
2507402077,985092433,0,84842972,tertiary,False,,True,53.13061714561546,ถนนรัถการ,2,,,,,
2507402077,2507402084,0,243314315,residential,False,,False,193.523973394787,Nawaboon Boonmaneeutit Soi,,,,,,
2507402080,2507402085,0,243188050,tertiary,False,,False,26.08464679452157,,,,,,,
2507402080,2507402076,0,243188050,tertiary,False,,True,14.393098900311125,,,,,,,
2507402080,2507402069,0,243314142,residential,False,,True,329.16509364216995,Soi Paidee Madee,,,,,,
2507402081,2507402076,0,243314127,residential,False,,False,313.4072008884172,Soi Nimnoo Uthit,,,,,,
2507402081,2507402091,0,932702612,unclassified,False,,False,71.71144863026097,,,,,,,
2507402081,2507402073,0,932702612,unclassified,False,,True,68.82501347119198,,,,,,,
2507402082,2507402097,0,243314193,residential,False,,False,103.30777893674932,Soi Nawabunuthit,,,,,,
2507402084,2507402077,0,243314315,residential,False,,True,193.523973394787,Nawaboon Boonmaneeutit Soi,,,,,,
2507402085,2506103891,0,243188050,tertiary,False,,False,54.99357191331062,,,,,,,
2507402085,2507402080,0,243188050,tertiary,False,,True,26.08464679452157,,,,,,,
2507402085,2507402091,0,243314106,residential,False,,True,286.9066088955635,Soi Sutti,,,,,,
2507402091,2507402085,0,243314106,residential,False,,False,286.9066088955635,Soi Sutti,,,,,,
2507402091,2507402105,0,932702612,unclassified,False,,False,142.88462133565525,,,,,,,
2507402091,2507402081,0,932702612,unclassified,False,,True,71.71144863026097,,,,,,,
2507402097,2506104118,0,84842972,tertiary,False,,False,74.93599606878917,ถนนรัถการ,2,,,,,
2507402097,2507402077,0,84842972,tertiary,False,,True,240.9964005417718,ถนนรัถการ,2,,,,,
2507402097,2507402082,0,243314193,residential,False,,True,103.30777893674932,Soi Nawabunuthit,,,,,,
2507402102,2506104118,0,243188050,tertiary,False,,False,16.515461772385134,,,,,,,
2507402102,2506103891,0,243188050,tertiary,False,,True,62.683659208055865,,,,,,,
2507402102,2507402110,0,243314226,residential,False,,True,199.84049432062753,,,,,,,
2507402105,2506103891,0,243314079,unclassified,False,,False,196.90940733933166,Thanoj Petmalai Soi 1,,,,,,
2507402105,2507402110,0,243314357,unclassified,False,,False,52.77006725248112,,,,,,,
2507402105,2507402091,0,932702612,unclassified,False,,True,142.88462133565525,,,,,,,
2507402110,2507402102,0,243314226,residential,False,,False,199.84049432062753,,,,,,,
2507402110,2507402128,0,243314357,unclassified,False,,False,91.1368911547334,,,,,,,
2507402110,2507402105,0,243314357,unclassified,False,,True,52.77006725248111,,,,,,,
2507402128,2507402157,0,243314357,unclassified,False,,False,82.206595541859,,,,,,,
2507402128,2507402110,0,243314357,unclassified,False,,True,91.13689115473339,,,,,,,
2507402157,2507402128,0,243314357,unclassified,False,,True,82.206595541859,,,,,,,
2507402157,2506104118,0,700908615,residential,False,,False,336.36759795931493,Thanon Anusornarjantong,,,,,,
2508579987,2508580009,0,243454819,residential,False,,False,48.73511381035471,,,,,,,
2508579987,823954365,0,243454912,residential,False,,False,86.69578389843589,,,,,,,
2508579987,2507400785,0,243454912,residential,False,,True,76.84431806108951,,,,,,,
2508580006,2507400813,0,71380777,tertiary,False,,False,60.08863508196534,Thanon Phetkasem Soi 11,,,,,,
2508580006,849403355,0,71380777,tertiary,False,,True,51.29772507333009,Thanon Phetkasem Soi 11,,,,,,
2508580006,2508580009,0,243454292,residential,False,,False,94.37124774289182,,,,,,,
2508580009,2508580006,0,243454292,residential,False,,True,94.37124774289182,,,,,,,
2508580009,2508580023,0,243454819,residential,False,,False,31.87661725197658,,,,,,,
2508580009,2508579987,0,243454819,residential,False,,True,48.73511381035471,,,,,,,
2508580023,2508580009,0,243454819,residential,False,,True,31.87661725197658,,,,,,,
2508580170,2508580222,0,243453921,residential,False,,False,43.77058723786567,,,,,,,
2508580200,4900465449,0,243455373,residential,False,,False,106.09065690377653,Thanon Phetkasem Soi 13,,,,,,
2508580222,2508580170,0,243453921,residential,False,,True,43.77058723786567,,,,,,,
2508580222,2508580226,0,243454713,residential,False,,False,57.95190728331817,Soi Suwanno,,,,,,
2508580222,849403464,0,243454713,residential,False,,True,72.8882081140997,Soi Suwanno,,,,,,
2508580226,2507401095,0,243314063,residential,False,,False,104.41609249827437,Thanon Phetkasem Soi 7,,,,,,
2508580226,2507400976,0,243314063,residential,False,,True,32.634492253811594,Thanon Phetkasem Soi 7,,,,,,
2508580226,2508580222,0,243454713,residential,False,,True,57.95190728331817,Soi Suwanno,,,,,,
2508580247,2508580342,0,700892591,residential,False,,False,72.14479461736593,,,,,,,
2508580283,2508580317,0,243454172,residential,False,,True,71.66417756912675,,,,,,,
2508580317,2508580283,0,243454172,residential,False,,False,71.66417756912675,,,,,,,
2508580317,2508580358,0,243455373,residential,False,,False,42.9442869624295,Thanon Phetkasem Soi 13,,,,,,
2508580317,4900465449,0,243455373,residential,False,,True,46.160830039658585,Thanon Phetkasem Soi 13,,,,,,
2508580336,2508580358,0,243454297,residential,False,,True,65.8040941879071,,,,,,,
2508580342,2508580247,0,700892591,residential,False,,True,72.14479461736593,,,,,,,
2508580342,2505177482,0,243455470,unclassified,False,,False,182.78369344663128,,,,,,,
2508580358,2508580336,0,243454297,residential,False,,False,65.8040941879071,,,,,,,
2508580358,2508580317,0,243455373,residential,False,,True,42.9442869624295,Thanon Phetkasem Soi 13,,,,,,
2508580358,2508580463,0,243455373,residential,False,,False,90.00839981528117,Thanon Phetkasem Soi 13,,,,,,
2508580463,849403465,0,66984619,secondary,True,,False,53.37120295475981,ถนนเพชรเกษม,,,,,,
2508580463,2508580358,0,243455373,residential,False,,True,90.00839981528117,Thanon Phetkasem Soi 13,,,,,,
2508580610,2508580613,0,243188790,secondary,True,,False,19.09257442927868,ถนนเพชรเกษม,,,,,,
2508580610,2508580725,0,243454702,residential,False,,True,116.81250464439614,,,,,,,
2508580613,13429824132,0,243188790,secondary,True,,False,102.39278010108603,ถนนเพชรเกษม,,,,,,
2508580613,2508580788,0,243454869,residential,False,,True,173.42837391096037,Thanon Phetkasem Soi 4,,,,,,
2508580665,2505177544,0,243079793,tertiary,False,,False,107.80610529868146,,,,,,,
2508580665,2508580767,0,243079793,tertiary,False,,True,102.22519268890107,,,,,,,
2508580665,8931957948,0,243453876,residential,False,,False,228.5624120443279,,,,,,,
2508580697,2508580785,0,243453943,residential,False,,False,80.16525196374846,,,,,,,
2508580722,2508580725,0,243454796,residential,False,,False,52.42286228644683,,,,,,,
2508580722,1137102383,0,98270310,residential,False,,False,79.35328807097541,Pasawang Road,2,,,,,
2508580722,2505177589,0,98270310,residential,False,,True,117.91048438714552,Pasawang Road,2,,,,,
2508580725,2508580610,0,243454702,residential,False,,False,116.81250464439614,,,,,,,
2508580725,2508580773,0,243454702,residential,False,,True,32.88074926893675,,,,,,,
2508580725,2508580722,0,243454796,residential,False,,True,52.42286228644683,,,,,,,
2508580731,8635157789,0,243453858,residential,False,,True,58.375178147745316,,,,,,,
2508580731,4900466268,0,498671302,residential,False,,True,103.89432824016313,,,,,,,
2508580731,13429852008,0,1464068008,residential,False,,True,27.813171403565374,,,,,,,
2508580743,2508580826,0,243453948,residential,False,,False,74.1725362845777,,,,,,,
2508580757,13429793061,0,243454483,residential,False,,False,48.901997946244364,,,,,,,
2508580765,1137102384,0,243454245,residential,False,,False,82.47809511892346,,,,,,,
2508580767,2508580665,0,243079793,tertiary,False,,False,102.22519268890107,,,,,,,
2508580767,2508580840,0,243079793,tertiary,False,,True,45.20978147849336,,,,,,,
2508580767,8523961030,0,243453996,residential,False,,False,58.18544947749628,Soi Phetkasem 6/2,,,,,,
2508580773,2508580725,0,243454702,residential,False,,False,32.88074926893675,,,,,,,
2508580785,2508580697,0,243453943,residential,False,,True,80.16525196374846,,,,,,,
2508580785,2508580903,0,98480951,residential,False,,False,102.9665849397626,ซอยโสภณพิทยาคุณานุสรณ์,,,,,,
2508580785,8931905999,0,98480951,residential,False,,True,48.14884844533274,ซอยโสภณพิทยาคุณานุสรณ์,,,,,,
2508580788,2508580613,0,243454869,residential,False,,False,173.42837391096037,Thanon Phetkasem Soi 4,,,,,,
2508580799,8523961028,0,243453996,residential,False,,True,97.58978642653074,Soi Phetkasem 6/2,,,,,,
2508580799,13455144373,0,1456858074,residential,False,,False,113.3840861894393,,,,,,,
2508580799,2508580962,0,"[1456858074, 243455135]",residential,False,,"[False, True]",180.986539141774,Soi Bungtussaro,,,,,,
2508580802,1137102383,0,243454144,residential,False,,True,81.03356144424215,,,,,,,
2508580808,2508580962,0,243454204,residential,False,,False,45.390273732879244,,,,,,,
2508580820,2508580823,0,243455341,residential,False,,False,37.88244457541389,Thanon Phetkasem Soi 6/1,,,,,,
2508580823,2508580826,0,243455341,residential,False,,False,56.10401132011967,Thanon Phetkasem Soi 6/1,,,,,,
2508580823,2508580820,0,243455341,residential,False,,True,37.88244457541389,Thanon Phetkasem Soi 6/1,,,,,,
2508580826,2508580743,0,243453948,residential,False,,True,74.1725362845777,,,,,,,
2508580826,2508580840,0,243455341,residential,False,,False,33.78510781360985,Thanon Phetkasem Soi 6/1,,,,,,
2508580826,2508580823,0,243455341,residential,False,,True,56.10401132011967,Thanon Phetkasem Soi 6/1,,,,,,
2508580840,8523961023,0,243079793,tertiary,False,,True,10.34347561537331,,,,,,,
2508580840,2508580826,0,243455341,residential,False,,True,33.78510781360985,Thanon Phetkasem Soi 6/1,,,,,,
2508580840,2508580767,0,243079793,tertiary,False,,False,45.20978147849336,,,,,,,
2508580877,2508580897,0,243454450,residential,False,,False,95.10210295161106,Thanon Phetkasem Soi 10/7,,,,,,
2508580897,8348748939,0,128632939,residential,False,,False,26.79056105208198,Thanon Phetkasem Soi 10,,,,,,
2508580897,2507401473,0,128632939,residential,False,,True,23.394479565700376,Thanon Phetkasem Soi 10,,,,,,
2508580897,2508580877,0,243454450,residential,False,,True,95.10210295161106,Thanon Phetkasem Soi 10/7,,,,,,
2508580903,8635157789,0,243453858,residential,False,,False,50.721638624020294,,,,,,,
2508580903,8635215150,0,98480951,residential,False,,False,48.14331534758436,ซอยโสภณพิทยาคุณานุสรณ์,,,,,,
2508580903,2508580785,0,98480951,residential,False,,True,102.96658493976261,ซอยโสภณพิทยาคุณานุสรณ์,,,,,,
2508580924,8523961023,0,243079793,tertiary,False,,False,30.176792243301637,,,,,,,
2508580924,2508580962,0,243455135,residential,False,,True,128.2485398330857,Soi Bungtussaro,,,,,,
2508580933,2505177657,0,98270313,residential,False,,True,39.99514605867377,ถนนเพชรเกษม ซอย 2,,,,,,
2508580933,1137102395,0,243454354,residential,False,,False,189.39280983068363,,,,,,,
2508580933,13429824132,0,1464065640,residential,False,,True,238.25367474486012,ถนนเพชรเกษม ซอย 2,,,,,,
2508580962,2508580808,0,243454204,residential,False,,True,45.390273732879244,,,,,,,
2508580962,2508580924,0,243455135,residential,False,,False,128.2485398330857,Soi Bungtussaro,,,,,,
2508580962,2508580799,0,"[1456858074, 243455135]",residential,False,,"[False, True]",180.986539141774,Soi Bungtussaro,,,,,,
2508580974,8635205770,0,98480951,residential,False,,False,33.95016481591911,ซอยโสภณพิทยาคุณานุสรณ์,,,,,,
2508580974,13429793061,0,243454483,residential,False,,True,78.5062464064782,,,,,,,
2508580974,8635215150,0,98480951,residential,False,,True,61.32624998291165,ซอยโสภณพิทยาคุณานุสรณ์,,,,,,
2508581030,1137102414,0,98270318,residential,False,,False,47.61782906132912,Soi Pasawang 4,,,,,,
2508581030,1137102402,0,243454488,residential,False,,True,92.08259390253005,,,,,,,
2508581234,1137030928,0,98264712,residential,False,,True,63.536047076815386,ถนนกาญจนวนิช ซอย 13,,,,,,
2508581234,6634819000,0,98264712,residential,False,,False,81.03033028747814,ถนนกาญจนวนิช ซอย 13,,,,,,
2508581234,2508581369,0,243454901,residential,False,,True,54.999757417329185,Soi 13/2 Kanchanawanich,,,,,,
2508581352,2508581508,0,243454898,residential,False,,False,139.13288816390562,Thanon Phetkasem Soi 10/9,,,,,,
2508581369,2508581234,0,243454901,residential,False,,False,54.999757417329185,Soi 13/2 Kanchanawanich,,,,,,
2508581424,2508581783,0,243455150,residential,False,,False,98.29733694406808,Soi Bounsopa,,,,,,
2508581508,2508581836,0,128632939,residential,False,,False,70.81744137068604,Thanon Phetkasem Soi 10,,,,,,
2508581508,6634718715,0,128632939,residential,False,,True,62.324074864706475,Thanon Phetkasem Soi 10,,,,,,
2508581508,2508581352,0,243454898,residential,False,,True,139.13288816390562,Thanon Phetkasem Soi 10/9,,,,,,
2508581570,2505177678,0,243454509,residential,False,,False,85.3593204627593,,,,,,,
2508581699,2508581841,0,243453884,residential,False,,False,126.55800331494108,Thanon Phetkasem Soi 10/11,,,,,,
2508581774,2508581933,0,243455488,unclassified,False,,False,83.34911444669346,Thanon Karjanavanit Soi 12/1,,,,,,
2508581774,2508581795,0,243455280,unclassified,False,,True,52.24668081156838,Thanon Karjanavanit Soi 12,,,,,,
2508581774,2508581783,0,243455450,residential,False,,False,46.118682648847326,,,,,,,
2508581783,2508581804,0,243455450,residential,False,,False,8.768808107278497,,,,,,,
2508581783,2508581424,0,243455150,residential,False,,True,98.29733694406808,Soi Bounsopa,,,,,,
2508581783,2508581774,0,243455450,residential,False,,True,46.118682648847326,,,,,,,
2508581795,8642740884,0,932327463,residential,False,,False,36.98548651802485,,,,,,,
2508581795,2508581774,0,243455280,unclassified,False,,False,52.24668081156838,Thanon Karjanavanit Soi 12,,,,,,
2508581795,2508581807,0,243455280,unclassified,False,,True,72.18907674502263,Thanon Karjanavanit Soi 12,,,,,,
2508581804,2508581783,0,243455450,residential,False,,True,8.768808107278497,,,,,,,
2508581807,796747470,0,970029499,primary,True,,False,42.343772850285646,ถนนกาญจนวณิชย์,3,,,,,
2508581807,2508581795,0,243455280,unclassified,False,,False,72.18907674502263,Thanon Karjanavanit Soi 12,,,,,,
2508581836,2508581841,0,128632939,residential,False,,False,14.63794721706298,Thanon Phetkasem Soi 10,,,,,,
2508581836,2505177701,0,243454391,residential,False,,True,109.18903982732057,Thanon Phetkasem Soi 10/10,,,,,,
2508581836,2508581508,0,128632939,residential,False,,True,70.81744137068604,Thanon Phetkasem Soi 10,,,,,,
2508581841,2508581944,0,128632939,residential,False,,False,59.19861420884649,Thanon Phetkasem Soi 10,,,,,,
2508581841,2508581836,0,128632939,residential,False,,True,14.63794721706298,Thanon Phetkasem Soi 10,,,,,,
2508581841,2508581699,0,243453884,residential,False,,True,126.55800331494108,Thanon Phetkasem Soi 10/11,,,,,,
2508581933,2508581774,0,243455488,unclassified,False,,True,83.34911444669346,Thanon Karjanavanit Soi 12/1,,,,,,
2508581933,8634788976,0,931349726,residential,False,,False,39.88581420943485,,,,,,,
2508581944,2508581841,0,128632939,residential,False,,True,59.19861420884649,Thanon Phetkasem Soi 10,,,,,,
2508581944,8524036354,0,128632939,residential,False,,False,36.22248513965307,Thanon Phetkasem Soi 10,,,,,,
2508581944,8932024360,0,"[1211498511, 243454303]",residential,False,,True,199.83156319795634,Thanon Phetkasem Soi 10/13,,,,,,
2508582040,8524036352,0,243454179,residential,False,,True,18.805349336809602,,,,,,,
2508582071,2508582178,0,970029499,primary,True,,False,34.13043234009637,ถนนกาญจนวณิชย์,3,,,,,
2508582071,13367303063,0,243455352,residential,False,,True,211.42788716155684,Thanon Karjanavanit Soi 11,,,,,,
2508582178,2508582610,0,970029499,primary,True,,False,89.22984242602355,ถนนกาญจนวณิชย์,3,,,,,
2508582178,2508582676,0,243455228,residential,False,,False,229.41704739763117,Soi Rittiboon,,,,,,
2508582610,6634755646,0,970029499,primary,True,,False,34.71592826631382,ถนนกาญจนวณิชย์,3,,,,,
2508582610,2508582644,0,243455329,residential,False,,True,76.66304735244654,Thanon Karjanavanit Soi 10,,,,,,
2508582644,4900466313,0,243455329,residential,False,,True,79.52152754730666,Thanon Karjanavanit Soi 10,,,,,,
2508582644,2508582663,0,243455200,residential,False,,True,175.76626327140167,,,,,,,
2508582644,2508582610,0,243455329,residential,False,,False,76.66304735244654,Thanon Karjanavanit Soi 10,,,,,,
2508582663,4900466313,0,243455329,residential,False,,False,6.091915490522424,Thanon Karjanavanit Soi 10,,,,,,
2508582663,2508582676,0,243455329,residential,False,,True,18.430625009671214,Thanon Karjanavanit Soi 10,,,,,,
2508582663,2508582644,0,243455200,residential,False,,False,175.76626327140164,,,,,,,
2508582676,2508582663,0,243455329,residential,False,,False,18.430625009671214,Thanon Karjanavanit Soi 10,,,,,,
2508582676,2508582178,0,243455228,residential,False,,True,229.41704739763117,Soi Rittiboon,,,,,,
2508582773,2508582831,0,970029499,primary,True,,False,56.84247581506892,ถนนกาญจนวณิชย์,3,,,,,
2508582773,2508582775,0,243455375,residential,False,,True,169.97666023426615,Thanon Karjanavanit Soi 9,,,,,,
2508582775,2508582773,0,243455375,residential,False,,False,169.97666023426615,Thanon Karjanavanit Soi 9,,,,,,
2508582775,2508582839,0,931332972,residential,False,,False,76.20494471564977,,,,,,,
2508582831,2508582839,0,243455293,residential,False,,True,169.27120154821543,Soi Supabonvarn 1,,,,,,
2508582831,2508583042,0,970029499,primary,True,,False,94.06014981623616,ถนนกาญจนวณิชย์,3,,,,,
2508582839,2508582831,0,243455293,residential,False,,False,169.27120154821543,Soi Supabonvarn 1,,,,,,
2508582839,2508583006,0,243455293,residential,False,,True,64.19943340367334,Soi Supabonvarn 1,,,,,,
2508582839,2508582775,0,931332972,residential,False,,True,76.20494471564977,,,,,,,
2508583006,2508583017,0,243453790,unclassified,False,,False,56.803514714730994,Soi  Suparbonvarn,,,,,,
2508583006,2508582839,0,243455293,residential,False,,False,64.19943340367334,Soi Supabonvarn 1,,,,,,
2508583017,2508583030,0,243453790,unclassified,False,,False,67.79547911782426,Soi  Suparbonvarn,,,,,,
2508583017,2508583006,0,243453790,unclassified,False,,True,56.803514714730994,Soi  Suparbonvarn,,,,,,
2508583017,2508583143,0,243454007,residential,False,,True,56.901671840883935,,,,,,,
2508583030,2508583036,0,243453790,unclassified,False,,False,6.785415470835636,Soi  Suparbonvarn,,,,,,
2508583030,2508583017,0,243453790,unclassified,False,,True,67.79547911782426,Soi  Suparbonvarn,,,,,,
2508583030,8642766301,0,932329124,residential,False,,False,25.79521626233943,,,,,,,
2508583036,2508583042,0,243453790,unclassified,False,,False,73.73369602099928,Soi  Suparbonvarn,,,,,,
2508583036,2508583030,0,243453790,unclassified,False,,True,6.785415470835636,Soi  Suparbonvarn,,,,,,
2508583036,2508583163,0,243454137,residential,False,,True,57.92702253752523,,,,,,,
2508583042,2508583036,0,243453790,unclassified,False,,True,73.73369602099928,Soi  Suparbonvarn,,,,,,
2508583042,13339847320,0,970029499,primary,True,,False,226.91708363861,ถนนกาญจนวณิชย์,3,,,,,
2508583143,2508583017,0,243454007,residential,False,,False,56.901671840883935,,,,,,,
2508583163,2508583036,0,243454137,residential,False,,False,57.92702253752523,,,,,,,
2508583506,2508583514,0,243079624,tertiary,False,สข.5061,True,36.90159277447543,ถนนนวลแก้วอุทิศ,,,,,,
2508583506,2508583927,0,243454486,residential,False,,True,105.34942387065595,Soi 4 Pisut Panee,,,,,,
2508583514,2508583506,0,243079624,tertiary,False,สข.5061,False,36.90159277447543,ถนนนวลแก้วอุทิศ,,,,,,
2508583514,2505177837,0,243079624,tertiary,False,สข.5061,True,40.51093459339503,ถนนนวลแก้วอุทิศ,,,,,,
2508583514,2508583945,0,243453861,residential,False,,True,104.76733010381508,Soi 3 Pisut Panee,,,,,,
2508583568,2508584032,0,243454084,residential,False,,True,105.71440584402056,Soi 1 Pisut Panee,,,,,,
2508583568,13339847324,0,324267212,tertiary,True,สข.5061,False,10.838224636507949,ถนนนวลแก้วอุทิศ,,,,,,
2508583927,2508583945,0,243453826,unclassified,False,,False,38.263235381035095,,,,,,,
2508583927,2508583506,0,243454486,residential,False,,False,105.34942387065595,Soi 4 Pisut Panee,,,,,,
2508583945,2508583989,0,243453826,unclassified,False,,False,39.813073953851806,,,,,,,
2508583945,2508583927,0,243453826,unclassified,False,,True,38.263235381035095,,,,,,,
2508583945,2508583514,0,243453861,residential,False,,False,104.76733010381508,Soi 3 Pisut Panee,,,,,,
2508583989,2508584032,0,243453826,unclassified,False,,False,39.682932412837864,,,,,,,
2508583989,2508583945,0,243453826,unclassified,False,,True,39.813073953851806,,,,,,,
2508583989,2505177837,0,243453946,residential,False,,False,106.86083334260334,Soi 2 Pisut Panee,,,,,,
2508584032,2508584041,0,243453826,unclassified,False,,False,50.292986739315694,,,,,,,
2508584032,2508583989,0,243453826,unclassified,False,,True,39.682932412837864,,,,,,,
2508584032,2508583568,0,243454084,residential,False,,False,105.71440584402056,Soi 1 Pisut Panee,,,,,,
2508584041,2508584032,0,243453826,unclassified,False,,True,50.292986739315694,,,,,,,
2508584041,2508584387,0,970029499,primary,True,,False,53.627063659996885,ถนนกาญจนวณิชย์,3,,,,,
2508584243,1430652734,0,243454249,residential,False,,False,43.10187721195276,,,,,,,
2508584243,2508584292,0,243455382,residential,False,,False,54.62171737958558,,,,,,,
2508584292,2508584630,0,243454147,residential,False,,True,45.43898548818653,,,,,,,
2508584292,2508584327,0,243455382,residential,False,,False,46.94956924320933,,,,,,,
2508584292,2508584243,0,243455382,residential,False,,True,54.62171737958558,,,,,,,
2508584327,2508584652,0,243454021,residential,False,,True,49.22606851290877,,,,,,,
2508584327,2508584387,0,243455382,residential,False,,False,52.79804000155028,,,,,,,
2508584327,2508584292,0,243455382,residential,False,,True,46.94956924320933,,,,,,,
2508584387,2508584327,0,243455382,residential,False,,True,52.79804000155028,,,,,,,
2508584387,1430652724,0,970029499,primary,True,,False,52.94005297822473,ถนนกาญจนวณิชย์,3,,,,,
2508584630,1430652734,0,97954651,residential,False,,False,54.88492366669509,ถนนกาญจนวนิช ซอย 6,,,,,,
2508584630,2508584652,0,97954651,residential,False,,True,49.82887025352945,ถนนกาญจนวนิช ซอย 6,,,,,,
2508584630,2508584292,0,243454147,residential,False,,False,45.43898548818653,,,,,,,
2508584652,2508584630,0,97954651,residential,False,,False,49.82887025352945,ถนนกาญจนวนิช ซอย 6,,,,,,
2508584652,1430652724,0,97954651,residential,False,,True,53.14148763131993,ถนนกาญจนวนิช ซอย 6,,,,,,
2508584652,2508584327,0,243454021,residential,False,,False,49.22606851290877,,,,,,,
2508584857,2508585000,0,243453771,residential,False,,True,110.65870818007083,Thanon Taksinmuangtong 1,,,,,,
2508584857,2508585203,0,243455389,residential,False,,False,55.82357416818955,,,,,,,
2508585000,2508584857,0,243453771,residential,False,,False,110.65870818007083,Thanon Taksinmuangtong 1,,,,,,
2508585000,2508585241,0,970029499,primary,True,,False,55.579719942557254,ถนนกาญจนวณิชย์,3,,,,,
2508585203,2508585241,0,243455173,residential,False,,True,118.21671579933637,Thanon Taksinmuangtong 2,,,,,,
2508585203,2508585290,0,243455389,residential,False,,False,50.35823044818553,,,,,,,
2508585203,2508584857,0,243455389,residential,False,,True,55.82357416818955,,,,,,,
2508585241,2508585203,0,243455173,residential,False,,False,118.21671579933637,Thanon Taksinmuangtong 2,,,,,,
2508585241,796747657,0,970029499,primary,True,,False,39.43695459005101,ถนนกาญจนวณิชย์,3,,,,,
2508585253,856214466,0,243079803,primary,True,,False,322.078315611751,ถนนกาญจนวณิชย์,3,,,,,
2508585290,2508585328,0,243455304,residential,False,,False,88.81494331209193,,,,,,,
2508585290,2508585345,0,243455389,residential,False,,False,23.515747408069444,,,,,,,
2508585290,2508585203,0,243455389,residential,False,,True,50.35823044818553,,,,,,,
2508585328,2508585290,0,243455304,residential,False,,True,88.81494331209193,,,,,,,
2508585328,796747657,0,243455408,residential,False,,False,36.78705954199574,Thanon Taksinmuangtong 3,,,,,,
2508585328,2508585345,0,243455408,residential,False,,True,89.0852082528687,Thanon Taksinmuangtong 3,,,,,,
2508585345,2508585515,0,243455389,residential,False,,False,48.2836414123345,,,,,,,
2508585345,2508585290,0,243455389,residential,False,,True,23.515747408069444,,,,,,,
2508585345,2508585328,0,243455408,residential,False,,False,89.0852082528687,Thanon Taksinmuangtong 3,,,,,,
2508585470,2508585515,0,243455371,residential,False,,False,124.83372810918004,Thanon Taksinmuangtong 5,,,,,,
2508585470,2508585581,0,970029499,primary,True,,False,49.42111189363693,ถนนกาญจนวณิชย์,3,,,,,
2508585476,2508585506,0,243454837,residential,False,,True,28.55227257994374,,,,,,,
2508585476,2508585253,0,243079803,primary,True,,False,88.6830854180397,ถนนกาญจนวณิชย์,3,,,,,
2508585506,2508585476,0,243454837,residential,False,,False,28.55227257994374,,,,,,,
2508585506,8634800051,0,931346453,residential,False,,False,158.2452372440684,,,,,,,
2508585515,2508585470,0,243455371,residential,False,,True,124.83372810918004,Thanon Taksinmuangtong 5,,,,,,
2508585515,2508585608,0,243455389,residential,False,,False,51.44481783311719,,,,,,,
2508585515,2508585345,0,243455389,residential,False,,True,48.2836414123345,,,,,,,
2508585581,2508585608,0,243455350,residential,False,,False,126.73913841281271,Thanon Taksinmuangtong 6,,,,,,
2508585581,796747561,0,970029499,primary,True,,False,51.99386750496133,ถนนกาญจนวณิชย์,3,,,,,
2508585608,2508585581,0,243455350,residential,False,,True,126.73913841281271,Thanon Taksinmuangtong 6,,,,,,
2508585608,2508585515,0,243455389,residential,False,,True,51.44481783311719,,,,,,,
2508585630,2508585710,0,243454726,residential,False,,False,36.47898914953872,,,,,,,
2508585630,2508585687,0,243455096,residential,False,,True,57.311325729801865,,,,,,,
2508585687,2508585630,0,243455096,residential,False,,False,57.311325729801865,,,,,,,
2508585710,2508585744,0,243454726,residential,False,,False,69.74088519774565,,,,,,,
2508585710,2508585630,0,243454726,residential,False,,True,36.47898914953872,,,,,,,
2508585733,2508585476,0,243079803,primary,True,,False,160.62867520999797,ถนนกาญจนวณิชย์,3,,,,,
2508585733,8634800051,0,243454072,residential,False,,True,17.26962184954917,,,,,,,
2508585744,8634800051,0,243454072,residential,False,,False,138.3615367176146,,,,,,,
2508585744,2508585710,0,243454726,residential,False,,True,69.74088519774565,,,,,,,
2508585744,2508585787,0,931330705,residential,False,,False,99.91012203398192,,,,,,,
2508585745,796747625,0,970029499,primary,True,,False,37.43883397819267,ถนนกาญจนวณิชย์,3,,,,,
2508585765,796747625,0,243453824,residential,False,,True,142.7675042573936,Soi Central Park,,,,,,
2508585765,13393605891,0,1460328710,residential,False,,True,87.38129707584143,,,,,,,
2508585787,8634694714,0,931330705,residential,False,,False,34.75557636895789,,,,,,,
2508585787,2508585744,0,931330705,residential,False,,True,99.91012203398192,,,,,,,
2508585807,8634694424,0,931330705,residential,False,,False,33.97708808216789,,,,,,,
2508585807,8634694714,0,931330705,residential,False,,True,23.64670219108264,,,,,,,
2508585814,796747549,0,243454500,residential,False,,False,140.2673226065333,,,,,,,
2508585824,8634694424,0,700892601,unclassified,False,,False,114.6694698825527,,,,,,,
2508585858,2508585864,0,243454380,residential,False,,True,185.43777359548162,Soi Siriphan,,,,,,
2508585858,796747680,0,970029499,primary,True,,False,55.66051440956761,ถนนกาญจนวณิชย์,3,,,,,
2508585864,2508585858,0,243454380,residential,False,,False,185.43777359548162,Soi Siriphan,,,,,,
2508585868,1430652323,0,243079803,primary,True,,False,231.71829917811584,ถนนกาญจนวณิชย์,3,,,,,
2508585868,13384466075,0,243455117,unclassified,False,,True,197.53565566577154,,,,,,,
2508585875,796747680,0,243454287,residential,False,,False,188.29176191898608,,,,,,,
2508585930,2508586030,0,243454564,residential,False,,False,67.09781176120816,,,,,,,
2508586030,2508586092,0,243453843,unclassified,False,,True,41.34493845730818,Thanon Karnjanavit Soi 3,,,,,,
2508586030,2508585930,0,243454564,residential,False,,True,67.09781176120816,,,,,,,
2508586092,2508586030,0,243453843,unclassified,False,,False,41.34493845730818,Thanon Karnjanavit Soi 3,,,,,,
2508586092,2508586105,0,243453843,unclassified,False,,True,135.9894821555721,Thanon Karnjanavit Soi 3,,,,,,
2508586092,2508586195,0,243454472,residential,False,,True,80.61810421979526,,,,,,,
2508586105,2508586092,0,243453843,unclassified,False,,False,135.9894821555721,Thanon Karnjanavit Soi 3,,,,,,
2508586105,8642083806,0,970029499,primary,True,,False,67.50164031427205,ถนนกาญจนวณิชย์,3,,,,,
2508586195,2508586092,0,243454472,residential,False,,False,80.61810421979526,,,,,,,
2508586221,4903690229,0,1469352190,unclassified,True,,False,24.286004492340773,,,,,,,
2508586221,1430652314,0,499047178,unclassified,True,,False,34.895197978286454,,,,,,,
2508586290,2508586292,0,243454335,residential,False,,False,107.95815774738864,,,,,,,
2508586292,2508586311,0,970029499,primary,True,,False,39.18695975169895,ถนนกาญจนวณิชย์,3,,,,,
2508586292,2508586290,0,243454335,residential,False,,True,107.95815774738864,,,,,,,
2508586311,2508586347,0,970029499,primary,True,,False,58.45865405967363,ถนนกาญจนวณิชย์,3,,,,,
2508586347,8642083788,0,970029499,primary,True,,False,108.45415518628641,ถนนกาญจนวณิชย์,3,,,,,
2508586347,2508586359,0,243454862,residential,False,,True,121.67817927906214,,,,,,,
2508586359,2508586347,0,243454862,residential,False,,False,121.67817927906214,,,,,,,
2508586837,2508586910,0,243453882,residential,False,,False,129.87279515079007,,,,,,,
2508586910,2508587005,0,970029499,primary,True,,False,61.18389444629357,ถนนกาญจนวณิชย์,3,,,,,
2508586910,2508586837,0,243453882,residential,False,,True,129.87279515079004,,,,,,,
2508587005,8642083782,0,243453998,residential,False,,True,124.02539606893934,,,,,,,
2935421242,2507400851,0,243188765,unclassified,False,,True,29.134730141003523,Thanon Samchai,,,,,,
2935421242,1110416501,0,290007153,residential,False,,False,109.31797112520448,,,,,,,
2935421242,2506091313,0,290007154,tertiary,False,,False,48.86761638619403,ถนนสามชัย,,,,,,
3125684629,3125684630,0,307427662,residential,True,,False,76.25966780768601,ตรอกจิระพัทธ์,,,,,,
3125684629,1174378892,0,1315837498,tertiary,True,,False,61.866410864923196,ถนนนิพัทธ์อุทิศ 1,3,,,,,
3125684630,617234535,0,40264696,tertiary,True,,False,40.838928301007726,ถนนนิพัทธ์อุทิศ 2,3,,,,,
3307259470,3307259471,0,155690397,residential,False,,False,6.99317317648232,,,,,,,
3307259470,1421020868,0,155690397,residential,False,,True,50.07604571086583,,,,,,,
3307259470,13347091083,0,155690779,residential,False,,False,92.4588587662796,,,,,,,
3307259471,3307259470,0,155690397,residential,False,,True,6.99317317648232,,,,,,,
3307259471,3307262847,0,323958660,secondary,True,,False,335.91944813390825,ถนนศรีภูวนารถ,,,,,,
3307262847,985092779,0,1315837498,tertiary,True,,False,7.153610637117069,ถนนนิพัทธ์อุทิศ 1,3,,,,,
3307262847,3307271116,0,1173586179,secondary,True,,False,108.2917936729164,ถนนศรีภูวนารถ,,,,,,
3307271116,1108909723,0,40264696,tertiary,True,,False,195.08496411808645,ถนนนิพัทธ์อุทิศ 2,3,,,,,
3307271116,3307271117,0,1173586182,secondary,True,,False,66.21144543251691,ถนนศรีภูวนารถ,,,,,,
3307271117,3307271142,0,"[323959572, 323959583]",secondary,True,,False,250.88879908428262,ถนนศรีภูวนารถ,,,,,,
3307271117,1196924393,0,1173586181,tertiary,True,,False,7.995416512995117,ถนนนิพัทธ์อุทิศ 3,3,,,,,
3307271142,947896982,0,81350004,residential,False,,False,110.51562269564603,ถนนตันรัตนากร,,,,,,
3307271142,947896976,0,81350004,residential,False,,True,6.53215720577384,ถนนตันรัตนากร,,,,,,
3307271142,3307277899,0,323964249,secondary,True,,False,113.23177954068677,ถนนศรีภูวนารถ,,,,,,
3307277899,1107773197,0,95532108,residential,True,,False,117.55017154292044,ถนนศรีผดุงวิถี,,,,,,
3307277899,1107773199,0,"[1173627706, 1223390438]",secondary,True,,False,111.35418576692788,ถนนศรีภูวนารถ,,,,,,
3307305334,3307277899,0,323964656,secondary_link,True,,False,7.020296794418186,,,,,,,
3307305334,5474395591,0,323960908,secondary,True,,False,50.4239350157366,ถนนศรีภูวนารถ,,,,,,
3309949761,8523343958,0,324267161,tertiary,False,,False,109.03925655624163,Thanon Prathanuthit,,,,,,
3309949761,4900465715,0,498671527,tertiary,False,,False,49.79911592279418,,,,,,,
3309949761,8349020071,0,952598318,tertiary,False,,False,40.91827293885772,ถนนรัถการ,2,,,,,
3309949761,4900465092,0,952598318,tertiary,False,,True,44.11467643333054,ถนนรัถการ,2,,,,,
3309949961,2506090118,0,324267126,tertiary,False,,False,38.36784148124497,ถนนจุติอนุสรณ์,,,,,,
3309949961,916327888,0,970311985,secondary,True,,False,43.840443385705775,ถนนเพชรเกษม,,,,,,
3327878852,3327879409,0,102026849,secondary,True,,False,13.1970971418175,ถนนเพชรเกษม,,,,,,
3327879287,3327878852,0,102026849,secondary,True,,False,17.205825776322285,ถนนเพชรเกษม,,,,,,
3327879287,3327879291,0,326171567,secondary_link,True,,False,25.990069721306824,,,,,,,
3327879291,1680666399,0,326171465,secondary,True,,False,87.5127086374064,ถนนเพชรเกษม,,,,,,
3327879409,1680666175,0,102026849,secondary,True,,False,33.601611103454104,ถนนเพชรเกษม,,,,,,
3376084911,3376091818,0,330615837,unclassified,False,,True,18.088704684925933,,,,,,,
3376084911,1123399489,0,"[684741338, 684740716]",unclassified,False,,True,17.123597333958813,,,,,,,
3376091818,3376091819,0,330615834,unclassified,False,,False,16.41459190276006,,,,,,,
3376091818,3376084911,0,330615837,unclassified,False,,False,18.088704684925933,,,,,,,
3376091818,2506088009,0,"[330615844, 330615829]",tertiary,False,,True,16.272344591482415,ถนนศุภสารรังสรรค์ ซอย 3,,,yes,,,
3376091819,3376091818,0,330615834,unclassified,False,,True,16.41459190276006,,,,,,,
3376091819,3376084911,0,1257722736,unclassified,True,,False,22.404851887653162,,,,,,,
3614995932,916327945,0,96713523,tertiary,False,,True,16.825276488263274,Niphat Songkaew 5,,,,,,
3614995932,2507401011,0,65080343,secondary,True,,False,117.95224944930834,ถนนเพชรเกษม,,,,,,
3614995932,4900465371,0,96713523,tertiary,False,,False,233.10670931321204,Niphat Songkaew 5,,,,,,
4085816302,856214578,0,84842974,tertiary,True,,False,56.74547179979764,ถนนนิพัทธ์อุทิศ 3,3,,,,,
4085816302,2506086181,0,706104219,tertiary,False,,True,124.53149675609458,ถนนศุภสารรังสรรค์,2,,,,,
4464855848,8934759688,0,155690915,residential,False,,True,64.45642689150176,,,,,,,
4464855848,1558343344,0,142398172,unclassified,False,,False,254.14338144142897,,,,,,,
4464855848,1559029749,0,142398172,unclassified,False,,True,51.908427099335654,,,,,,,
4465620007,4465620017,0,449616412,residential,False,,False,71.62822297012329,,,,,,,
4465620015,1558343340,0,142398162,unclassified,False,,False,48.514929079298554,,,,,,,
4465620015,1558343342,0,142398162,unclassified,False,,True,67.27296237575389,,,,,,,
4465620015,4890612266,0,900370295,residential,False,,True,176.71299466572867,,,,,,,
4465620015,8634875767,0,497502754,residential,False,,True,181.97608589119648,,,,,,,
4465620017,4465620007,0,449616412,residential,False,,True,71.62822297012329,,,,,,,
4465620017,5460390601,0,900370295,residential,False,,False,48.81492062068252,,,,,,,
4488358856,1123399535,0,452037066,residential,False,,True,78.45931394884454,Thanon Supasarnrangsan Soi 6,2,,,,,
4488358856,4488368090,0,452036923,residential,False,,False,52.20239219321553,Soi 5 Suphasarnrangsan Road,,,,,,
4488358856,4488358858,0,452036923,residential,False,,True,56.69734524579623,Soi 5 Suphasarnrangsan Road,,,,,,
4488358857,4488358858,0,452037067,residential,False,,False,97.90443416686826,Thanon Supasarnrangsan Soi 8,2,,,,,
4488358857,4488358858,1,452036923,residential,False,,False,141.14799670725446,Soi 5 Suphasarnrangsan Road,,,,,,
4488358857,1123399535,0,452036923,residential,False,,True,55.68695210885196,Soi 5 Suphasarnrangsan Road,,,,,,
4488358858,4488358857,0,452037067,residential,False,,True,97.90443416686826,Thanon Supasarnrangsan Soi 8,2,,,,,
4488358858,4488358857,1,452036923,residential,False,,True,141.14799670725446,Soi 5 Suphasarnrangsan Road,,,,,,
4488358858,4488358856,0,452036923,residential,False,,False,56.697345245796235,Soi 5 Suphasarnrangsan Road,,,,,,
4488366488,1123399683,0,243188225,residential,False,,True,99.39358008983967,Soi 5 Suphasarnrangsan Road,,,,,,
4488366488,1123399561,0,452036923,residential,False,,False,56.82410471477036,Soi 5 Suphasarnrangsan Road,,,,,,
4488366488,5149825984,0,452036923,residential,False,,True,35.68350999489017,Soi 5 Suphasarnrangsan Road,,,,,,
4488368090,1123399561,0,452036922,residential,False,,True,71.11042850136174,Thanon Supasarnrangsan Soi 6,2,,,,,
4488368090,1123399683,0,452036923,residential,False,,False,53.124455592304614,Soi 5 Suphasarnrangsan Road,,,,,,
4488368090,4488358856,0,452036923,residential,False,,True,52.20239219321553,Soi 5 Suphasarnrangsan Road,,,,,,
4501548849,1680668037,0,453417669,residential,False,,False,35.791683036045114,Soi 4 Nhasathanee,,,,,,
4501548849,4900466244,0,155690978,residential,False,,False,165.81023893605857,,,,,,,
4501548849,2506085694,0,155690978,residential,False,,True,101.42442312379035,,,,,,,
4865273253,13379171064,0,494778183,unclassified,True,,False,38.477557181589,,,,,,,
4865273253,2508586376,0,700892602,unclassified,True,,False,204.8599225584884,,,,,,,
4888861604,4888861612,0,497290266,residential,True,,False,16.02266410331305,,,,,,,
4888861604,2506090575,0,497290270,residential,False,,False,64.93233659339475,,,,,,,
4888861605,4888862222,0,497290260,residential,True,,False,14.757799365737856,,,,,,,
4888861605,2506089600,0,497290263,residential,False,,False,73.84638637927222,Thanon Jirnakorn,,,,,,
4888861608,2506089779,0,497290262,unclassified,True,,False,13.833686898602597,,,,,,,
4888861608,1115585857,0,497290261,residential,True,,False,7.842232747161564,,,,,roundabout,,
4888861612,4888861620,0,497290261,residential,True,,False,11.090894252627312,,,,,roundabout,,
4888861618,4888861604,0,497290265,residential,True,,False,14.381363132346978,,,,,,,
4888861618,4888861612,0,497290261,residential,True,,False,7.793130693780947,,,,,roundabout,,
4888861620,4888861605,0,497290264,residential,True,,False,17.40607861995925,,,,,,,
4888861620,4888862222,0,497290261,residential,True,,False,5.459991942818924,,,,,roundabout,,
4888862222,4888861608,0,497290261,residential,True,,False,10.677202457847603,,,,,roundabout,,
4890611656,4890612661,0,155690571,residential,False,,True,86.3467567429252,Thanon Phetkasem Soi 32,,,,,,
4890611656,1680666351,0,155691184,residential,False,,True,15.463267509316761,Thanon Wathatyainai,,,,,,
4890611656,4890612660,0,155691184,residential,False,,False,147.55539671167358,Thanon Wathatyainai,,,,,,
4890611668,8634887548,0,142398162,unclassified,False,,False,17.91689012325155,,,,,,,
4890611668,8364230681,0,142398162,unclassified,False,,True,13.874036448547749,,,,,,,
4890611668,4890612757,0,497502922,residential,False,,False,95.56418084130173,,,,,,,
4890611669,4890612755,0,497502827,residential,False,,True,33.72343796825701,,,,,,,
4890611669,4890612757,0,497502922,residential,False,,True,62.312376036754635,,,,,,,
4890611688,4890612290,0,243188687,residential,False,,False,47.36941355763952,Thanon Rajuthit Soi  34,,,,,,
4890611688,2506098193,0,243188687,residential,False,,True,121.61759202706115,Thanon Rajuthit Soi  34,,,,,,
4890611688,4890612870,0,497502854,residential,False,,False,101.86375569521412,,,,,,,
4890611692,4890613387,0,497502730,residential,False,,False,116.96015509576007,,,,,,,
4890611692,1680664120,0,699744520,residential,False,,False,64.7134890342242,,,,,,,
4890611692,1680664046,0,699744520,residential,False,,True,14.082920270585443,,,,,,,
4890611694,4890613387,0,497502730,residential,False,,True,85.62381878880514,,,,,,,
4890611714,4890612804,0,1468639123,unclassified,False,,False,27.020907700326454,,,,,,,
4890611714,8363233378,0,1468639123,unclassified,False,,True,5.243778980985989,,,,,,,
4890611714,4890612796,0,497502936,residential,False,,False,70.930501195104,,,,,,,
4890611715,1680666209,0,155690266,residential,False,,False,21.035195902030203,,,,,,,
4890611715,1680666077,0,155690266,residential,False,,True,44.42253926158841,,,,,,,
4890611715,4890612622,0,"[497502934, 497502935]",residential,False,,True,128.79086796769323,,,,,,,
4890611718,4890612848,0,243188784,tertiary,True,,False,45.46076722451594,ถนนราษฏร์อุทิศ,,,,,,
4890611718,4890612843,0,497502814,residential,False,,True,189.64849699073676,Thanon Suthi Patchara,,,,,,
4890612238,8634848260,0,497502958,residential,False,,False,21.15481718412054,,,,,,,
4890612239,2504518235,0,243012499,tertiary,True,,False,47.65639920907534,,,,,,,
4890612239,5460390610,0,497502958,residential,False,,True,145.91931357155514,,,,,,,
4890612249,1680666050,0,332224443,tertiary,False,,False,62.11411729965795,ถนนเพชรเกษม ซอย 27,,,,,,
4890612249,1680665753,0,332224443,tertiary,False,,True,56.46789558887474,ถนนเพชรเกษม ซอย 27,,,,,,
4890612249,4890612795,0,497502868,residential,False,,False,60.44238573049405,,,,,,,
4890612254,4890612815,0,497502870,residential,False,,True,41.10004841407181,Soi 13 Suttihansa Road,,,,,,
4890612258,4890612829,0,567178126,residential,False,,False,126.89116456377366,,,,,,,
4890612258,6636975120,0,706341245,tertiary,False,,False,77.77945157123969,ถนนสาครมงคล,,,,,,
4890612258,1108909554,0,706341245,tertiary,False,,True,475.517624674268,ถนนสาครมงคล,,,,,,
4890612259,4890612260,0,497502943,residential,False,,False,105.18870255668895,,,,,,,
4890612259,4890612828,0,497502943,residential,False,,True,79.27315763603397,,,,,,,
4890612259,4890612486,0,"[497502786, 497502787]",residential,False,,False,106.70048965878333,,,,,,,
4890612260,4890612261,0,497502943,residential,False,,False,57.34438762649146,,,,,,,
4890612260,4890612259,0,497502943,residential,False,,True,105.18870255668895,,,,,,,
4890612260,5474394777,0,"[497502940, 497502941]",residential,False,,"[False, True]",90.23659091450641,,,,,,,
4890612261,4890612260,0,497502943,residential,False,,True,57.34438762649146,,,,,,,
4890612266,4465620015,0,900370295,residential,False,,False,176.71299466572867,,,,,,,
4890612266,5460390601,0,900370295,residential,False,,True,17.643672369945563,,,,,,,
4890612266,4890612268,0,497502877,residential,False,,False,110.033222544158,,,,,,,
4890612268,8364234956,0,155690832,residential,False,,False,88.9856359531423,,,,,,,
4890612268,8364234953,0,155690832,residential,False,,True,41.007237568672984,,,,,,,
4890612268,4890612266,0,497502877,residential,False,,True,110.033222544158,,,,,,,
4890612290,4890611688,0,243188687,residential,False,,True,47.36941355763952,Thanon Rajuthit Soi  34,,,,,,
4890612290,4890612291,0,497502880,residential,False,,False,87.83313252623392,,,,,,,
4890612290,2506098044,0,243188687,residential,False,,False,220.46210997107676,Thanon Rajuthit Soi  34,,,,,,
4890612290,13417405317,0,1462750860,residential,False,,False,29.910412488721587,,,,,,,
4890612291,4890612290,0,497502880,residential,False,,True,87.83313252623392,,,,,,,
4890612319,1680665799,0,142456563,residential,False,,False,33.1887717635006,ถนนเทศาพัฒนา,,,,,,
4890612319,1559029772,0,142456563,residential,False,,True,11.044106280129995,ถนนเทศาพัฒนา,,,,,,
4890612319,4890613796,0,497502821,residential,False,,True,64.13623393846656,,,,,,,
4890612424,8642505216,0,497502920,residential,False,,False,65.37809228485132,,,,,,,
4890612454,1680664191,0,142398162,unclassified,False,,False,39.64507813424271,,,,,,,
4890612454,1680664308,0,142398162,unclassified,False,,True,10.592242911079524,,,,,,,
4890612454,4890613803,0,497502824,residential,False,,False,91.64040065443147,,,,,,,
4890612469,2506087963,0,"[497502946, 497502788]",residential,False,,False,152.6472442337377,,,,,,,
4890612470,1680664800,0,142456561,residential,False,,True,31.95606114044019,,,,,,,
4890612470,4890612471,0,497502891,residential,False,,False,69.93697528335697,,,,,,,
4890612471,4890612470,0,497502891,residential,False,,True,69.93697528335697,,,,,,,
4890612482,4890611718,0,243188784,tertiary,True,,False,41.148848377190944,ถนนราษฏร์อุทิศ,,,,,,
4890612482,5460392224,0,497502812,residential,False,,False,200.38762445339552,,,,,,,
4890612483,1680664308,0,142398162,unclassified,False,,False,17.21200357286579,,,,,,,
4890612483,1558343337,0,142398162,unclassified,False,,True,23.037450032824385,,,,,,,
4890612483,4890612777,0,497502823,residential,False,,True,86.72372807036521,,,,,,,
4890612484,4890612485,0,497502894,residential,False,,False,92.7892023523632,,,,,,,
4890612485,1680666780,0,155691184,residential,False,,False,33.09729531745103,Thanon Wathatyainai,,,,,,
4890612485,4890612660,0,155691184,residential,False,,True,43.03513608552002,Thanon Wathatyainai,,,,,,
4890612485,4890612484,0,497502894,residential,False,,True,92.7892023523632,,,,,,,
4890612486,4890612259,0,"[497502786, 497502787]",residential,False,,True,106.70048965878333,,,,,,,
4890612487,2506097885,0,243188709,residential,False,,False,47.33834393579263,,,,,,,
4890612487,4890612871,0,497502949,residential,False,,False,43.68087879226372,,,,,,,
4890612487,2506098579,0,243188709,residential,False,,True,47.192680805402446,,,,,,,
4890612497,4890612848,0,497502947,residential,False,,True,208.7126279526378,Thanon Rajuthit Soi 23,,,,,,
4890612499,4890612699,0,48598023,tertiary,True,,False,42.84902755997335,ถนนราษฏร์อุทิศ,,,,,,
4890612499,2506088001,0,497502897,residential,False,,False,217.58559313948183,Soi Plubuthit,,,,,,
4890612503,4890613733,0,497502809,residential,False,,True,67.26504766585973,Soi Pratatoonpornutit,,,,,,
4890612503,13327840483,0,706341245,tertiary,False,,False,26.24255527098906,ถนนสาครมงคล,,,,,,
4890612503,2506090791,0,706341245,tertiary,False,,True,29.576665023130985,ถนนสาครมงคล,,,,,,
4890612509,1680664795,0,155691106,residential,False,,True,134.62542751504665,ซอยสุมาลี,,,,,,
4890612509,4890613387,0,497502921,residential,False,,False,31.640879495511776,,,,,,,
4890612509,1680664166,0,1205106847,residential,False,,False,66.41217067702146,,,,,,,
4890612519,4890613578,0,497502791,residential,False,,True,66.82380252231913,,,,,,,
4890612622,1680666527,0,155690867,residential,False,,False,103.42933611848203,,,,,,,
4890612622,1680666335,0,155690867,residential,False,,True,49.4949027096249,,,,,,,
4890612622,4890611715,0,"[497502934, 497502935]",residential,False,,False,128.79086796769326,,,,,,,
4890612632,8634028449,0,48598023,tertiary,True,,False,46.3418745403194,ถนนราษฏร์อุทิศ,,,,,,
4890612632,2506088160,0,"[243188008, 497502948]",residential,False,,"[False, True]",251.7753561750131,Thanon Chokesaman 5 Soi 7,,,,,,
4890612636,5460392236,0,243188645,residential,False,,False,29.399135180697527,,,,,,,
4890612636,2506089434,0,243188645,residential,False,,True,84.52399151209102,,,,,,,
4890612636,4890613738,0,497502811,residential,False,,True,80.22012283188144,,,,,,,
4890612652,1559029771,0,142456563,residential,False,,False,53.28077207039969,ถนนเทศาพัฒนา,,,,,,
4890612652,4890612653,0,497502907,residential,False,,False,71.4816010469846,,,,,,,
4890612652,1558729915,0,142456563,residential,False,,True,321.3852192650011,ถนนเทศาพัฒนา,,,,,,
4890612653,1559029768,0,142456557,residential,False,,False,49.405229215489506,,,,,,,
4890612653,4890612652,0,497502907,residential,False,,True,71.4816010469846,,,,,,,
4890612653,1559029758,0,142456557,residential,False,,True,333.040599060394,,,,,,,
4890612655,4890612864,0,497502908,residential,False,,False,92.84231416648625,,,,,,,
4890612655,8634635616,0,706341245,tertiary,False,,False,6.54319623809469,ถนนสาครมงคล,,,,,,
4890612655,2506095129,0,706341245,tertiary,False,,True,23.64733842127436,ถนนสาครมงคล,,,,,,
4890612656,4890612861,0,497502909,residential,False,,False,82.97762929090689,,,,,,,
4890612656,13301238883,0,706341245,tertiary,False,,False,12.130891629638691,ถนนสาครมงคล,,,,,,
4890612656,4890613578,0,706341245,tertiary,False,,True,23.31908566152077,ถนนสาครมงคล,,,,,,
4890612660,4890612485,0,155691184,residential,False,,False,43.03513608552002,Thanon Wathatyainai,,,,,,
4890612660,8635019312,0,497502759,residential,False,,False,104.17837045469952,Thanon Wathatyainai Soi 3,,,,,,
4890612660,4890611656,0,155691184,residential,False,,True,147.55539671167355,Thanon Wathatyainai,,,,,,
4890612660,8635021108,0,931376481,residential,False,,True,107.65309135361176,,,,,,,
4890612661,4890611656,0,155690571,residential,False,,False,86.3467567429252,Thanon Phetkasem Soi 32,,,,,,
4890612661,1680666068,0,155690571,residential,False,,True,57.440345212406555,Thanon Phetkasem Soi 32,,,,,,
4890612661,8635019312,0,"[497502762, 497502759]",residential,False,,True,115.51892112604602,Thanon Wathatyainai Soi 3,,,,,,
4890612678,1680667364,0,"[155691089, 1447304004]",residential,False,,False,86.20423289886935,เพชรเกษม ซอย 20,,,,,,
4890612678,8634015010,0,155691089,residential,False,,True,351.85566877491885,,,,,,,
4890612678,8635033142,0,931372205,residential,False,,False,61.214549559334856,,,,,,,
4890612699,4900466012,0,48598023,tertiary,True,,False,70.9400580208343,ถนนราษฏร์อุทิศ,,,,,,
4890612699,8348444496,0,898362721,residential,False,,False,145.4720916858564,,,,,,,
4890612753,4890613387,0,497502921,residential,False,,True,57.566201196413,,,,,,,
4890612755,4890611669,0,497502827,residential,False,,False,33.72343796825701,,,,,,,
4890612755,8364262884,0,567178119,residential,False,,True,26.20639325122282,,,,,,,
4890612755,5460390606,0,567178120,residential,False,,False,97.85854316693582,,,,,,,
4890612757,4890611669,0,497502922,residential,False,,False,62.312376036754635,,,,,,,
4890612757,4890611668,0,497502922,residential,False,,True,95.56418084130173,,,,,,,
4890612757,4890612760,0,497502923,residential,False,,False,24.285413238693305,,,,,,,
4890612760,4890612757,0,497502923,residential,False,,True,24.285413238693305,,,,,,,
4890612760,8634887548,0,931354562,residential,False,,False,99.81569444852263,,,,,,,
4890612777,4890612483,0,497502823,residential,False,,False,86.72372807036521,,,,,,,
4890612779,1558343340,0,497502757,residential,False,,True,113.52724002798179,,,,,,,
4890612795,4890612249,0,497502868,residential,False,,True,60.44238573049406,,,,,,,
4890612796,4890611714,0,497502936,residential,False,,True,70.930501195104,,,,,,,
4890612797,1680665991,0,"[155691016, 497502933]",residential,False,,False,72.73870930589918,,,,,,,
4890612804,1559029777,0,1468639123,unclassified,False,,False,49.075792805540935,,,,,,,
4890612804,4890611714,0,1468639123,unclassified,False,,True,27.020907700326454,,,,,,,
4890612804,1680666287,0,497502910,residential,False,,True,87.88724840445335,,,,,,,
4890612808,1680665894,0,497502937,residential,False,,True,93.18810329644948,,,,,,,
4890612815,2506086038,0,243188025,residential,False,,True,26.561091556092528,Thanon Suttihansa,,,,,,
4890612815,4890612254,0,497502870,residential,False,,False,41.10004841407181,Soi 13 Suttihansa Road,,,,,,
4890612815,2506086294,0,"[243188025, 706335013]",residential,False,,False,72.31497597224129,Thanon Suttihansa,,,,,,
4890612823,4890612828,0,"[569148477, 497502942]",residential,False,,True,184.16338905682645,,,,,,,
4890612828,4890612259,0,497502943,residential,False,,False,79.27315763603397,,,,,,,
4890612828,4890612829,0,497502943,residential,False,,True,7.6285450002092565,,,,,,,
4890612828,4890612823,0,"[569148477, 497502942]",residential,False,,False,184.16338905682647,,,,,,,
4890612829,4890612828,0,497502943,residential,False,,False,7.6285450002092565,,,,,,,
4890612829,4890612258,0,567178126,residential,False,,True,126.89116456377366,,,,,,,
4890612829,4890612839,0,497502945,residential,False,,True,66.52892928661369,ถนนสาครมงคล ซอย 3,,,,,,
4890612835,4890612839,0,497502944,residential,False,,False,56.85416738433547,,,,,,,
4890612839,4890612835,0,497502944,residential,False,,True,56.85416738433547,,,,,,,
4890612839,4890612829,0,497502945,residential,False,,False,66.52892928661369,ถนนสาครมงคล ซอย 3,,,,,,
4890612839,2506087963,0,"[497502945, 95637138]",residential,False,,"[False, True]",214.40925318509107,ถนนสาครมงคล ซอย 3,,,,,,
4890612843,4890611718,0,497502814,residential,False,,False,189.64849699073676,Thanon Suthi Patchara,,,,,,
4890612848,2506088527,0,243188784,tertiary,True,,False,54.28962051120897,ถนนราษฏร์อุทิศ,,,,,,
4890612848,4890612497,0,497502947,residential,False,,False,208.71262795263777,Thanon Rajuthit Soi 23,,,,,,
4890612857,2506088278,0,243188685,residential,False,,False,54.37453940183822,Soi 3/4 Sakormmongkol 2,,,,,,
4890612857,4890612858,0,497502865,residential,False,,False,46.27882902520172,,,,,,,
4890612857,2506088533,0,243188685,residential,False,,True,141.57135429075717,Soi 3/4 Sakormmongkol 2,,,,,,
4890612858,4890612857,0,497502865,residential,False,,True,46.27882902520172,,,,,,,
4890612861,4890612656,0,497502909,residential,False,,True,82.97762929090689,,,,,,,
4890612863,2506091259,0,243188784,tertiary,True,,False,64.89215372175323,ถนนราษฏร์อุทิศ,,,,,,
4890612863,2506091066,0,"[243188568, 497502795]",residential,False,,False,196.47489245874357,Soi 4 Sakornmongkol,,,,,,
4890612864,4890612655,0,497502908,residential,False,,True,92.84231416648625,,,,,,,
4890612867,13420385893,0,243188784,tertiary,True,,False,204.36079276176113,ถนนราษฏร์อุทิศ,,,,,,
4890612867,4890613588,0,497502796,residential,False,,True,174.56601337688647,,,,,,,
4890612869,4890613589,0,497502797,residential,False,,False,73.00368088175601,,,,,,,
4890612869,2506097914,0,243188772,tertiary,False,,False,125.76198689455734,Thanon Rajuthit Soi 33,,,,,,
4890612869,2506096670,0,243188772,tertiary,False,,True,83.62255701728995,Thanon Rajuthit Soi 33,,,,,,
4890612870,4890611688,0,497502854,residential,False,,True,101.86375569521412,,,,,,,
4890612871,4890612487,0,497502949,residential,False,,True,43.68087879226372,,,,,,,
4890612871,2506098523,0,"[243188548, 497502807]",residential,False,,"[False, True]",222.11275886084343,Thanon Sakornmongkol 2 Soi 21,,,,,,
4890612871,2506098205,0,"[243188657, 497502949]",residential,False,,False,231.27986789675958,Thanon Sakornmongkol 2 Soi 19,,,,,,
4890612874,2506097286,0,"[497502912, 243188107]",residential,False,,"[False, True]",317.1374440837198,,,,,,,
4890612966,1680666351,0,497502766,residential,False,,True,91.09852660650058,,,,,,,
4890612971,1680665859,0,102026867,secondary,True,,False,325.0266470536425,ถนนเพชรเกษม,,,,,,
4890613037,4890612632,0,48598023,tertiary,True,,False,90.59451029745345,ถนนราษฏร์อุทิศ,,,,,,
4890613037,8643108429,0,497502602,residential,False,,True,76.14786159296077,,,,,,,
4890613040,8634671109,0,243188784,tertiary,True,,False,32.44823121846411,ถนนราษฏร์อุทิศ,,,,,,
4890613040,2506087039,0,497502603,residential,False,,True,222.57013169704797,,,,,,,
4890613387,4890611692,0,497502730,residential,False,,True,116.96015509576007,,,,,,,
4890613387,4890612509,0,497502921,residential,False,,True,31.640879495511776,,,,,,,
4890613387,4890611694,0,497502730,residential,False,,False,85.62381878880515,,,,,,,
4890613387,4890612753,0,497502921,residential,False,,False,57.566201196413004,,,,,,,
4890613570,1680667329,0,706341245,tertiary,False,,False,106.77125524492158,ถนนสาครมงคล,,,,,,
4890613570,8635042221,0,706341245,tertiary,False,,True,38.5483041162276,ถนนสาครมงคล,,,,,,
4890613570,12925078718,0,1396486866,residential,False,,True,75.16263069535246,,,,,,,
4890613578,4890612519,0,497502791,residential,False,,False,66.82380252231913,,,,,,,
4890613578,4890612656,0,706341245,tertiary,False,,False,23.31908566152077,ถนนสาครมงคล,,,,,,
4890613578,4890613581,0,706341245,tertiary,False,,True,35.35168767864051,ถนนสาครมงคล,,,,,,
4890613581,4890613582,0,497502810,residential,False,,False,68.6176092420451,Soi 3/5 Sakormmongkol 2,,,,,,
4890613581,4890613578,0,706341245,tertiary,False,,False,35.35168767864051,ถนนสาครมงคล,,,,,,
4890613581,8634798737,0,706341245,tertiary,False,,True,34.269846207638984,ถนนสาครมงคล,,,,,,
4890613581,13327840488,0,567178128,residential,False,,True,125.439769822826,Soi Gaewjaiutit,,,,,,
4890613582,4890613583,0,497502792,residential,False,,False,35.915832051976444,,,,,,,
4890613582,4890613581,0,497502810,residential,False,,True,68.6176092420451,Soi 3/5 Sakormmongkol 2,,,,,,
4890613582,2506090178,0,"[497502810, 243188724]",residential,False,,False,181.86447771422675,Soi 3/5 Sakormmongkol 2,,,,,,
4890613583,4890613582,0,497502792,residential,False,,True,35.915832051976444,,,,,,,
4890613583,2506090178,0,"[497502792, 567178129, 700908563]",residential,False,,"[False, True]",217.2562145607504,,,,,,,
4890613583,2506090178,1,"[497502794, 243188484]",residential,False,,"[False, True]",133.18490066846977,Thanon Rajuthit Soi 25,,,,,,
4890613588,2506096359,0,706341245,tertiary,False,,False,6.164990449042628,ถนนสาครมงคล,,,,,,
4890613588,2506096496,0,706341245,tertiary,False,,True,19.207813040076967,ถนนสาครมงคล,,,,,,
4890613588,4890612867,0,497502796,residential,False,,False,174.56601337688647,,,,,,,
4890613589,4890612869,0,497502797,residential,False,,True,73.00368088175601,,,,,,,
4890613733,4890612503,0,497502809,residential,False,,False,67.26504766585973,Soi Pratatoonpornutit,,,,,,
4890613738,4890612636,0,497502811,residential,False,,False,80.22012283188144,,,,,,,
4890613796,4890612319,0,497502821,residential,False,,False,64.13623393846656,,,,,,,
4890613803,4890612454,0,497502824,residential,False,,True,91.64040065443147,,,,,,,
4890613804,1558343337,0,497502825,residential,False,,True,69.04349548198685,,,,,,,
4893013045,4900490240,0,243188720,residential,False,,False,90.26783196975268,Thanon Rattana Uthit Soi 2,,,,,,
4893013045,8634759752,0,567178130,residential,False,,True,38.63167822561394,,,,,,,
4893013045,8642883736,0,932341364,residential,False,,False,60.267906986230834,,,,,,,
4893016628,4893016630,0,497787803,residential,False,,False,152.73171864067237,,,,,,,
4893016630,2506088001,0,243188038,residential,False,,False,29.185557487391545,,,,,,,
4893016630,2506088160,0,243188038,residential,False,,True,22.72076215054569,,,,,,,
4893016630,4893016628,0,497787803,residential,False,,True,152.73171864067237,,,,,,,
4900464579,796720013,0,1396178766,residential,False,,False,12.364735990843378,Soi Klongdamrei,,,,,,
4900464579,8642257134,0,706302594,residential,False,,True,34.70419589073746,Soi Klongdamrei,,,,,,
4900464579,986090102,0,"[84963066, 959974134]",primary,True,,False,24.240765966562385,ถนนกาญจนวณิชย์,3,,,,,
4900464580,1966404349,0,96941857,residential,False,,False,58.37758411240349,,,,,,,
4900464580,4900464598,0,498671389,residential,False,,False,86.09927004672652,Thanon Boonrong Uthit,,,,,,
4900464580,4900466448,0,96941857,residential,False,,True,83.60338533840319,,,,,,,
4900464580,4900464597,0,498671389,residential,False,,True,93.17151489125231,Thanon Boonrong Uthit,,,,,,
4900464584,1115585385,0,1204844051,tertiary,False,,False,21.637741653293826,ถนนประชาธิปัตย์,,,,,,
4900464584,1123399600,0,"[969757850, 1204844052, 185951074]",tertiary,False,,True,33.65137840183312,ถนนประชาธิปัตย์,,,yes,,,
4900464587,1123399639,0,530314558,residential,False,,False,46.803393312113194,,,,,,,
4900464587,1123399771,0,498671391,residential,False,,False,182.5744794787404,,,,,,,
4900464587,13545019681,0,"[530314558, 1476708031]",residential,False,,"[False, True]",264.8734543149146,,,,,,,
4900464589,2507400787,0,243314472,residential,False,,True,18.152956529686033,ถนนกาญจนวณิชย์ ซอย 17/1,2,,,,,
4900464589,4900464590,0,498671411,residential,False,,False,40.042203004850855,,,,,,,
4900464589,2507400767,0,243314472,residential,False,,False,76.94204933595155,ถนนกาญจนวณิชย์ ซอย 17/1,2,,,,,
4900464590,4900464589,0,498671411,residential,False,,True,40.042203004850855,,,,,,,
4900464591,2506086906,0,498671412,residential,False,,False,46.5802411556682,,,,,,,
4900464592,4900464593,0,498671705,residential,False,,False,56.84339088481077,,,,,,,
4900464593,1680667348,0,155691026,residential,False,,False,108.85768648669388,Thanon Rajuthit Soi 18,,,,,,
4900464593,1680667513,0,155691026,residential,False,,True,21.164338215842218,Thanon Rajuthit Soi 18,,,,,,
4900464593,4900464592,0,498671705,residential,False,,True,56.84339088481077,,,,,,,
4900464594,4900464595,0,498671413,residential,False,,False,56.5244940181074,Soi 2 Klongren Road 1,,,,,,
4900464594,2507400685,0,498671413,residential,False,,True,47.02714373672232,Soi 2 Klongren Road 1,,,,,,
4900464594,4900465188,0,498671474,residential,False,,False,45.02302069307411,,,,,,,
4900464595,2505176360,0,71380780,tertiary,False,,False,69.03363351981328,ถนนคลองเรียน 1,4,,,,,
4900464595,849403490,0,71380780,tertiary,False,,True,55.44472578317018,ถนนคลองเรียน 1,4,,,,,
4900464595,4900464596,0,498671413,residential,False,,False,29.55431871366865,Soi 2 Klongren Road 1,,,,,,
4900464595,4900464594,0,498671413,residential,False,,True,56.5244940181074,Soi 2 Klongren Road 1,,,,,,
4900464596,4900464595,0,498671413,residential,False,,True,29.55431871366865,Soi 2 Klongren Road 1,,,,,,
4900464597,2506086831,0,706104219,tertiary,False,,False,92.10773670809502,ถนนศุภสารรังสรรค์,2,,,,,
4900464597,4900464580,0,498671389,residential,False,,False,93.1715148912523,Thanon Boonrong Uthit,,,,,,
4900464597,13472440789,0,706104219,tertiary,False,,True,56.536012280013594,ถนนศุภสารรังสรรค์,2,,,,,
4900464598,4900464580,0,498671389,residential,False,,True,86.09927004672652,Thanon Boonrong Uthit,,,,,,
4900464598,856214538,0,969757849,tertiary,False,,False,72.27684996486944,ถนนประชาธิปัตย์,,,,,,
4900464598,1115585385,0,969757849,tertiary,False,,True,60.313238816337375,ถนนประชาธิปัตย์,,,,,,
4900464605,4900464606,0,498671405,residential,False,,False,65.85451325700085,Soi 1 Nipatsongkaew 4 Road,,,,,,
4900464606,1115585548,0,96242772,tertiary,False,,False,64.92169526711315,ถนนนิพัทธ์สงเคราะห์ 4,,,,,,
4900464606,13418283251,0,96242772,tertiary,False,,True,48.22723249842975,ถนนนิพัทธ์สงเคราะห์ 4,,,,,,
4900464606,4900464605,0,498671405,residential,False,,True,65.85451325700085,Soi 1 Nipatsongkaew 4 Road,,,,,,
4900464610,2505176758,0,1214497909,residential,False,,True,24.500233847138176,,,,,,,
4900464613,1680665041,0,323958075,secondary,False,,False,16.683750863017163,ถนนศรีภูวนารถ,,,,,,
4900464613,13336315606,0,498671416,residential,False,,False,9.732603563364181,,,,,,,
4900464613,8634028428,0,323958075,secondary,False,,True,72.93522695997206,ถนนศรีภูวนารถ,,,,,,
4900464617,1680666821,0,155691052,residential,False,,False,31.15888014687924,,,,,,,
4900464617,4900464618,0,498671417,residential,False,,False,110.90097171470623,,,,,,,
4900464617,1680667068,0,155691052,residential,False,,True,119.39085751874843,,,,,,,
4900464618,4900464617,0,498671417,residential,False,,True,110.90097171470623,,,,,,,
4900464618,1680666620,0,706357257,residential,False,,False,84.79901164218872,Thanon Rajuthit Soi 9,,,,,,
4900464618,1680666455,0,706357257,residential,False,,True,31.79655606021703,Thanon Rajuthit Soi 9,,,,,,
4900465022,8642553290,0,498671419,residential,False,,False,95.44874807859053,,,,,,,
4900465022,1108909672,0,685344729,residential,False,,False,99.00768607541892,ถนนศรีภูวนารถ ซอย 10,,,,,,
4900465022,1680665045,0,685344729,residential,False,,True,48.43770414734417,ถนนศรีภูวนารถ ซอย 10,,,,,,
4900465023,8642553290,0,498671419,residential,False,,True,16.326839839040982,,,,,,,
4900465028,4900465029,0,498671420,residential,False,,False,129.29255352145304,,,,,,,
4900465028,4919946741,0,931256575,secondary,True,,False,41.79495297625036,ถนนเพชรเกษม,,,,,,
4900465029,4900465028,0,498671420,residential,False,,True,129.29255352145304,,,,,,,
4900465030,4900465031,0,498671694,residential,False,,False,47.74029539969511,,,,,,,
4900465030,4900465035,0,498671421,residential,False,,False,87.6180688421369,Thanon Jongcharoen,,,,,,
4900465030,4900466223,0,498671693,residential,False,,False,155.19723937616763,Thanon Klongren 2 Soi 5,,,,,,
4900465031,4900465030,0,498671694,residential,False,,True,47.74029539969511,,,,,,,
4900465031,1431867103,0,706087699,unclassified,False,,False,44.11784824001256,,,,,,,
4900465031,1431867155,0,706087699,unclassified,False,,True,72.1042940031668,,,,,,,
4900465035,1431867152,0,95542483,tertiary,False,,False,24.570869998025746,ถนนคลองเรียน 2,,,,,,
4900465035,4900465148,0,95542483,tertiary,False,,True,25.845456083587514,ถนนคลองเรียน 2,,,,,,
4900465035,4900465030,0,498671421,residential,False,,True,87.6180688421369,Thanon Jongcharoen,,,,,,
4900465043,1108909394,0,155691164,residential,False,,True,56.35458307435001,,,,,,,
4900465043,4900465044,0,498671424,residential,False,,False,47.316343212448345,,,,,,,
4900465043,8934704234,0,155691164,residential,False,,False,114.8149715899156,,,,,,,
4900465044,4900465043,0,498671424,residential,False,,True,47.316343212448345,,,,,,,
4900465046,8934591543,0,155690998,residential,False,,True,67.9202864222587,Soi 1 Polpichai,,,,,,
4900465046,4900465047,0,498671425,residential,False,,False,60.39731116678347,,,,,,,
4900465046,1680665542,0,155690998,residential,False,,False,101.20416744747803,Soi 1 Polpichai,,,,,,
4900465047,4900465046,0,498671425,residential,False,,True,60.39731116678347,,,,,,,
4900465052,1680668226,0,65080358,secondary,True,,False,41.42222100998657,ถนนราษฎร์ยินดี,,,,,,
4900465052,1107926467,0,498671427,residential,False,,True,113.48155376598346,ซอยทินกร,,,,,,
4900465055,916327738,0,970291417,secondary,False,,False,33.85560719400222,ถนนนิพันธ์สงเคราะห์,,,,,,
4900465055,4900466302,0,970291417,secondary,False,,True,34.236840106261795,ถนนนิพันธ์สงเคราะห์,,,,,,
4900465055,4900465056,0,498671429,residential,False,,False,108.22531328354077,Niptam And But Utit Road,,,,,,
4900465056,4900465055,0,498671429,residential,False,,True,108.22531328354077,Niptam And But Utit Road,,,,,,
4900465059,4900465060,0,498671430,residential,False,,False,38.30963184784533,,,,,,,
4900465060,2507400800,0,243314244,residential,False,,False,51.58337379015573,,,,,,,
4900465060,2507400842,0,243314244,residential,False,,True,30.97981724815488,,,,,,,
4900465060,4900465059,0,498671430,residential,False,,True,38.30963184784533,,,,,,,
4900465066,1107926973,0,498671279,residential,False,,False,38.25902717522727,Soi Klongdamrei,,,,,,
4900465066,8643672868,0,932433860,residential,False,,False,30.479331877779572,,,,,,,
4900465067,4900465069,0,498671432,residential,False,,False,74.38714039254039,,2,,,,,
4900465069,1120012976,0,243188765,unclassified,False,,False,79.75651093273204,Thanon Samchai,,,,,,
4900465069,1110416742,0,243188765,unclassified,False,,True,58.72798587398063,Thanon Samchai,,,,,,
4900465069,4900465067,0,498671432,residential,False,,True,74.38714039254039,,2,,,,,
4900465070,4900465071,0,498671433,residential,False,,False,47.24349900126574,,,,,,,
4900465071,1680666891,0,155691022,residential,False,,True,42.395489490298075,Soi 8 Rajyindee,,,,,,
4900465071,4900465070,0,498671433,residential,False,,True,47.24349900126574,,,,,,,
4900465071,1431867140,0,155691022,residential,False,,False,273.62789217739396,Soi 8 Rajyindee,,,,,,
4900465077,1680662578,0,498671435,residential,False,,False,163.39121924563335,,,,,,,
4900465087,1160612966,0,129827560,unclassified,False,,False,116.98710466366481,ถนนเทียนจ่ออุทิศ 1,,,,,,
4900465087,1680662332,0,129827560,unclassified,False,,True,83.94233067454878,ถนนเทียนจ่ออุทิศ 1,,,,,,
4900465087,4900465088,0,498671687,residential,False,,False,49.83346293969805,Soi Prasuk,,,,,,
4900465088,5474395587,0,569148515,residential,False,,False,87.02091253007166,,,,,,,
4900465088,5474395588,0,569148515,residential,False,,True,16.945080406486447,,,,,,,
4900465088,4900465087,0,498671687,residential,False,,True,49.83346293969805,Soi Prasuk,,,,,,
4900465089,2506085829,0,498671439,residential,False,,False,82.02752108004083,,,,,,,
4900465090,4900466297,0,498671330,residential,True,,False,97.00108718189193,ถนนมุสลิม,,,,,,
4900465090,4900465370,0,498671539,residential,False,,False,67.24945678518318,,,,,,,
4900465092,3309949761,0,952598318,tertiary,False,,False,44.11467643333054,ถนนรัถการ,2,,,,,
4900465092,2506088792,0,952598318,tertiary,False,,True,46.48740030758018,ถนนรัถการ,2,,,,,
4900465092,8523334176,0,498671330,residential,True,,False,154.60881342077568,ถนนมุสลิม,,,,,,
4900465094,4900465095,0,498671440,residential,False,,False,31.670393040146195,,,,,,,
4900465095,8642638895,0,155690992,residential,False,,False,46.244711347847144,,,,,,,
4900465095,4900465094,0,498671440,residential,False,,True,31.670393040146195,,,,,,,
4900465095,1680666094,0,155690992,residential,False,,True,69.28132862711759,,,,,,,
4900465096,4900465097,0,498671441,residential,False,,False,100.32875528327831,Soi Klewsri,,,,,,
4900465097,1108909313,0,95637131,tertiary,False,,True,13.795282337805236,ถนนทุ่งเสา 2,,,,,,
4900465097,4900465096,0,498671441,residential,False,,True,100.32875528327831,Soi Klewsri,,,,,,
4900465097,1559016832,0,95637131,tertiary,False,,False,32.859175953289,ถนนทุ่งเสา 2,,,,,,
4900465098,4900465099,0,498671442,residential,False,,False,99.81391705551569,,,,,,,
4900465099,4900465098,0,498671442,residential,False,,True,99.81391705551569,,,,,,,
4900465099,8523334139,0,706093505,residential,True,,False,46.916064357664325,Duangchan Rd,,,,,,
4900465100,4900465168,0,104353664,unclassified,False,,False,46.235789799425355,Thanon Klongren 2 Soi 6,,,,,,
4900465100,1203972111,0,104353664,unclassified,False,,True,263.9532255062912,Thanon Klongren 2 Soi 6,,,,,,
4900465100,4900465101,0,498671443,residential,False,,False,47.68828607596428,,,,,,,
4900465100,1263469174,0,498671443,residential,False,,True,64.44408963109038,,,,,,,
4900465101,4900465305,0,129842392,residential,False,,True,40.33362341223176,Thanon Klongren 2 Soi 8,,,,,,
4900465101,4900465100,0,498671443,residential,False,,True,47.68828607596428,,,,,,,
4900465101,1431867157,0,129842392,residential,False,,False,88.15525323926994,Thanon Klongren 2 Soi 8,,,,,,
4900465106,8643291816,0,498671445,residential,False,,False,22.373898988849373,,,,,,,
4900465107,4900465108,0,498671713,residential,False,,False,40.00476366425241,,,,,,,
4900465108,4900465107,0,498671713,residential,False,,True,40.00476366425241,,,,,,,
4900465108,2506099672,0,706137267,tertiary,False,,False,206.59027344059913,ถนนนิพันธ์สงเคราะห์ 1 ซอย 23,,,,,,
4900465108,4900465470,0,706137267,tertiary,False,,True,38.7109887549407,ถนนนิพันธ์สงเคราะห์ 1 ซอย 23,,,,,,
4900465111,1680664052,0,498671306,residential,False,,False,123.88552532856184,,,,,,,
4900465111,4900466270,0,498671306,residential,False,,True,40.830924192397944,,,,,,,
4900465111,4900465211,0,498671484,residential,False,,True,141.21249991675424,,,,,,,
4900465114,4900465115,0,498671446,residential,False,,False,37.87215033000126,,,,,,,
4900465115,4900465515,0,155691164,residential,False,,False,44.19493203168268,,,,,,,
4900465115,4900465114,0,498671446,residential,False,,True,37.87215033000126,,,,,,,
4900465115,8642954944,0,932349518,residential,False,,True,34.04060695475746,,,,,,,
4900465115,1680664593,0,155691164,residential,False,,True,139.8580342886109,,,,,,,
4900465117,4900465119,0,498671449,residential,False,,False,50.94312147308577,,,,,,,
4900465119,1680664320,0,155690987,residential,False,,False,17.58469946746841,,,,,,,
4900465119,1680664214,0,155690987,residential,False,,True,21.80041348058612,,,,,,,
4900465119,4900465117,0,498671449,residential,False,,True,50.943121473085775,,,,,,,
4900465119,8635181944,0,931389386,residential,False,,True,90.03519258317513,,,,,,,
4900465122,8976429005,0,498671450,residential,False,,False,64.1518615386744,,,,,,,
4900465123,2507400904,0,243314461,residential,False,,False,44.938976141022565,Thanon Phetkasem Soi 17,,,,,,
4900465123,2507401012,0,243314461,residential,False,,True,64.48422386437898,Thanon Phetkasem Soi 17,,,,,,
4900465123,4900465124,0,498671451,residential,False,,False,132.8635487581239,,,,,,,
4900465124,916327945,0,243079720,residential,False,,False,53.69742064965701,,,,,,,
4900465124,2505177118,0,243079720,residential,False,,True,41.91107963796953,,,,,,,
4900465124,4900465123,0,498671451,residential,False,,True,132.8635487581239,,,,,,,
4900465125,796719858,0,243082641,unclassified,False,,True,41.571418463848566,Thanon Simbenjapolpatana,,,,,,
4900465125,4900465127,0,498671452,residential,False,,False,131.98517313944964,,,,,,,
4900465125,796747467,0,243082641,unclassified,False,,False,61.7602071458212,Thanon Simbenjapolpatana,,,,,,
4900465127,4900465128,0,498671452,residential,False,,False,41.037612149324026,,,,,,,
4900465127,4900465125,0,498671452,residential,False,,True,131.98517313944964,,,,,,,
4900465127,1559016846,0,498671603,residential,False,,True,106.92554221949263,,,,,,,
4900465128,4900465127,0,498671452,residential,False,,True,41.037612149324026,,,,,,,
4900465128,4900465129,0,569148518,residential,False,,False,44.66133727086949,Thanon Sripunwanart Soi 2,,,,,,
4900465128,5474395591,0,569148518,residential,False,,True,38.40772037417114,Thanon Sripunwanart Soi 2,,,,,,
4900465129,796747467,0,243082644,residential,True,,False,206.01129612548888,ถนนไทยอาคาร,,,,,,
4900465129,4900465128,0,569148518,residential,False,,True,44.66133727086949,Thanon Sripunwanart Soi 2,,,,,,
4900465129,6636332746,0,706265651,residential,False,,False,96.22088249986129,Thanon Jomgetpatana,,,,,,
4900465132,13414469749,0,"[498671453, 498671454]",residential,False,,"[False, True]",186.72054600215537,Thanon Kian-Suneeautid,,,,,,
4900465140,1108909411,0,155690274,residential,False,,False,51.72701480363665,,,,,,,
4900465140,8635029322,0,155690274,residential,False,,True,43.923499868330744,,,,,,,
4900465140,4900465142,0,498671456,residential,False,,False,178.65862258450477,,,,,,,
4900465142,4900465140,0,498671456,residential,False,,True,178.65862258450477,,,,,,,
4900465145,8363355368,0,129842395,residential,False,,True,18.69827992052682,Romyen 2 Road,,,,,,
4900465145,4900465453,0,129842395,residential,False,,False,70.6368627452606,Romyen 2 Road,,,,,,
4900465145,4900465148,0,498671458,residential,False,,False,134.88881805737236,Thanon Klongren 2 Soi 8/2,,,,,,
4900465148,4900465035,0,95542483,tertiary,False,,False,25.845456083587514,ถนนคลองเรียน 2,,,,,,
4900465148,1431867141,0,95542483,tertiary,False,,True,24.954180032327095,ถนนคลองเรียน 2,,,,,,
4900465148,4900465145,0,498671458,residential,False,,True,134.88881805737236,Thanon Klongren 2 Soi 8/2,,,,,,
4900465149,4900465150,0,498671459,residential,False,,False,137.78208929052272,,,,,,,
4900465149,8643039740,0,"[706096645, 706096639]",residential,False,,False,177.26534092113474,Thanon Nipatuthit 1 Soi 1,,,,,,
4900465149,1108909542,0,706096639,residential,False,,True,53.48492044832104,Thanon Nipatuthit 1 Soi 1,,,,,,
4900465150,4900465149,0,498671459,residential,False,,True,137.78208929052272,,,,,,,
4900465150,8643039739,0,932359407,residential,False,,False,26.14924570153367,,,,,,,
4900465150,8643039740,0,932359407,residential,False,,True,36.35287372184348,,,,,,,
4900465151,1680662566,0,129827560,unclassified,False,,True,70.86162876311381,ถนนเทียนจ่ออุทิศ 1,,,,,,
4900465151,4900465152,0,498671686,residential,False,,False,48.7849313580963,Soi Prajun,,,,,,
4900465151,1680662332,0,129827560,unclassified,False,,False,94.32164414410036,ถนนเทียนจ่ออุทิศ 1,,,,,,
4900465152,4900465356,0,498671534,residential,False,,False,34.99092215765017,,,,,,,
4900465152,4900465354,0,498671534,residential,False,,True,94.6362617462476,,,,,,,
4900465152,4900465153,0,498671686,residential,False,,False,45.944657917559866,Soi Prajun,,,,,,
4900465152,4900465151,0,498671686,residential,False,,True,48.7849313580963,Soi Prajun,,,,,,
4900465153,4900465152,0,498671686,residential,False,,True,45.944657917559866,Soi Prajun,,,,,,
4900465153,5474395590,0,569148516,residential,False,,False,26.20697297395907,,,,,,,
4900465153,4900465154,0,569148516,residential,False,,True,32.661609557696856,,,,,,,
4900465154,4900465153,0,569148516,residential,False,,False,32.661609557696856,,,,,,,
4900465156,4900465157,0,498671461,residential,False,,False,86.15874882371912,,,,,,,
4900465156,485580824,0,931321078,tertiary,False,,False,53.44721614383961,ถนนพลพิชัย,,,,,,
4900465156,1680665232,0,931321078,tertiary,False,,True,49.86785676922299,ถนนพลพิชัย,,,,,,
4900465157,4900465156,0,498671461,residential,False,,True,86.15874882371912,,,,,,,
4900465159,8360827888,0,84842970,tertiary,False,,False,33.68532693081236,Niphat Songkhro 5,,,,,,
4900465159,2507401466,0,84842970,tertiary,False,,True,30.763638338717353,Niphat Songkhro 5,,,,,,
4900465159,4900466310,0,498671342,residential,False,,False,94.38109623191035,,,,,,,
4900465166,1115585909,0,498671393,residential,False,,False,108.01713841678081,,,,,,,
4900465166,12649445299,0,1365935945,residential,False,,False,42.88501396574479,,,,,,,
4900465166,856214538,0,1365935945,residential,False,,True,54.11870512311369,,,,,,,
4900465167,1263469174,0,110691139,residential,False,,True,44.445813117024656,Thanon Klongren 2 Soi 4,,,,,,
4900465167,4900465168,0,498671466,residential,False,,False,74.1639676005826,,,,,,,
4900465167,8642352374,0,110691139,residential,False,,False,44.39866454626838,Thanon Klongren 2 Soi 4,,,,,,
4900465168,8642352379,0,104353664,unclassified,False,,False,30.715483852062544,Thanon Klongren 2 Soi 6,,,,,,
4900465168,4900465100,0,104353664,unclassified,False,,True,46.235789799425355,Thanon Klongren 2 Soi 6,,,,,,
4900465168,4900465167,0,498671466,residential,False,,True,74.1639676005826,,,,,,,
4900465170,4900466300,0,571800092,residential,False,,False,69.42915008709085,Soi 1/1 Niphatsongkraw 1,,,,,,
4900465171,4900466305,0,498671334,residential,False,,True,40.21237756064516,Thanon Nipatsongkaew 1 Soi 1,,,,,,
4900465173,8364261453,0,243314365,residential,False,,False,33.36319725926025,Thanon Nipatsongkrew 5 Soi 5,,,,,,
4900465173,4900465174,0,498671467,residential,False,,False,24.945427269459557,,,,,,,
4900465173,2507401758,0,"[900212714, 243314365]",residential,False,,True,217.77687780106982,Thanon Nipatsongkrew 5 Soi 5,,,,,,
4900465174,4900465173,0,498671467,residential,False,,True,24.945427269459557,,,,,,,
4900465177,1108909313,0,498671469,residential,False,,True,155.0834311394003,Thanon Thung Sao 12/1,,,,,,
4900465179,4900465180,0,498671470,residential,False,,False,102.05304485689739,,,,,,,
4900465180,4900465179,0,498671470,residential,False,,True,102.05304485689739,,,,,,,
4900465180,1107926675,0,706087698,unclassified,False,,False,89.49313500732346,Thanon Karnjanavanit Soi 19,,,,,,
4900465180,1107926597,0,706087698,unclassified,False,,True,45.5590067884946,Thanon Karnjanavanit Soi 19,,,,,,
4900465181,4900465182,0,498671471,residential,False,,False,65.1102673943341,,,,,,,
4900465181,916327702,0,77967085,residential,True,,False,122.19837433050625,ถนนมนตรี 2,2,,,,,
4900465182,8523334169,0,498671329,residential,True,,False,23.010869478596966,ถนนพูลสุวรรณ,,,,,,
4900465182,4900465181,0,498671471,residential,False,,True,65.1102673943341,,,,,,,
4900465183,4900465184,0,498671472,residential,False,,False,30.521133317919684,,,,,,,
4900465184,8524057340,0,96240987,tertiary,False,,False,63.85790316135132,ถนนสัจจกุล,,,,,,
4900465184,8524057336,0,96240987,tertiary,False,,True,45.467325791821594,ถนนสัจจกุล,,,,,,
4900465184,4900465183,0,498671472,residential,False,,True,30.521133317919684,,,,,,,
4900465186,1680663378,0,155691129,residential,False,,False,73.73591770724623,Thanon Thungsao 2 Soi 2,,,,,,
4900465186,13327874256,0,155691129,residential,False,,True,48.663825536309275,Thanon Thungsao 2 Soi 2,,,,,,
4900465186,4900466227,0,498671473,residential,False,,True,74.99001188066268,,,,,,,
4900465187,4900466313,0,498671344,residential,False,,False,40.48777670982278,,,,,,,
4900465188,4900464594,0,498671474,residential,False,,True,45.02302069307411,,,,,,,
4900465197,1680667489,0,155690829,residential,False,,False,23.09139538650938,Soi 3 Nhasathanee,,,,,,
4900465197,4900466244,0,498671704,residential,False,,False,74.8387869781118,,,,,,,
4900465197,1680668058,0,155690829,residential,False,,True,167.83385903997873,Soi 3 Nhasathanee,,,,,,
4900465206,4900465922,0,84842973,secondary,False,,False,38.63271648462901,ถนนนิพันธ์สงเคราะห์,,,,,,
4900465206,2507401526,0,84842973,secondary,False,,True,61.32436087981658,ถนนนิพันธ์สงเคราะห์,,,,,,
4900465206,13347559286,0,498671481,residential,False,,False,57.779359363355994,Soi Pongprayoon,,,,,,
4900465208,4900465209,0,498671482,residential,False,,False,86.95691959253287,,,,,,,
4900465208,1122072681,0,706256379,residential,False,,False,92.78954954994985,ถนนกิมประดิษฐ์,,,,,,
4900465208,1107784878,0,706256379,residential,False,,True,47.94444470643308,ถนนกิมประดิษฐ์,,,,,,
4900465209,4900465208,0,498671482,residential,False,,True,86.95691959253287,,,,,,,
4900465209,2052547074,0,706256377,residential,False,,False,93.89356460182778,Thanon Sheutit,2,,,,,
4900465209,1107784883,0,706256377,residential,False,,True,46.55086221131836,Thanon Sheutit,2,,,,,
4900465210,1559016905,0,142455600,unclassified,False,,False,24.231278637516116,,,,,,,
4900465210,1559016910,0,142455600,unclassified,False,,True,20.924245018618784,,,,,,,
4900465210,1680666686,0,498671483,residential,False,,False,52.45686946184697,,,,,,,
4900465211,4900465111,0,498671484,residential,False,,False,141.21249991675424,,,,,,,
4900465217,2506098663,0,84842970,tertiary,False,,False,57.59438168047983,Niphat Songkhro 5,,,,,,
4900465217,6634990420,0,84842970,tertiary,False,,True,42.150105530880744,Niphat Songkhro 5,,,,,,
4900465217,13362901142,0,"[1457053224, 498671487]",residential,False,,False,150.90011412601797,Potipongsa Road Soi 1,,,,,,
4900465219,1680667181,0,95533432,tertiary,False,,False,68.43148009064925,ถนนหอยมุกต์,,,,,,
4900465219,1680667233,0,95533432,tertiary,False,,True,69.57493469705754,ถนนหอยมุกต์,,,,,,
4900465219,4900466002,0,498671679,residential,False,,False,103.51856535892865,,,,,,,
4900465223,1680666527,0,498671489,residential,False,,True,75.10789743250871,,,,,,,
4900465224,4900465225,0,498671490,residential,False,,False,62.43996415500611,Soi 18/1 Karnjanav Anit Road,,,,,,
4900465225,1203972125,0,104353662,tertiary,False,,False,170.33261140432276,ถนนกาญจนวนิช ซอย18,,,,,,
4900465225,1407218844,0,104353662,tertiary,False,,True,29.672387631591363,ถนนกาญจนวนิช ซอย18,,,,,,
4900465225,4900465224,0,498671490,residential,False,,True,62.43996415500611,Soi 18/1 Karnjanav Anit Road,,,,,,
4900465229,2506096763,0,243188707,tertiary,False,,True,60.94939440190975,Thanon Chokesaman 5,,,,,,
4900465229,8643109462,0,932367801,residential,False,,True,86.0381553392284,,,,,,,
4900465229,2506096273,0,243188707,tertiary,False,,False,48.449406446088176,Thanon Chokesaman 5,,,,,,
4900465230,4900465231,0,498671492,residential,False,,False,39.99931689429981,,,,,,,
4900465231,4900465230,0,498671492,residential,False,,True,39.99931689429981,,,,,,,
4900465231,11975049713,0,66984595,secondary,True,,False,30.37845733637677,ถนนราษฎร์ยินดี,,,,,,
4900465232,4900465233,0,498671493,residential,False,,False,57.135825643795435,,,,,,,
4900465233,4900465232,0,498671493,residential,False,,True,57.135825643795435,,,,,,,
4900465233,13454281320,0,700900652,residential,False,,False,25.431193721781764,Karnchanawanich Soi 16/1,,,,,,
4900465233,2507400850,0,700900652,residential,False,,True,190.1956891401089,Karnchanawanich Soi 16/1,,,,,,
4900465234,4900465414,0,155690978,residential,False,,False,35.20590817507019,,,,,,,
4900465234,1680667422,0,155690978,residential,False,,True,32.6681918522546,,,,,,,
4900465234,4900465235,0,498671494,residential,False,,False,66.33332054712588,,,,,,,
4900465235,4900465234,0,498671494,residential,False,,True,66.33332054712588,,,,,,,
4900465236,2506087372,0,243188248,residential,False,,False,77.36087953340845,,,,,,,
4900465236,2506087900,0,243188248,residential,False,,True,27.541876540674732,,,,,,,
4900465236,4900465237,0,498671495,residential,False,,False,129.1039900700679,,,,,,,
4900465237,4900465236,0,498671495,residential,False,,True,129.10399007006794,,,,,,,
4900465239,4900465240,0,498671496,residential,False,,False,83.60340244253315,,,,,,,
4900465240,4900465239,0,498671496,residential,False,,True,83.60340244253315,,,,,,,
4900465240,8348355065,0,243188038,residential,False,,False,38.78123121525671,,,,,,,
4900465240,2506087677,0,243188038,residential,False,,True,113.5664989105369,,,,,,,
4900465242,4900465243,0,498671692,residential,False,,False,33.73233269120998,,,,,,,
4900465243,4900465242,0,498671692,residential,False,,True,33.73233269120998,,,,,,,
4900465243,2505176360,0,706091196,residential,False,,False,44.37977890440653,Soi 4 Klongren Road 1,,,,,,
4900465243,1115361870,0,706091196,residential,False,,True,52.350705560291,Soi 4 Klongren Road 1,,,,,,
4900465244,796747714,0,155690480,residential,False,,False,81.6669693013321,,,,,,,
4900465244,1680667509,0,155690480,residential,False,,True,30.307471578809082,,,,,,,
4900465244,1558314142,0,498671497,residential,False,,True,55.10416628063931,,,,,,,
4900465247,2506095007,0,498671310,residential,False,,False,202.30721350681867,,,,,,,
4900465270,4900465271,0,498671503,residential,False,,False,73.4665221917248,,,,,,,
4900465271,1558729819,0,155690274,residential,False,,False,79.83296780162873,,,,,,,
4900465271,1558729912,0,155690274,residential,False,,True,38.80580941328307,,,,,,,
4900465271,4900465270,0,498671503,residential,False,,True,73.4665221917248,,,,,,,
4900465277,2406954575,0,66984604,tertiary,True,,False,170.7738681692596,ถนนศุภสารรังสรรค์,,,,,,
4900465277,8523287979,0,498671504,residential,False,,True,121.19121982870365,,,,,,,
4900465278,1559016822,0,498671505,residential,False,,False,44.64299320613477,,,,,,,
4900465279,4900465280,0,498671506,residential,False,,False,42.46689659047417,,,,,,,
4900465280,2507401459,0,243314458,residential,False,,False,41.72343155025042,Thanon Phetkasem Soi 10/3,,,,,,
4900465280,4900465279,0,498671506,residential,False,,True,42.46689659047417,,,,,,,
4900465280,1421027868,0,243314458,residential,False,,True,350.2771970820935,Thanon Phetkasem Soi 10/3,,,,,,
4900465284,1431867152,0,129842393,residential,False,,False,72.93477048035098,Thanon Romyen 1,,,,,,
4900465284,1431867110,0,129842393,residential,False,,True,63.141877504892285,Thanon Romyen 1,,,,,,
4900465284,8363355368,0,498671289,residential,False,,True,97.81885313547622,,,,,,,
4900465285,2507401019,0,498671508,residential,False,,True,69.05682900301684,,,,,,,
4900465286,4900465287,0,498671510,residential,False,,False,77.66433832236513,,,,,,,
4900465287,4900465286,0,498671510,residential,False,,True,77.66433832236513,,,,,,,
4900465287,2506086906,0,952598318,tertiary,False,,False,50.70425938825857,ถนนรัถการ,2,,,,,
4900465287,2506085878,0,952598318,tertiary,False,,True,105.78876442616806,ถนนรัถการ,2,,,,,
4900465296,5474395582,0,498671698,residential,False,,False,52.07951657363629,,,,,,,
4900465296,4900465297,0,569148514,residential,False,,False,61.1646348678254,,,,,,,
4900465296,4900466240,0,"[498671698, 498671699]",residential,False,,True,147.27226971865792,,,,,,,
4900465297,4900465296,0,569148514,residential,False,,True,61.1646348678254,,,,,,,
4900465301,1680663206,0,155691064,residential,False,,False,82.92264267284251,Thanon Thungsao 2 Soi 4,,,,,,
4900465301,1680662672,0,155691064,residential,False,,True,49.57813201640321,Thanon Thungsao 2 Soi 4,,,,,,
4900465301,1680662868,0,498671512,residential,False,,False,57.66133394784181,ถนนทุ่งเสา 2 ซอย 6/2,,,,,,
4900465305,4900465101,0,129842392,residential,False,,False,40.33362341223176,Thanon Klongren 2 Soi 8,,,,,,
4900465305,1431867164,0,129842392,residential,False,,True,58.414050575773736,Thanon Klongren 2 Soi 8,,,,,,
4900465305,4900465306,0,498671513,residential,False,,False,77.86049680309024,,,,,,,
4900465306,4900465305,0,498671513,residential,False,,True,77.86049680309024,,,,,,,
4900465306,8642937272,0,932353333,residential,False,,False,26.607534261596893,,,,,,,
4900465306,4900465453,0,"[498671513, 498671570]",residential,False,,False,342.25256684303605,,,,,,,
4900465308,6822890779,0,498671514,residential,False,,True,66.34614203152682,,,,,,,
4900465318,4900466247,0,498671707,residential,False,,True,126.1380078336681,,,,,,,
4900465318,2506085648,0,1271342643,secondary,True,,False,175.55940895660575,ถนนเพชรเกษม,,,,,,
4900465319,4900466299,0,498671332,residential,False,,True,79.67272448349391,Soi 1/2 Niphatsongkraw 1,,,,,,
4900465326,2506087556,0,498671520,residential,False,,True,40.33376047554056,,,,,,,
4900465328,2507400695,0,243314435,residential,False,,False,143.27224809711544,,,,,,,
4900465328,2507400695,1,"[498671521, 243314095]",residential,False,,True,148.3643226455581,,,,,,,
4900465328,2505176284,0,243314435,residential,False,,True,29.81533515291162,,,,,,,
4900465333,1559016861,0,706265655,residential,True,,False,21.5743862870648,,,,,,,
4900465333,11993364993,0,1293806887,residential,False,,False,39.60428786235147,,,,,,,
4900465334,4900466305,0,498671337,residential,False,,False,88.5304801177589,Soi Rinthorn 2,,,,,,
4900465339,809537820,0,66984604,tertiary,True,,False,235.8646523930151,ถนนศุภสารรังสรรค์,,,,,,
4900465339,4900465340,0,498671528,residential,False,,False,68.90287826451478,,,,,,,
4900465340,4900465339,0,498671528,residential,False,,True,68.90287826451478,,,,,,,
4900465342,4900466014,0,498671684,residential,False,,True,86.7405836940347,,,,,,,
4900465342,1680666149,0,706357258,residential,False,,False,55.60968503209215,Pracha Uthit Road,,,,,,
4900465342,1680666455,0,706357258,residential,False,,True,80.8486941813128,Pracha Uthit Road,,,,,,
4900465343,1431867100,0,498671530,residential,False,,False,45.275206200166345,,,,,,,
4900465344,4900465345,0,498671531,residential,False,,False,89.04930320749685,,,,,,,
4900465345,1680663045,0,155690274,residential,False,,False,12.732158281257933,,,,,,,
4900465345,4900465344,0,498671531,residential,False,,True,89.04930320749685,,,,,,,
4900465345,1680663894,0,155690274,residential,False,,True,161.47857624906186,,,,,,,
4900465352,1680665904,0,155690856,residential,False,,False,34.80940912847268,Thanon Rajuthit Soi 7,,,,,,
4900465352,1680665861,0,155690856,residential,False,,True,35.967718168427375,Thanon Rajuthit Soi 7,,,,,,
4900465352,4900466276,0,498671314,residential,False,,False,52.02377544309353,,,,,,,
4900465354,5474395589,0,498671533,residential,False,,False,55.174443243992314,,,,,,,
4900465354,4900465152,0,498671534,residential,False,,False,94.6362617462476,,,,,,,
4900465354,1680662332,0,498671532,residential,False,,False,49.53348944451299,Soi Praartit,,,,,,
4900465356,4900465152,0,498671534,residential,False,,True,34.99092215765017,,,,,,,
4900465360,1680666042,0,155691194,residential,False,,True,79.01186906902399,Thanon Rajuthit Soi 9,,,,,,
4900465360,4900465361,0,498671535,residential,False,,False,44.37585185291267,,,,,,,
4900465360,1680666212,0,155691194,residential,False,,False,112.60171598625658,Thanon Rajuthit Soi 9,,,,,,
4900465361,4900465360,0,498671535,residential,False,,True,44.37585185291267,,,,,,,
4900465363,2506087432,0,498671536,residential,False,,True,77.00544215528988,Soi 1/1 Sophasarnrungsen,,,,,,
4900465363,4900465364,0,1168168079,residential,True,,False,67.1266156233522,Soi 1/1 Sophasarnrungsen,,,,,,
4900465363,1110416654,0,95809268,residential,True,,False,118.35660907972695,Thanon Suphassrnrangsan Soi 1,,,,,,
4900465364,2506087810,0,706093506,residential,True,,False,78.28102918998337,Thanon Sangchan,,,,,,
4900465366,2505177657,0,98480951,residential,False,,False,88.11622596939034,ซอยโสภณพิทยาคุณานุสรณ์,,,,,,
4900465366,8635205770,0,98480951,residential,False,,True,86.94396241405674,ซอยโสภณพิทยาคุณานุสรณ์,,,,,,
4900465366,8523970596,0,498671537,residential,False,,True,74.60755009813948,,,,,,,
4900465367,1680664343,0,155690784,residential,False,,False,65.02060102148282,,,,,,,
4900465367,1680664322,0,155690784,residential,False,,True,87.93691759718922,,,,,,,
4900465367,4900465368,0,498671538,residential,False,,False,45.128999660529274,,,,,,,
4900465368,1680664471,0,155690759,residential,False,,False,64.91214914213116,Thanon Deeland 1,,,,,,
4900465368,1680664363,0,155690759,residential,False,,True,99.33452079816732,Thanon Deeland 1,,,,,,
4900465368,4900465367,0,498671538,residential,False,,True,45.128999660529274,,,,,,,
4900465370,4900465090,0,498671539,residential,False,,True,67.24945678518318,,,,,,,
4900465371,8360807203,0,96713523,tertiary,False,,False,41.748657675176766,Niphat Songkaew 5,,,,,,
4900465371,4900465372,0,498671540,residential,False,,False,67.1332136211996,Thanon Nipatsongaew 5 Soi 1,,,,,,
4900465371,8935262481,0,498671540,residential,False,,True,37.14875889273844,Thanon Nipatsongaew 5 Soi 1,,,,,,
4900465371,3614995932,0,96713523,tertiary,False,,True,233.10670931321204,Niphat Songkaew 5,,,,,,
4900465372,4900465371,0,498671540,residential,False,,True,67.1332136211996,Thanon Nipatsongaew 5 Soi 1,,,,,,
4900465375,1558729819,0,931370856,residential,False,,True,62.576111692002314,,,,,,,
4900465375,8642418345,0,931370856,residential,False,,False,79.5079937907618,,,,,,,
4900465375,8642422630,0,932287685,residential,False,,False,64.7053884927744,,,,,,,
4900465376,4900466304,0,498671336,residential,False,,True,86.87575705217091,Soi 1/3 Niphatsongkraw 1,,,,,,
4900465377,2507400625,0,243314248,residential,False,,False,11.622158358677552,,,,,,,
4900465377,2507400609,0,498671542,residential,False,,True,35.181273768301516,,,,,,,
4900465377,2507400612,0,243314248,residential,False,,True,89.83078856036903,,,,,,,
4900465380,485580841,0,40264698,residential,False,,False,67.01674641889204,,,,,,,
4900465380,4900465381,0,498671545,residential,False,,False,86.66331746860025,,,,,,,
4900465380,2506085805,0,40264698,residential,False,,True,104.0562002237846,,,,,,,
4900465381,4900465380,0,498671545,residential,False,,True,86.66331746860025,,,,,,,
4900465381,620881530,0,706096638,residential,False,,True,69.49148153903104,ถนนรัถการ,,,,,,
4900465381,2506085819,0,706096638,residential,False,,False,104.87738369738983,ถนนรัถการ,,,,,,
4900465387,4900465501,0,706136674,tertiary,False,,True,49.425873588052525,ถนนนิพัทธ์สงเคราะห์ 4,,,,,,
4900465387,8935262479,0,"[498671408, 498671546, 243314173]",residential,False,,"[False, True]",139.82844537447625,,,,,,,
4900465387,1115585796,0,706136674,tertiary,False,,False,221.30213944847458,ถนนนิพัทธ์สงเคราะห์ 4,,,,,,
4900465393,2052529358,0,96713677,tertiary,False,,False,133.01553138086814,ถนนนิพัทธ์สงเคราะห์ 1 ซอย 7,,,,,,
4900465393,2506092313,0,96713677,tertiary,False,,True,81.96552436416485,ถนนนิพัทธ์สงเคราะห์ 1 ซอย 7,,,,,,
4900465393,8524097355,0,243188429,residential,False,,False,176.3639532169146,,,,,,,
4900465395,2507400701,0,498671548,residential,False,,False,37.12547340769311,,,,,,,
4900465396,2507401428,0,243314231,residential,False,,False,48.94135992240214,Thanon Nipatsongkaew 4/1,,,,,,
4900465396,4900465666,0,243314231,residential,False,,True,37.590056915724205,Thanon Nipatsongkaew 4/1,,,,,,
4900465396,4900465397,0,498671549,residential,False,,False,69.10109968481378,,,,,,,
4900465397,4900465396,0,498671549,residential,False,,True,69.10109968481378,,,,,,,
4900465398,2506091400,0,243188707,tertiary,False,,False,66.3690400914024,Thanon Chokesaman 5,,,,,,
4900465398,4900465974,0,498671550,residential,False,,True,84.16998962627045,Thanon Chokesaman 5 Soi 13/1,,,,,,
4900465398,13478523582,0,243188707,tertiary,False,,True,23.329905482118537,Thanon Chokesaman 5,,,,,,
4900465399,2507401427,0,243314100,residential,False,,False,49.12845103932045,,,,,,,
4900465399,2507401446,0,243314100,residential,False,,True,23.297844462897267,,,,,,,
4900465399,4900466446,0,498671385,residential,False,,True,34.14738558391797,,,,,,,
4900465403,4900465404,0,498671552,residential,False,,False,49.39711568802796,,,,,,,
4900465404,849403464,0,71380777,tertiary,False,,False,33.07231563826679,Thanon Phetkasem Soi 11,,,,,,
4900465404,8524090701,0,71380777,tertiary,False,,True,7.909484923741367,Thanon Phetkasem Soi 11,,,,,,
4900465404,4900465403,0,498671552,residential,False,,True,49.39711568802796,,,,,,,
4900465408,8643255340,0,155690987,residential,False,,False,28.694663664905214,,,,,,,
4900465408,1680664320,0,155690987,residential,False,,True,12.839646408491356,,,,,,,
4900465408,4900466280,0,498671315,residential,False,,False,103.65263773271197,,,,,,,
4900465412,1431715407,0,498671680,residential,False,,True,191.66635314687457,Soi Kum Uthit 2,,,,,,
4900465414,4900465234,0,155690978,residential,False,,True,35.20590817507019,,,,,,,
4900465414,1680666887,0,155690978,residential,False,,False,77.63893299754314,,,,,,,
4900465414,1680667068,0,498671553,residential,False,,False,105.12123421599308,,,,,,,
4900465425,1558314093,0,142395239,residential,False,,False,42.806643753508276,,,,,,,
4900465425,1558314095,0,142395239,residential,False,,True,92.47450615717192,,,,,,,
4900465425,1431867155,0,498671695,residential,False,,False,83.32477544128135,,,,,,,
4900465431,4900465714,0,142434850,residential,False,,False,50.83397864344526,Soi Boonvanno,,,,,,
4900465431,1558729775,0,142434850,residential,False,,True,116.98561991587313,Soi Boonvanno,,,,,,
4900465431,13329996399,0,498671558,residential,False,,True,53.99861561933747,,,,,,,
4900465436,2507400915,0,498671561,residential,False,,True,47.0282537038354,,,,,,,
4900465437,2507401457,0,243314199,residential,False,,False,42.6295983035529,,,,,,,
4900465437,2507401485,0,243314199,residential,False,,True,79.69823230222582,,,,,,,
4900465437,4900465438,0,498671562,residential,False,,False,115.96904990388153,Soi 4 Nipatsongkaew 4 Road,,,,,,
4900465438,13418283250,0,96242772,tertiary,False,,False,37.791873693032564,ถนนนิพัทธ์สงเคราะห์ 4,,,,,,
4900465438,4900465486,0,96242772,tertiary,False,,True,34.93197221308212,ถนนนิพัทธ์สงเคราะห์ 4,,,,,,
4900465438,4900465437,0,498671562,residential,False,,True,115.96904990388153,Soi 4 Nipatsongkaew 4 Road,,,,,,
4900465438,4900465439,0,706124445,residential,False,,False,49.77311514110943,Soi 3 Nipatsongkaew 4 Road,,,,,,
4900465439,4900465438,0,706124445,residential,False,,True,49.77311514110943,Soi 3 Nipatsongkaew 4 Road,,,,,,
4900465440,4900465441,0,498671564,residential,False,,False,36.48103740358505,,,,,,,
4900465441,2507400696,0,243314378,residential,False,,False,41.652614985236795,Thanon Rajyindee Soi 5,,,,,,
4900465441,8523449430,0,243314378,residential,False,,True,47.20279148386116,Thanon Rajyindee Soi 5,,,,,,
4900465441,4900465440,0,498671564,residential,False,,True,36.48103740358505,,,,,,,
4900465448,4900465449,0,498671567,residential,False,,False,72.45998072630059,,,,,,,
4900465449,2508580317,0,243455373,residential,False,,False,46.160830039658585,Thanon Phetkasem Soi 13,,,,,,
4900465449,4900465448,0,498671567,residential,False,,True,72.45998072630059,,,,,,,
4900465449,2508580200,0,243455373,residential,False,,True,106.09065690377653,Thanon Phetkasem Soi 13,,,,,,
4900465450,1431867106,0,498671568,residential,False,,True,30.86395291840022,,,,,,,
4900465451,2506087136,0,498671569,residential,False,,False,54.35115099793274,,,,,,,
4900465453,1431867106,0,129842395,residential,False,,False,45.87069453356591,Romyen 2 Road,,,,,,
4900465453,4900465145,0,129842395,residential,False,,True,70.63686274526061,Romyen 2 Road,,,,,,
4900465453,4900465306,0,"[498671513, 498671570]",residential,False,,True,342.2525668430361,,,,,,,
4900465454,4900465455,0,498671571,residential,False,,False,75.47766534964119,Soi Chum Uthit 4,,,,,,
4900465454,2505177499,0,700908620,residential,False,,False,54.86199273652158,,,,,,,
4900465454,1110416604,0,700908620,residential,False,,True,46.22346075257164,,,,,,,
4900465455,4900465454,0,498671571,residential,False,,True,75.47766534964119,Soi Chum Uthit 4,,,,,,
4900465455,985092634,0,243188782,secondary,True,,False,56.355822200948865,ถนนราษฎร์ยินดี,,,,,,
4900465457,1680664436,0,931321078,tertiary,False,,False,55.56505781037398,ถนนพลพิชัย,,,,,,
4900465457,8642774010,0,931321078,tertiary,False,,True,30.201141875088755,ถนนพลพิชัย,,,,,,
4900465457,8643255340,0,"[155690987, 498671572]",residential,False,,"[False, True]",137.28635536710266,Ruangkool Road,,,,,,
4900465469,4900465470,0,498671712,residential,False,,False,37.52794317655998,,,,,,,
4900465470,4900465469,0,498671712,residential,False,,True,37.52794317655998,,,,,,,
4900465470,4900465108,0,706137267,tertiary,False,,False,38.7109887549407,ถนนนิพันธ์สงเคราะห์ 1 ซอย 23,,,,,,
4900465470,2507401887,0,706137267,tertiary,False,,True,187.84913371204755,ถนนนิพันธ์สงเคราะห์ 1 ซอย 23,,,,,,
4900465471,4900465472,0,498671576,residential,False,,False,51.697100247756,,,,,,,
4900465471,1966386254,0,706093509,residential,True,,False,161.12227019334193,Thanon Sangchan,,,,,,
4900465472,2506085628,0,243188064,residential,True,,False,165.15304265278738,Thanon Paradorn,,,,,,
4900465472,4900465471,0,498671576,residential,False,,True,51.697100247756,,,,,,,
4900465472,4900465473,0,498671576,residential,False,,False,48.59366992173557,,,,,,,
4900465473,2506085499,0,243188465,residential,False,,False,52.498564222698015,Thanon Pracharom,,,,,,
4900465473,2506085647,0,243188465,residential,False,,True,178.29127126402028,Thanon Pracharom,,,,,,
4900465473,4900465472,0,498671576,residential,False,,True,48.59366992173557,,,,,,,
4900465474,4900465475,0,498671577,residential,False,,False,72.36480561991391,,,,,,,
4900465475,1407220184,0,127078261,residential,False,,False,119.54910085200193,ถนนเทียนจ่ออุทิศ 3,,,,,,
4900465475,1680662647,0,127078261,residential,False,,True,126.86782952603181,ถนนเทียนจ่ออุทิศ 3,,,,,,
4900465475,4900465474,0,498671577,residential,False,,True,72.36480561991391,,,,,,,
4900465476,1680666318,0,155691194,residential,False,,False,83.57051262885435,Thanon Rajuthit Soi 9,,,,,,
4900465476,1680666212,0,155691194,residential,False,,True,48.91841953278099,Thanon Rajuthit Soi 9,,,,,,
4900465476,4900465477,0,498671578,residential,False,,False,61.92849223257248,,,,,,,
4900465477,4900465476,0,498671578,residential,False,,True,61.92849223257248,,,,,,,
4900465480,2507401465,0,243314393,residential,False,,False,139.50769937649378,Soi Wiuthit,,,,,,
4900465480,2507401030,0,243314393,residential,False,,True,229.46759386563767,Soi Wiuthit,,,,,,
4900465480,4900465483,0,498671580,residential,False,,False,150.48662677664464,,,,,,,
4900465483,4900465480,0,498671580,residential,False,,True,150.48662677664464,,,,,,,
4900465484,6634926820,0,243314066,tertiary,False,,False,15.352848096325422,ถนนนิพัทธ์สงเคราะห์ 3,2,,,,,
4900465484,8523405555,0,243314066,tertiary,False,,True,50.26507705365424,ถนนนิพัทธ์สงเคราะห์ 3,2,,,,,
4900465484,4900465485,0,498671401,residential,False,,False,160.55335446864137,Nipatsongkror 3 Soi 3 Rd,,,,,,
4900465485,4900465484,0,498671401,residential,False,,True,160.55335446864137,Nipatsongkror 3 Soi 3 Rd,,,,,,
4900465485,2507401108,0,706133434,tertiary,False,,True,46.232466113063424,ถนนนิพัทธ์สงเคราะห์ 2,2,,,,,
4900465485,2507400996,0,706133434,tertiary,False,,False,98.31508166848045,ถนนนิพัทธ์สงเคราะห์ 2,2,,,,,
4900465486,4900465438,0,96242772,tertiary,False,,False,34.93197221308212,ถนนนิพัทธ์สงเคราะห์ 4,,,,,,
4900465486,4900465643,0,96242772,tertiary,False,,True,9.001381285799138,ถนนนิพัทธ์สงเคราะห์ 4,,,,,,
4900465486,4900465487,0,498671407,residential,False,,False,68.30875328262962,Soi 3/1 Nipatsongkaew 4 Road,,,,,,
4900465487,4900465486,0,498671407,residential,False,,True,68.30875328262962,Soi 3/1 Nipatsongkaew 4 Road,,,,,,
4900465493,4900465494,0,498671581,residential,False,,False,107.79059278753492,,,,,,,
4900465493,2507400785,0,700908624,residential,False,,False,10.751756520216988,,,,,,,
4900465493,2507400768,0,700908624,residential,False,,True,78.34618345500874,,,,,,,
4900465494,2507400787,0,243314472,residential,False,,False,22.787433000070813,ถนนกาญจนวณิชย์ ซอย 17/1,2,,,,,
4900465494,2507400801,0,243314472,residential,False,,True,25.01638120739035,ถนนกาญจนวณิชย์ ซอย 17/1,2,,,,,
4900465494,4900465493,0,498671581,residential,False,,True,107.79059278753492,,,,,,,
4900465500,4900465501,0,498671404,residential,False,,False,58.79217156875243,,,,,,,
4900465501,4900465500,0,498671404,residential,False,,True,58.79217156875243,,,,,,,
4900465501,4900465387,0,706136674,tertiary,False,,False,49.425873588052525,ถนนนิพัทธ์สงเคราะห์ 4,,,,,,
4900465501,8935262480,0,706136674,tertiary,False,,True,39.58687420510127,ถนนนิพัทธ์สงเคราะห์ 4,,,,,,
4900465504,4900466243,0,498671703,residential,False,,True,80.04326678324065,,,,,,,
4900465504,1858126165,0,706093503,residential,True,,False,39.11521065596477,,,,,,,
4900465508,1680665529,0,498671584,residential,False,,True,33.00854610878025,,,,,,,
4900465510,2505177583,0,66984619,secondary,True,,False,23.27655426057959,ถนนเพชรเกษม,,,,,,
4900465510,4900465511,0,498671585,residential,False,,False,86.4801693273501,Thanon Phetkasem Soi 1,,,,,,
4900465511,4900465510,0,498671585,residential,False,,True,86.4801693273501,Thanon Phetkasem Soi 1,,,,,,
4900465513,2506085849,0,684714761,residential,True,,False,35.25036600631963,Thanon Duangchan,,,,,,
4900465514,4900465515,0,498671587,residential,False,,False,35.85922116388114,,,,,,,
4900465515,4900465115,0,155691164,residential,False,,True,44.19493203168268,,,,,,,
4900465515,4900465516,0,498671587,residential,False,,False,33.154539787090634,,,,,,,
4900465515,4900465514,0,498671587,residential,False,,True,35.85922116388114,,,,,,,
4900465515,1108909394,0,155691164,residential,False,,False,179.18420931470644,,,,,,,
4900465516,4900465515,0,498671587,residential,False,,True,33.154539787090634,,,,,,,
4900465517,2506088491,0,498671589,residential,False,,False,115.85239445504477,Thanon Sangsri Soi 3,,,,,,
4900465517,947896956,0,706104217,residential,False,,False,65.1602530701825,ถนนเเสงศรี,,,,,,
4900465517,1110416470,0,706104217,residential,False,,True,29.84395895636934,ถนนเเสงศรี,,,,,,
4900465518,6634926818,0,706133432,residential,False,,True,107.91992289768798,,,,,,,
4900465518,4900466302,0,970291417,secondary,False,,False,27.374768099726744,ถนนนิพันธ์สงเคราะห์,,,,,,
4900465518,2507400869,0,970291417,secondary,False,,True,76.52634650761117,ถนนนิพันธ์สงเคราะห์,,,,,,
4900465621,4900466303,0,498671335,residential,False,,True,89.34081779866065,Soi Rinthorn 1,,,,,,
4900465626,13457023621,0,498671592,residential,False,,True,30.35827404127585,,,,,,,
4900465629,2507401812,0,243314170,residential,False,,False,42.660724015133376,Soi 14 Nipasogkaew 1 Road,,,,,,
4900465629,2507401797,0,498671595,residential,False,,True,43.76494937957154,,,,,,,
4900465629,8524034232,0,917753633,residential,False,,False,39.26372445046978,,,,,,,
4900465629,2507401810,0,243314170,residential,False,,True,130.21926655887688,Soi 14 Nipasogkaew 1 Road,,,,,,
4900465630,8524034232,0,917753633,residential,False,,True,12.015372841462018,,,,,,,
4900465633,13453745006,0,917731404,residential,False,,False,45.50337610918796,Thanon Phetkasem Soi 5/1,,,,,,
4900465635,2507401836,0,498671597,residential,False,,False,114.6737644986783,,,,,,,
4900465636,4900465637,0,498671598,residential,False,,False,112.88132476915197,,,,,,,
4900465637,4900465636,0,498671598,residential,False,,True,112.88132476915197,,,,,,,
4900465637,1680665363,0,931321078,tertiary,False,,False,34.63920827278433,ถนนพลพิชัย,,,,,,
4900465637,1680665542,0,931321078,tertiary,False,,True,61.91174476026525,ถนนพลพิชัย,,,,,,
4900465639,4900465640,0,498671402,residential,False,,False,153.89426834454716,Thanon Nipatsongkaew 3 Soi 1,,,,,,
4900465639,1160617577,0,706133434,tertiary,False,,False,135.85203274849513,ถนนนิพัทธ์สงเคราะห์ 2,2,,,,,
4900465639,2507400996,0,706133434,tertiary,False,,True,46.822615624370826,ถนนนิพัทธ์สงเคราะห์ 2,2,,,,,
4900465640,2507401024,0,243314066,tertiary,False,,False,49.34367211809635,ถนนนิพัทธ์สงเคราะห์ 3,2,,,,,
4900465640,2507400880,0,243314066,tertiary,False,,True,136.16978489650262,ถนนนิพัทธ์สงเคราะห์ 3,2,,,,,
4900465640,4900465639,0,498671402,residential,False,,True,153.89426834454716,Thanon Nipatsongkaew 3 Soi 1,,,,,,
4900465641,1558314095,0,498671600,residential,False,,True,74.63862179843576,,,,,,,
4900465643,4900465486,0,96242772,tertiary,False,,False,9.001381285799138,ถนนนิพัทธ์สงเคราะห์ 4,,,,,,
4900465643,2507401496,0,96242772,tertiary,False,,True,36.515319800941874,ถนนนิพัทธ์สงเคราะห์ 4,,,,,,
4900465643,4900465644,0,498671409,residential,False,,False,74.14113702150505,,,,,,,
4900465644,4900465643,0,498671409,residential,False,,True,74.14113702150505,,,,,,,
4900465646,4900465647,0,498671605,residential,False,,False,77.54943540281644,Soi Kaewpan Uthit,,,,,,
4900465646,8642704670,0,932320233,residential,False,,False,24.588020842562617,,,,,,,
4900465646,8642704671,0,932320233,residential,False,,True,67.18827237086622,,,,,,,
4900465647,4900465646,0,498671605,residential,False,,True,77.54943540281644,Soi Kaewpan Uthit,,,,,,
4900465647,1680663378,0,706256384,residential,False,,False,29.402722542631132,Thanon Thungsao 2,,,,,,
4900465647,8635026201,0,706256384,residential,False,,True,43.8395088223174,Thanon Thungsao 2,,,,,,
4900465654,4900465655,0,567579698,residential,False,,False,65.2948211790113,,,,,,,
4900465654,1680665842,0,155691001,residential,False,,False,94.49208335708309,Thanon Rajuthit Soi 3,,,,,,
4900465654,4900465696,0,"[498671632, 155691001]",residential,False,,"[False, True]",137.09588434649746,Thanon Rajuthit Soi 3,,,,,,
4900465655,4900465654,0,567579698,residential,False,,True,65.2948211790113,,,,,,,
4900465655,4900465657,0,498671613,residential,False,,False,67.09721289499791,,,,,,,
4900465655,8934591543,0,"[567579698, 155690998]",residential,False,,False,36.695791036521925,Soi 1 Polpichai,,,,,,
4900465657,4900465655,0,498671613,residential,False,,True,67.09721289499791,,,,,,,
4900465666,4900465396,0,243314231,residential,False,,False,37.590056915724205,Thanon Nipatsongkaew 4/1,,,,,,
4900465666,2507401462,0,243314231,residential,False,,True,46.03543918942307,Thanon Nipatsongkaew 4/1,,,,,,
4900465666,4900465667,0,498671617,residential,False,,False,41.14508015876048,,,,,,,
4900465667,4900465666,0,498671617,residential,False,,True,41.14508015876048,,,,,,,
4900465672,2506088316,0,243188023,residential,False,,True,34.46672973956882,Thanon Chokesaman 5 Soi 5,,,,,,
4900465672,4900465673,0,498671619,residential,False,,False,40.92280448269512,,,,,,,
4900465672,2506088001,0,243188023,residential,False,,False,455.8975341798387,Thanon Chokesaman 5 Soi 5,,,,,,
4900465673,4900465672,0,498671619,residential,False,,True,40.92280448269512,,,,,,,
4900465678,1680662578,0,"[155690908, 498671621]",residential,False,,False,102.36823709911903,Thanon Phonphichai Soi 12,,,,,,
4900465684,8642638895,0,"[155690992, 498671622]",residential,False,,True,111.42475961510493,,,,,,,
4900465690,8634015001,0,"[498671627, 155690637]",residential,False,,"[False, True]",99.1999240199127,,,,,,,
4900465693,2507401129,0,"[498671629, 243314167]",residential,False,,"[False, True]",98.50840084095577,,,,,,,
4900465694,1680664593,0,"[155691164, 498671630]",residential,False,,"[False, True]",140.42925864009334,,,,,,,
4900465695,1680662818,0,"[155691129, 498671631]",residential,False,,"[False, True]",169.22807652518034,Thanon Thungsao 2 Soi 2,,,,,,
4900465696,4900465654,0,"[498671632, 155691001]",residential,False,,"[False, True]",137.09588434649746,Thanon Rajuthit Soi 3,,,,,,
4900465707,13279030938,0,185951074,tertiary,False,,True,82.45334370668066,ถนนประชาธิปัตย์,,,,,,
4900465707,1123399600,0,185951074,tertiary,False,,False,140.14861118990274,ถนนประชาธิปัตย์,,,,,,
4900465709,1680665904,0,"[498671640, 155690354]",residential,False,,"[False, True]",98.73879758541426,,,,,,,
4900465712,13330005102,0,1453528052,residential,False,,False,57.22827398927432,,,,,,,
4900465712,4900465714,0,498671642,residential,False,,False,84.21821409394815,,,,,,,
4900465712,8359542888,0,"[155690888, 498671642]",residential,False,,True,58.73513904335866,,,,,,,
4900465714,1558729912,0,142434850,residential,False,,False,170.21629072771643,Soi Boonvanno,,,,,,
4900465714,4900465431,0,142434850,residential,False,,True,50.83397864344526,Soi Boonvanno,,,,,,
4900465714,4900465712,0,498671642,residential,False,,True,84.21821409394815,,,,,,,
4900465715,3309949761,0,498671527,tertiary,False,,True,49.79911592279418,,,,,,,
4900465715,2506092168,0,"[243188575, 498671527]","['tertiary', 'residential']",False,,False,470.4213498640303,,,,,,,
4900465715,2506092173,0,"[498671643, 243188118]",residential,False,,"[False, True]",434.26645072393654,,,,,,,
4900465716,2507401809,0,"[243314453, 498671645]",residential,False,,"[False, True]",159.3320595266195,,,,,,,
4900465717,2507401319,0,"[243314241, 498671646]",residential,False,,"[False, True]",192.11877266314394,,,,,,,
4900465717,2507401319,1,700900651,residential,False,,False,100.13655849176746,Thanon Phetkasem Soi 5,,,,,,
4900465717,2507401022,0,700900651,residential,False,,True,47.49927525835213,Thanon Phetkasem Soi 5,,,,,,
4900465922,1115561051,0,84842973,secondary,False,,False,35.965566300914276,ถนนนิพันธ์สงเคราะห์,,,,,,
4900465922,4900465206,0,84842973,secondary,False,,True,38.63271648462901,ถนนนิพันธ์สงเคราะห์,,,,,,
4900465922,2507401497,0,"[243314370, 498671651]",residential,False,,"[False, True]",62.610005796256516,,,,,,,
4900465949,1680666827,0,155691084,residential,False,,False,94.08040369099179,,,,,,,
4900465949,1431867108,0,705855017,residential,True,,False,100.67182320406368,,,,,,,
4900465949,1680666775,0,"[155691084, 932339005, 932339006]",residential,False,,True,17.623516640678332,,,,yes,,,
4900465967,12298825838,0,1329306837,secondary,False,,False,12.537028442424706,,,,,,,
4900465967,809537476,0,232338907,secondary,True,,False,211.846429112662,ถนนศรีภูวนารถ,,,,,,
4900465974,4900465398,0,498671550,residential,False,,False,84.16998962627045,Thanon Chokesaman 5 Soi 13/1,,,,,,
4900465977,1177550822,0,102007058,primary_link,True,,False,80.73168809385169,,,,,,,
4900465977,8932196702,0,706280754,residential,False,,True,85.23589064744084,Soi Thromchaiphayyhana,,,,,,
4900465989,6634630596,0,243188174,residential,False,,True,54.107160101622306,Tiparat Road,,,,,,
4900465989,2506087987,0,"[706095306, 243188174]",residential,False,,"[False, True]",108.27820274733827,Tiparat Road,,,,,,
4900465989,2506087522,0,498671673,residential,False,,False,55.80758073049817,,,,,,,
4900465999,2506085631,0,498671616,residential,False,,False,171.01203325539245,Thanon Prachathipat Soi 3,,,,,,
4900465999,1123399600,0,498671615,residential,False,,False,78.61899061012689,,,,,,,
4900465999,2506085555,0,"[243188741, 498671678]",residential,False,,True,222.38485428652774,,,,,,,
4900466002,4900465219,0,498671679,residential,False,,True,103.51856535892865,,,,,,,
4900466011,2507402056,0,498671410,residential,False,,False,144.69694429053635,,,,,,,
4900466012,8634028447,0,48598023,tertiary,True,,False,212.27068151414923,ถนนราษฏร์อุทิศ,,,,,,
4900466012,2506087677,0,"[243188747, 498671683]",residential,False,,"[False, True]",189.04030369111592,Thanon Salee Soi 2,,,,,,
4900466014,1680666377,0,155691085,residential,False,,False,40.35551233825199,,,,,,,
4900466014,1680666178,0,155691085,residential,False,,True,58.647259996094725,,,,,,,
4900466014,4900465342,0,498671684,residential,False,,False,86.7405836940347,,,,,,,
4900466019,2507401023,0,498671689,residential,False,,False,76.0478668355002,,,,,,,
4900466223,1203972111,0,95542483,tertiary,False,,False,13.89454758743246,ถนนคลองเรียน 2,,,,,,
4900466223,1107926432,0,95542483,tertiary,False,,True,49.717704952062434,ถนนคลองเรียน 2,,,,,,
4900466223,4900465030,0,498671693,residential,False,,True,155.19723937616763,Thanon Klongren 2 Soi 5,,,,,,
4900466226,1559016835,0,142455596,residential,False,,False,6.3949525966448615,,,,,,,
4900466226,1559016831,0,142455596,residential,False,,True,47.4437544329015,,,,,,,
4900466227,8635026201,0,706256384,residential,False,,False,34.053724851726535,Thanon Thungsao 2,,,,,,
4900466227,4900465186,0,498671473,residential,False,,False,74.99001188066269,,,,,,,
4900466227,1680662867,0,706256384,residential,False,,True,66.10569342337894,Thanon Thungsao 2,,,,,,
4900466234,1196924331,0,66984623,unclassified,False,,False,62.57926947398411,Soi Thaveerat,,,,,,
4900466234,5474395583,0,66984623,unclassified,False,,True,98.23629043178141,Soi Thaveerat,,,,,,
4900466234,5474395583,1,"[569148513, 498671653]",residential,False,,False,178.24524782327435,,,,,,,
4900466240,4900465296,0,"[498671698, 498671699]",residential,False,,False,147.27226971865792,,,,,,,
4900466243,620881530,0,48923851,residential,True,,False,41.990185195155334,ถนนรัถการ,,,,,,
4900466243,4900465504,0,498671703,residential,False,,False,80.04326678324065,,,,,,,
4900466244,1680667422,0,155690978,residential,False,,False,57.33717415896974,,,,,,,
4900466244,4900465197,0,498671704,residential,False,,True,74.8387869781118,,,,,,,
4900466244,4501548849,0,155690978,residential,False,,True,165.81023893605857,,,,,,,
4900466247,4900465318,0,498671707,residential,False,,False,126.1380078336681,,,,,,,
4900466251,4900490240,0,498671711,residential,False,,False,32.731886126748655,,,,,,,
4900466251,5460392236,0,498671711,residential,False,,True,27.44886237683095,,,,,,,
4900466251,2506089065,0,"[243188609, 498671710]",residential,False,,"[False, True]",135.89226341707888,,,,,,,
4900466254,2507401424,0,66984619,secondary,True,,False,57.56146792469067,ถนนเพชรเกษม,,,,,,
4900466254,8642189085,0,932263501,residential,False,,True,49.887758265109646,,,,,,,
4900466255,4900466256,0,498671529,residential,False,,False,24.441684497025143,,,,,,,
4900466256,2506090533,0,243314278,residential,False,,True,38.89959147470802,Soi Hatyaieha,,,,,,
4900466256,4900466255,0,498671529,residential,False,,True,24.441684497025143,,,,,,,
4900466256,2507400879,0,243314278,residential,False,,False,126.0387616835438,Soi Hatyaieha,,,,,,
4900466268,796747481,0,243188790,secondary,True,,False,180.67855647431008,ถนนเพชรเกษม,,,,,,
4900466268,2508580731,0,498671302,residential,False,,False,103.89432824016313,,,,,,,
4900466270,4900465111,0,498671306,residential,False,,False,40.830924192397944,,,,,,,
4900466276,4900465352,0,498671314,residential,False,,True,52.02377544309353,,,,,,,
4900466280,4900465408,0,498671315,residential,False,,True,103.65263773271197,,,,,,,
4900466295,4900466297,0,"[77967084, 931348309]",secondary,True,,False,97.19241486781641,ถนนเพชรเกษม,,,,,,
4900466295,4900465182,0,498671329,residential,True,,False,148.96130390071252,ถนนพูลสุวรรณ,,,,,,
4900466297,916327921,0,931348308,secondary,True,,False,33.70523864062007,ถนนเพชรเกษม,,,,,,
4900466299,4900465319,0,498671332,residential,False,,False,79.67272448349391,Soi 1/2 Niphatsongkraw 1,,,,,,
4900466299,4900466304,0,498671334,residential,False,,False,40.59813690602653,Thanon Nipatsongkaew 1 Soi 1,,,,,,
4900466299,4900466300,0,498671334,residential,False,,True,37.8377799559855,Thanon Nipatsongkaew 1 Soi 1,,,,,,
4900466300,4900466299,0,498671334,residential,False,,False,37.8377799559855,Thanon Nipatsongkaew 1 Soi 1,,,,,,
4900466300,4900466302,0,498671334,residential,False,,True,144.28252827075815,Thanon Nipatsongkaew 1 Soi 1,,,,,,
4900466300,4900465170,0,571800092,residential,False,,True,69.42915008709085,Soi 1/1 Niphatsongkraw 1,,,,,,
4900466302,4900465055,0,970291417,secondary,False,,False,34.236840106261795,ถนนนิพันธ์สงเคราะห์,,,,,,
4900466302,4900465518,0,970291417,secondary,False,,True,27.374768099726744,ถนนนิพันธ์สงเคราะห์,,,,,,
4900466302,4900466300,0,498671334,residential,False,,False,144.28252827075818,Thanon Nipatsongkaew 1 Soi 1,,,,,,
4900466303,4900466305,0,498671334,residential,False,,False,49.92259471768468,Thanon Nipatsongkaew 1 Soi 1,,,,,,
4900466303,4900466304,0,498671334,residential,False,,True,46.91413534678456,Thanon Nipatsongkaew 1 Soi 1,,,,,,
4900466303,4900465621,0,498671335,residential,False,,False,89.34081779866065,Soi Rinthorn 1,,,,,,
4900466304,4900466303,0,498671334,residential,False,,False,46.91413534678456,Thanon Nipatsongkaew 1 Soi 1,,,,,,
4900466304,4900466299,0,498671334,residential,False,,True,40.59813690602653,Thanon Nipatsongkaew 1 Soi 1,,,,,,
4900466304,4900465376,0,498671336,residential,False,,False,86.87575705217091,Soi 1/3 Niphatsongkraw 1,,,,,,
4900466305,4900465171,0,498671334,residential,False,,False,40.21237756064516,Thanon Nipatsongkaew 1 Soi 1,,,,,,
4900466305,4900466303,0,498671334,residential,False,,True,49.92259471768468,Thanon Nipatsongkaew 1 Soi 1,,,,,,
4900466305,4900465334,0,498671337,residential,False,,True,88.5304801177589,Soi Rinthorn 2,,,,,,
4900466310,4900465159,0,498671342,residential,False,,True,94.38109623191035,,,,,,,
4900466313,2508582644,0,243455329,residential,False,,False,79.52152754730666,Thanon Karjanavanit Soi 10,,,,,,
4900466313,2508582663,0,243455329,residential,False,,True,6.091915490522424,Thanon Karjanavanit Soi 10,,,,,,
4900466313,4900465187,0,498671344,residential,False,,True,40.48777670982278,,,,,,,
4900466446,4900465399,0,498671385,residential,False,,False,34.14738558391797,,,,,,,
4900466448,856214538,0,498671388,residential,False,,False,81.775599534281,Thanon Prachathipat 2,,,,,,
4900466448,2506086831,0,498671388,residential,False,,True,93.43798597669053,Thanon Prachathipat 2,,,,,,
4900466448,4900464580,0,96941857,residential,False,,False,83.60338533840319,,,,,,,
4900466448,1123399595,0,96941857,residential,False,,True,95.57073122866916,,,,,,,
4900490240,4900466251,0,498671711,residential,False,,True,32.731886126748655,,,,,,,
4900490240,2506088793,0,243188720,residential,False,,False,137.06586329761947,Thanon Rattana Uthit Soi 2,,,,,,
4900490240,4893013045,0,243188720,residential,False,,True,90.26783196975268,Thanon Rattana Uthit Soi 2,,,,,,
4900490240,8642883747,0,932341363,residential,False,,True,66.65754699606029,,,,,,,
4902418325,1680660870,0,155691160,residential,False,,False,45.17848463158608,Thanon Rimmueng,,,,,,
4902418325,1680660905,0,155691160,residential,False,,True,54.68320661165807,Thanon Rimmueng,,,,,,
4902418325,4902418531,0,498901598,residential,False,,True,37.94535438939843,,,,,,,
4902418332,4902418362,0,155691160,residential,False,,False,40.07522867488881,Thanon Rimmueng,,,,,,
4902418332,8642546242,0,155691160,residential,False,,True,40.43965914139345,Thanon Rimmueng,,,,,,
4902418332,4902418333,0,498901600,residential,False,,False,79.21672067906933,,,,,,,
4902418333,1680660943,0,155690831,residential,False,,False,41.130755654826864,,,,,,,
4902418333,4902418363,0,155690831,residential,False,,True,40.928325055903564,,,,,,,
4902418333,4902418332,0,498901600,residential,False,,True,79.21672067906933,,,,,,,
4902418362,1680660762,0,155691160,residential,False,,False,37.59372891172914,Thanon Rimmueng,,,,,,
4902418362,4902418332,0,155691160,residential,False,,True,40.07522867488881,Thanon Rimmueng,,,,,,
4902418362,4902418363,0,498901606,residential,False,,False,86.04055915349032,,,,,,,
4902418363,4902418333,0,155690831,residential,False,,False,40.928325055903564,,,,,,,
4902418363,4902418362,0,498901606,residential,False,,True,86.04055915349032,,,,,,,
4902418363,4902418532,0,"[498901631, 155690831]",residential,False,,True,264.43930507020593,,,,,,,
4902418423,1680661314,0,498901619,residential,False,,False,88.02370018597345,Soi Suthep Charoen,,,,,,
4902418531,4902418325,0,498901598,residential,False,,False,37.94535438939843,,,,,,,
4902418532,4902418363,0,"[155690831, 498901631]",residential,False,,False,264.43930507020593,,,,,,,
4903690229,13475389177,0,1469352190,unclassified,True,,False,40.25625824793824,,,,,,,
4919945019,2506085694,0,155690978,residential,False,,False,187.31160428009562,,,,,,,
4919945019,1680667941,0,"[155690978, 155691018]",residential,False,,True,170.00509178103212,,,,,,,
4919945019,2506085990,0,"[243188730, 501094739]",residential,False,,False,133.14023012726472,,,,yes,,,
4919946734,4919946741,0,501094737,residential,False,,False,135.54930430959155,,,,,,,
4919946741,4919946734,0,501094737,residential,False,,True,135.54930430959155,,,,,,,
4919946741,1680668123,0,931256575,secondary,True,,False,101.56202170822809,ถนนเพชรเกษม,,,,,,
5149825984,2506087136,0,72016745,tertiary,False,,True,28.096575885386518,ถนนศุภสารรังสรรค์,,,,,,
5149825984,1123399639,0,706104218,tertiary,False,,False,26.4599812817936,ถนนศุภสารรังสรรค์,,,yes,,,
5149825984,1123399600,0,96941849,residential,False,,True,360.3266886385118,Suphasanrangsan Road Soi 9,,,,,,
5149825984,4488366488,0,452036923,residential,False,,False,35.68350999489017,Soi 5 Suphasarnrangsan Road,,,,,,
5460390601,4890612266,0,900370295,residential,False,,False,17.643672369945563,,,,,,,
5460390601,8364262884,0,900370296,residential,False,,False,64.52322217327162,,,,,,,
5460390601,4465620017,0,900370295,residential,False,,True,48.814920620682514,,,,,,,
5460390606,4890612755,0,567178120,residential,False,,True,97.85854316693582,,,,,,,
5460390609,2504518235,0,154729264,residential,False,,False,160.3215932247635,,,,,,,
5460390609,1672230444,0,154729264,residential,False,,True,109.24339734835722,,,,,,,
5460390609,5460390610,0,567178121,residential,False,,True,44.18829082872203,,,,,,,
5460390610,4890612239,0,497502958,residential,False,,False,145.91931357155514,,,,,,,
5460390610,8634848260,0,497502958,residential,False,,True,88.31019842397463,,,,,,,
5460390610,5460390609,0,567178121,residential,False,,False,44.18829082872203,,,,,,,
5460390610,5460390611,0,567178121,residential,False,,True,47.60366807992736,,,,,,,
5460390611,1672230040,0,154729324,tertiary,False,,False,123.7691378737124,,,,,,,
5460390611,8634848261,0,154729324,tertiary,False,,True,91.2581597419455,,,,,,,
5460390611,5460390610,0,567178121,residential,False,,False,47.60366807992736,,,,,,,
5460392224,4890612482,0,497502812,residential,False,,True,200.38762445339552,,,,,,,
5460392235,2506088737,0,48598023,tertiary,True,,False,23.728796936843647,ถนนราษฏร์อุทิศ,,,,,,
5460392235,8634759752,0,567178130,residential,False,,False,65.84233161703489,,,,,,,
5460392236,4890612636,0,243188645,residential,False,,True,29.399135180697527,,,,,,,
5460392236,4900466251,0,498671711,residential,False,,False,27.44886237683095,,,,,,,
5460392236,2506089004,0,"[716599756, 243188645]",residential,False,,False,254.4962735347324,,,,,,,
5474394777,4890612260,0,"[497502940, 497502941]",residential,False,,"[False, True]",90.23659091450642,,,,,,,
5474395582,4900465296,0,498671698,residential,False,,True,52.07951657363629,,,,,,,
5474395582,1196924331,0,959974132,primary,True,,False,60.36357061196106,ถนนกาญจนวณิชย์,,,,,,
5474395583,4900466234,0,66984623,unclassified,False,,False,98.23629043178141,Soi Thaveerat,,,,,,
5474395583,4900466234,1,"[569148513, 498671653]",residential,False,,True,178.24524782327438,,,,,,,
5474395587,4900465088,0,569148515,residential,False,,True,87.02091253007166,,,,,,,
5474395588,4900465088,0,569148515,residential,False,,False,16.945080406486447,,,,,,,
5474395589,4900465354,0,498671533,residential,False,,True,55.174443243992314,,,,,,,
5474395590,4900465153,0,569148516,residential,False,,True,26.20697297395907,,,,,,,
5474395591,947896976,0,323960908,secondary,True,,False,64.42237125148019,ถนนศรีภูวนารถ,,,,,,
5474395591,4900465128,0,569148518,residential,False,,False,38.40772037417114,Thanon Sripunwanart Soi 2,,,,,,
5474395595,1431715384,0,"[569148520, 129827553]",residential,False,,False,35.88945363901733,Thanon Nipatpukdee Soi 2,,,,,,
5474395596,1431715430,0,"[498671633, 129827548]",residential,False,,True,36.49418837786997,Thanon Nipatpukdee Soi 3,,,,,,
6415501710,3307259471,0,323958660,secondary,True,,False,157.28411344690628,ถนนศรีภูวนารถ,,,,,,
6420376579,6422927097,0,970037611,primary,True,407,False,18.612059565924614,ถนนกาญจนวณิชย์,3,,,,,
6422302582,1160612981,0,95637134,secondary_link,False,,False,18.162748333853145,,,,,,,
6422302582,1173916582,0,"[1324940248, 232338907]",secondary,True,,False,299.7425427587266,ถนนศรีภูวนารถ,,,,,,
6422927097,6422927098,0,685396453,primary_link,True,,False,15.345904551235193,ถนนปุณณกัณฑ์,2,,,,,
6422927097,1203972125,0,970037610,primary,True,,False,220.66567803813425,ถนนกาญจนวณิชย์,3,30,,,,
6422927098,796719909,0,970037609,primary,True,407,False,18.65484755118379,ถนนกาญจนวณิชย์,3,,,,,
6422927098,8932544699,0,"[685396451, 965573478]",tertiary,True,,False,121.81243255201765,ถนนปุณณกัณฑ์,2,,,,,
6487100755,1173916508,0,101677220,residential,False,,False,176.18588443829037,Thanon Chotevittayakul 1,,,,,,
6487100755,1123399678,0,101677220,residential,False,,True,186.8936547658891,Thanon Chotevittayakul 1,,,,,,
6487100755,1196924287,0,103667284,residential,True,,False,64.21852629725332,,,,,,,
6630248218,986090146,0,947689789,primary,True,,False,73.02193842354038,ถนนกาญจนวณิชย์,3,,,,,
6630248218,6636202692,0,706259497,residential,False,,True,172.09587101301761,,,,,,,
6634515717,1407218844,0,706088855,residential,False,,False,81.98892005843899,Soi 18/2 Karnjanav Anit Road,,,,,,
6634515718,6634515719,0,706088854,residential,False,,False,81.90118187418128,Pim Srithong,,,,,,
6634515719,8523321638,0,95542483,tertiary,False,,False,51.18212170353139,ถนนคลองเรียน 2,,,,,,
6634515719,1431867140,0,95542483,tertiary,False,,True,19.577906572076216,ถนนคลองเรียน 2,,,,,,
6634515719,6634515718,0,706088854,residential,False,,True,81.90118187418128,Pim Srithong,,,,,,
6634523512,1407217821,0,85647285,primary,True,407,False,85.89518073162085,ถนนกาญจนวณิชย์,3,,,,,
6634523512,11626141928,0,"[1250700785, 706087702]",residential,False,,False,106.67713149642269,,,,,,,
6634523513,1407219934,0,498671301,residential,False,,False,28.453193526282483,,,,,,,
6634630594,6634630596,0,706095308,residential,False,,False,55.92665037213872,,,,,,,
6634630594,985092700,0,706104217,residential,False,,False,31.182298238022174,ถนนเเสงศรี,,,,,,
6634630594,2506087987,0,706104217,residential,False,,True,72.9024551217819,ถนนเเสงศรี,,,,,,
6634630595,6634630597,0,706095307,residential,False,,False,42.89142098068263,Soi Prasnaha 1,,,,,,
6634630596,4900465989,0,243188174,residential,False,,False,54.107160101622306,Tiparat Road,,,,,,
6634630596,2506087709,0,243188174,residential,False,,True,32.07748774627526,Tiparat Road,,,,,,
6634630596,8523307708,0,706095308,residential,False,,False,57.61811921424662,,,,,,,
6634630596,6634630594,0,706095308,residential,False,,True,55.92665037213872,,,,,,,
6634630597,6634630595,0,706095307,residential,False,,True,42.89142098068263,Soi Prasnaha 1,,,,,,
6634630597,620881566,0,1315837498,tertiary,True,,False,86.00655180264947,ถนนนิพัทธ์อุทิศ 1,3,,,,,
6634648309,1120012989,0,243188765,unclassified,False,,False,11.687587304086247,Thanon Samchai,,,,,,
6634648309,1120012976,0,243188765,unclassified,False,,True,37.72236842370576,Thanon Samchai,,,,,,
6634648309,2507400855,0,"[706102156, 243314319]",residential,False,,False,144.3089697735199,Soi Fongsomchaiuthit,,,,,,
6634655045,2506088518,0,243188565,residential,False,,False,41.711496680981575,Thanon Supasarnrangsan Soi 4/3,2,,,,,
6634655051,2506087563,0,1316153439,residential,False,,True,8.807933806180781,,,,,,,
6634656806,2506088492,0,243188552,residential,False,,False,20.287428478406476,Kullawat,,,,,,
6634656806,2506088404,0,706100779,residential,False,,False,38.92760857113819,,,,,,,
6634656806,1123399516,0,243188552,residential,False,,True,95.75114590355005,Kullawat,,,,,,
6634718715,2508581508,0,128632939,residential,False,,False,62.324074864706475,Thanon Phetkasem Soi 10,,,,,,
6634718715,8348748939,0,128632939,residential,False,,True,130.6705273954914,Thanon Phetkasem Soi 10,,,,,,
6634718715,6634718717,0,"[706105954, 706107211]",residential,False,,False,149.91747403054205,"['Soi Jantashat 1', 'Soi Jantashat 2']",,,,,,
6634718717,2505177641,0,243079628,tertiary,False,,False,181.94755915109235,ถนนเพชรเกษม ซอย 8/2,,,,,,
6634718717,2505177678,0,243079628,tertiary,False,,True,84.69177935645708,ถนนเพชรเกษม ซอย 8/2,,,,,,
6634718717,6634718715,0,"[706105954, 706107211]",residential,False,,True,149.91747403054205,"['Soi Jantashat 1', 'Soi Jantashat 2']",,,,,,
6634755646,6634755647,0,706110280,residential,False,,True,82.54871464089398,Thanon Karjanavanit Soi 10/1,,,,,,
6634755646,2508582773,0,970029499,primary,True,,False,54.5852012307702,ถนนกาญจนวณิชย์,3,,,,,
6634755647,6634755646,0,706110280,residential,False,,False,82.54871464089398,Thanon Karjanavanit Soi 10/1,,,,,,
6634819000,6634819001,0,706114949,residential,False,,True,45.2699150370291,Soi Tummachoht,,,,,,
6634819000,2508581234,0,98264712,residential,False,,True,81.03033028747812,ถนนกาญจนวนิช ซอย 13,,,,,,
6634819001,6634819000,0,706114949,residential,False,,False,45.2699150370291,Soi Tummachoht,,,,,,
6634869945,2506102795,0,243188050,tertiary,False,,False,25.524380045209575,,,,,,,
6634869945,2507402046,0,243188050,tertiary,False,,True,48.70752478502236,,,,,,,
6634869945,13348575108,0,706122753,residential,False,,True,180.40005714556872,Soi Kloyutid,,,,,,
6634880456,2507401536,0,243314212,residential,False,,False,43.75589201393995,,,,,,,
6634880457,2507401541,0,243314070,residential,False,,False,33.62739953405284,,,,,,,
6634880458,2507401567,0,706122304,residential,False,,False,30.280112667831933,,,,,,,
6634925539,2507401494,0,84842972,tertiary,False,,False,18.880728425502532,ถนนรัถการ,2,,,,,
6634925539,2506096208,0,84842972,tertiary,False,,True,26.1254388467257,ถนนรัถการ,2,,,,,
6634925540,2506096310,0,970017506,tertiary,False,,True,7.849720031001762,Thanon Sajjakul,,,,,,
6634925540,6634925539,0,706127599,residential,True,,False,229.07972040944748,ถนนสัจจกุล,,,,,,
6634925540,2506096016,0,"[970017505, 243188621]",tertiary,False,,False,854.0094418393239,ถนนสัจจกุล,,,yes,,,
6634926818,4900465518,0,706133432,residential,False,,False,107.91992289768798,,,,,,,
6634926819,6634926821,0,706133435,residential,False,,True,68.81826389336612,Soi 2/3 Rattakarn Road,,,,,,
6634926819,8523363326,0,952598318,tertiary,False,,False,122.31695357695702,ถนนรัถการ,2,,,,,
6634926819,8349020076,0,952598318,tertiary,False,,True,53.147461429301174,ถนนรัถการ,2,,,,,
6634926820,2507401342,0,243314066,tertiary,False,,False,28.852543724998277,ถนนนิพัทธ์สงเคราะห์ 3,2,,,,,
6634926820,4900465484,0,243314066,tertiary,False,,True,15.352848096325422,ถนนนิพัทธ์สงเคราะห์ 3,2,,,,,
6634926820,2507401024,0,"[706133436, 243314262]",residential,False,,"[False, True]",201.11438520437343,"['Thanon Nipatsongkrew 3 Road Soi 6', 'Soi 6 Nipatsongkrew 3 Road']",,,,,,
6634926821,6634926819,0,706133435,residential,False,,False,68.81826389336612,Soi 2/3 Rattakarn Road,,,,,,
6634990420,4900465217,0,84842970,tertiary,False,,False,42.150105530880744,Niphat Songkhro 5,,,,,,
6634990420,2507401857,0,84842970,tertiary,False,,True,53.75006261117197,Niphat Songkhro 5,,,,,,
6634990420,6634990421,0,706136676,residential,False,,True,152.4254675172746,Potipongsa Road Soi 2,,,,,,
6634990421,2507401854,0,96242772,tertiary,False,,True,56.541879610207694,ถนนนิพัทธ์สงเคราะห์ 4,,,,,,
6634990421,6634990420,0,706136676,residential,False,,False,152.4254675172746,Potipongsa Road Soi 2,,,,,,
6634990421,13362901142,0,96242772,tertiary,False,,False,37.91256905808858,ถนนนิพัทธ์สงเคราะห์ 4,,,,,,
6634990422,2507401466,0,84842970,tertiary,False,,False,28.46730821784395,Niphat Songkhro 5,,,,,,
6634990422,6634990423,0,706136675,residential,False,,True,66.71373953233828,Thanon Nipatsongaew 5 Soi 3,,,,,,
6634990422,2507401488,0,84842970,tertiary,False,,True,68.55459855626331,Niphat Songkhro 5,,,,,,
6634990423,6634990422,0,706136675,residential,False,,False,66.71373953233828,Thanon Nipatsongaew 5 Soi 3,,,,,,
6636202692,6630248218,0,706259497,residential,False,,False,172.09587101301761,,,,,,,
6636332746,1196924393,0,"[323964097, 323960908]",secondary,True,,False,157.06627774045933,ถนนศรีภูวนารถ,,,,,,
6636332746,4900465129,0,706265651,residential,False,,True,96.2208824998613,Thanon Jomgetpatana,,,,,,
6636512227,8642310454,0,706280754,residential,False,,False,123.37847251388263,Soi Thromchaiphayyhana,,,,,,
6636716600,1107926973,0,"[127078155, 66984611]",tertiary,False,,False,17.15956925102673,ถนนทุ่งรี,,,yes,,,
6636716600,1107926719,0,66984611,tertiary,False,,True,38.76059222798018,ถนนทุ่งรี,,,,,,
6636840466,1558729775,0,931321078,tertiary,False,,True,13.758872176641857,ถนนพลพิชัย,,,,,,
6636840466,8642422885,0,932290126,residential,False,,True,39.44766474215211,Soi 14 Polpichai,,,,,,
6636840466,1107862819,0,931321078,tertiary,False,,False,306.79085649905494,ถนนพลพิชัย,,,,,,
6636891346,2506092813,0,243188719,residential,False,,True,259.30052502006174,Thanon Chokesaman 5 Soi 17,,,,,,
6636975120,6636975122,0,706336418,residential,False,,True,31.603812668076507,Soi 2/1 Sakormmongkol 2,,,,,,
6636975120,2506085748,0,706341245,tertiary,False,,False,47.88901751753691,ถนนสาครมงคล,,,,,,
6636975120,4890612258,0,706341245,tertiary,False,,True,77.77945157123969,ถนนสาครมงคล,,,,,,
6636975122,6636975120,0,706336418,residential,False,,False,31.603812668076507,Soi 2/1 Sakormmongkol 2,,,,,,
6637201356,8634014997,0,706357256,residential,False,,False,127.90248300160087,Soi Soontorn Pean,,,,,,
6637201356,1680665898,0,706357258,residential,False,,True,46.24494317498718,Pracha Uthit Road,,,,,,
6637201356,1680665692,0,706357258,residential,False,,False,67.55273141400869,Pracha Uthit Road,,,,,,
6731316373,12517716094,0,700908579,residential,False,,True,90.31092050812259,Thanon Rattana Uthit Soi 6,,,,,,
6822890779,4900465308,0,498671514,residential,False,,False,66.34614203152682,,,,,,,
6822890779,916327777,0,952598318,tertiary,False,,False,67.95476157503839,ถนนรัถการ,2,,,,,
6822890779,2506087832,0,952598318,tertiary,False,,True,9.920849123019893,ถนนรัถการ,2,,,,,
7179323095,7179323096,0,769091169,unclassified,False,,False,46.734634886242816,,,,,,,
7179323095,1160617590,0,243188549,tertiary,True,,False,33.37325499902993,,,,,,,
7179323096,7179323095,0,769091169,unclassified,False,,True,46.734634886242816,,,,,,,
7194216498,1680667143,0,40264702,tertiary,False,,True,15.5944702261572,ถนนพลพิชัย,,,,,,
7194216498,1680666869,0,931321077,secondary,True,,False,116.54516210202286,ถนนเพชรเกษม,,,,,,
7194216498,1680666527,0,931321078,tertiary,False,,False,176.18493777784207,ถนนพลพิชัย,,,,,,
8254104117,8254104118,0,887781120,residential,False,,False,70.0091468178553,,,,,,,
8254104118,8254104117,0,887781120,residential,False,,True,70.0091468178553,,,,,,,
8254104118,2505177598,0,243079628,tertiary,False,,False,39.74624520816901,ถนนเพชรเกษม ซอย 8/2,,,,,,
8254104118,2505177627,0,243079628,tertiary,False,,True,49.83489012898583,ถนนเพชรเกษม ซอย 8/2,,,,,,
8254104119,8254104120,0,887781121,residential,False,,False,148.4145329546039,,,,,,,
8254104119,1137030934,0,129731584,residential,False,,False,211.1016962496523,,,,,,,
8254104120,8254104119,0,887781121,residential,False,,True,148.4145329546039,,,,,,,
8348355063,2506087282,0,243188038,residential,False,,False,36.400852465071154,,,,,,,
8348355063,2506087126,0,243188038,residential,False,,True,11.92111990065729,,,,,,,
8348355063,8348355064,0,898356078,residential,False,,False,53.18973712826058,,,,,,,
8348355064,8348355063,0,898356078,residential,False,,True,53.18973712826058,,,,,,,
8348355065,2506087126,0,243188038,residential,False,,False,29.030060051606213,,,,,,,
8348355065,8348355066,0,898356079,residential,False,,False,54.96184434841037,,,,,,,
8348355065,4900465240,0,243188038,residential,False,,True,38.78123121525671,,,,,,,
8348355066,8348355065,0,898356079,residential,False,,True,54.96184434841037,,,,,,,
8348444496,4890612699,0,898362721,residential,False,,True,145.4720916858564,,,,,,,
8348684821,2507400910,0,898401957,residential,False,,True,55.50348482246095,,,,,,,
8348748939,2508580897,0,128632939,residential,False,,True,26.79056105208198,Thanon Phetkasem Soi 10,,,,,,
8348748939,8348748940,0,898411838,residential,False,,False,101.80246120207109,,,,,,,
8348748939,6634718715,0,128632939,residential,False,,False,130.6705273954914,Thanon Phetkasem Soi 10,,,,,,
8348748940,8348748939,0,898411838,residential,False,,True,101.80246120207109,,,,,,,
8348860151,3327879287,0,102026849,secondary,True,,False,64.37945048820625,ถนนเพชรเกษม,,,,,,
8348860151,8348860155,0,898427537,residential,False,,False,156.10735146473286,,,,,,,
8348860155,8348860157,0,898427538,residential,False,,False,52.35873252396035,,,,,,,
8348860155,8348860156,0,898427538,residential,False,,True,17.410768699141716,,,,,,,
8348860155,8348860151,0,898427537,residential,False,,True,156.10735146473286,,,,,,,
8348860156,8348860155,0,898427538,residential,False,,False,17.410768699141716,,,,,,,
8348860157,8348860155,0,898427538,residential,False,,True,52.35873252396035,,,,,,,
8348860157,1680666017,0,1468639123,unclassified,False,,False,21.9133397453227,,,,,,,
8348860157,1680665995,0,1468639123,unclassified,False,,True,11.80538488784924,,,,,,,
8348961008,620881097,0,84842974,tertiary,True,,False,31.954912297412665,ถนนนิพัทธ์อุทิศ 3,3,,,,,
8348961008,8348961009,0,898440288,residential,False,,False,117.66831988231633,,,,,,,
8348961009,2506087304,0,243188536,residential,False,,False,24.47227977390044,,,,,,,
8348961009,2506087563,0,243188536,residential,False,,True,29.20429838165476,,,,,,,
8348961009,8348961008,0,898440288,residential,False,,True,117.66831988231633,,,,,,,
8349020071,8349020072,0,898447885,residential,False,,False,62.65478149803892,,,,,,,
8349020071,3309949761,0,952598318,tertiary,False,,True,40.91827293885772,ถนนรัถการ,2,,,,,
8349020071,8349020076,0,952598318,tertiary,False,,False,30.52874927527005,ถนนรัถการ,2,,,,,
8349020072,8349020071,0,898447885,residential,False,,True,62.65478149803892,,,,,,,
8349020076,8349020077,0,898448550,residential,False,,False,53.21221096566349,,,,,,,
8349020076,6634926819,0,952598318,tertiary,False,,False,53.147461429301174,ถนนรัถการ,2,,,,,
8349020076,8349020071,0,952598318,tertiary,False,,True,30.52874927527005,ถนนรัถการ,2,,,,,
8349020077,8349020076,0,898448550,residential,False,,True,53.21221096566349,,,,,,,
8349052655,2506099672,0,84842972,tertiary,False,,True,86.08251362640605,ถนนรัถการ,2,,,,,
8349052655,8349052656,0,898452151,residential,False,,False,110.92923646319606,,,,,,,
8349052655,985092459,0,84842972,tertiary,False,,False,400.26253049809895,ถนนรัถการ,2,,,,,
8349052656,8349052655,0,898452151,residential,False,,True,110.92923646319606,,,,,,,
8359542886,8359542888,0,155690888,residential,False,,False,22.679530229780042,,,,,,,
8359542886,1680662592,0,155690888,residential,False,,True,21.77185720990371,,,,,,,
8359542886,8359542887,0,899718923,residential,False,,False,43.18092679261063,,,,,,,
8359542887,8359542889,0,155690557,residential,False,,False,21.487088462251506,,,,,,,
8359542887,1680662616,0,155690557,residential,False,,True,25.996279535050945,,,,,,,
8359542887,8359542886,0,899718923,residential,False,,True,43.18092679261063,,,,,,,
8359542888,8359542886,0,155690888,residential,False,,True,22.679530229780042,,,,,,,
8359542888,8359542889,0,899718924,residential,False,,False,48.07648878483446,,,,,,,
8359542888,4900465712,0,"[155690888, 498671642]",residential,False,,False,58.73513904335866,,,,,,,
8359542889,1680662422,0,155690557,residential,False,,False,12.407888736168966,,,,,,,
8359542889,8359542887,0,155690557,residential,False,,True,21.487088462251506,,,,,,,
8359542889,8359542888,0,899718924,residential,False,,True,48.07648878483446,,,,,,,
8360328388,8360328389,0,899811243,residential,False,,False,38.97739485137421,,,,,,,
8360328389,2507401034,0,71380783,tertiary,False,,False,22.996668706718268,Soi 15 Phetkasem Road,2,,,,,
8360328389,2507401009,0,71380783,tertiary,False,,True,37.2684378851092,Soi 15 Phetkasem Road,2,,,,,
8360328389,8360328388,0,899811243,residential,False,,True,38.97739485137421,,,,,,,
8360675868,2507401482,0,243314433,residential,False,,False,35.17015661243401,Thanon Nipatsongkaew 2 Soi 2,,,,,,
8360675868,2507401481,0,243314433,residential,False,,True,34.29587082159416,Thanon Nipatsongkaew 2 Soi 2,,,,,,
8360675868,8360675869,0,899860610,residential,False,,False,45.220884702906716,,,,,,,
8360675869,8360675868,0,899860610,residential,False,,True,45.220884702906716,,,,,,,
8360691824,8360691825,0,899857660,residential,False,,False,68.32168281873248,,,,,,,
8360691825,2507401893,0,84842970,tertiary,False,,False,38.116462403998725,Niphat Songkhro 5,,,,,,
8360691825,2507401980,0,84842970,tertiary,False,,True,51.151742087612945,Niphat Songkhro 5,,,,,,
8360691825,8360691824,0,899857660,residential,False,,True,68.32168281873248,,,,,,,
8360741883,13327874256,0,155691129,residential,False,,False,5.219097725913637,Thanon Thungsao 2 Soi 2,,,,,,
8360741883,1680662818,0,155691129,residential,False,,True,16.703203420700653,Thanon Thungsao 2 Soi 2,,,,,,
8360741883,8360741886,0,899864318,residential,False,,False,187.7734241865389,,,,,,,
8360741886,8360741887,0,899864318,residential,False,,False,16.062481098443264,,,,,,,
8360741886,8360741883,0,899864318,residential,False,,True,187.7734241865389,,,,,,,
8360741886,8360741889,0,899864319,residential,False,,False,50.9219128328789,,,,,,,
8360741887,8360741886,0,899864318,residential,False,,True,16.062481098443264,,,,,,,
8360741889,8360741886,0,899864319,residential,False,,True,50.9219128328789,,,,,,,
8360741889,8360741893,0,899864320,residential,False,,False,105.07331144591697,,,,,,,
8360741889,1431715396,0,"[899864320, 155690541]",residential,False,,"[False, True]",136.94005738371402,,,,,,,
8360741893,8360741889,0,899864320,residential,False,,True,105.07331144591697,,,,,,,
8360807203,985092359,0,96713523,tertiary,False,,False,78.45854636253316,Niphat Songkaew 5,,,,,,
8360807203,4900465371,0,96713523,tertiary,False,,True,41.748657675176766,Niphat Songkaew 5,,,,,,
8360807203,8360807204,0,899874108,residential,False,,False,70.46800574564098,,,,,,,
8360807204,8360807203,0,899874108,residential,False,,True,70.46800574564098,,,,,,,
8360827888,985092359,0,84842970,tertiary,False,,False,38.76130701120208,Niphat Songkhro 5,,,,,,
8360827888,4900465159,0,84842970,tertiary,False,,True,33.68532693081236,Niphat Songkhro 5,,,,,,
8360827888,8360827889,0,899874308,residential,False,,False,81.88259438452104,,,,,,,
8360827889,8360827888,0,899874308,residential,False,,True,81.88259438452104,,,,,,,
8360838918,2507401501,0,899874550,residential,False,,True,89.75105519983416,,,,,,,
8363112318,2507401993,0,84842970,tertiary,False,,False,10.692860523628585,Niphat Songkhro 5,,,,,,
8363112318,2507402007,0,84842970,tertiary,False,,True,48.33045449622698,Niphat Songkhro 5,,,,,,
8363112318,8363112319,0,900212871,residential,False,,False,135.93812300273865,,,,,,,
8363112319,8363112318,0,900212871,residential,False,,True,135.93812300273865,,,,,,,
8363189524,8363189525,0,900226778,residential,False,,False,51.028809252774266,,,,,,,
8363189525,1680664183,0,155690366,residential,False,,False,20.304202599724178,Thanon Sutthisamit,,,,,,
8363189525,8363189528,0,155690366,residential,False,,True,28.35103874792338,Thanon Sutthisamit,,,,,,
8363189525,8363189524,0,900226778,residential,False,,True,51.028809252774266,,,,,,,
8363189525,8363189526,0,900226779,residential,False,,False,54.86610650134385,,,,,,,
8363189526,1680664052,0,155691050,residential,False,,False,34.767212796693855,Thanon Watprakarn,,,,,,
8363189526,8363189525,0,900226779,residential,False,,True,54.86610650134385,,,,,,,
8363189526,1108909550,0,155691050,residential,False,,True,225.67509267559393,Thanon Watprakarn,,,,,,
8363189527,8363189528,0,900226780,residential,False,,False,42.45855886704223,,,,,,,
8363189528,8363189525,0,155690366,residential,False,,False,28.35103874792338,Thanon Sutthisamit,,,,,,
8363189528,8363189530,0,155690366,residential,False,,True,31.554982409700415,Thanon Sutthisamit,,,,,,
8363189528,8363189527,0,900226780,residential,False,,True,42.45855886704223,,,,,,,
8363189528,8363189532,0,900226783,residential,False,,False,35.24206569870917,,,,,,,
8363189529,8363189530,0,900226781,residential,False,,False,31.21627502998016,,,,,,,
8363189530,8363189528,0,155690366,residential,False,,False,31.554982409700415,Thanon Sutthisamit,,,,,,
8363189530,8363189536,0,155690366,residential,False,,True,15.516848774607352,Thanon Sutthisamit,,,,,,
8363189530,8363189529,0,900226781,residential,False,,True,31.21627502998016,,,,,,,
8363189530,8363189531,0,900226782,residential,False,,False,38.58221980144236,,,,,,,
8363189531,8363189530,0,900226782,residential,False,,True,38.58221980144236,,,,,,,
8363189532,8363189528,0,900226783,residential,False,,True,35.24206569870917,,,,,,,
8363189533,1680664183,0,900226784,residential,False,,False,49.104463398057575,,,,,,,
8363189534,1680664183,0,900226785,residential,False,,True,37.88603541064834,,,,,,,
8363189535,8363189536,0,900226786,residential,False,,False,30.08752484532609,,,,,,,
8363189536,8363189530,0,155690366,residential,False,,False,15.516848774607352,Thanon Sutthisamit,,,,,,
8363189536,9168967519,0,155690366,residential,False,,True,23.450935702265284,Thanon Sutthisamit,,,,,,
8363189536,8363189535,0,900226786,residential,False,,True,30.08752484532609,,,,,,,
8363189536,8363189537,0,900226787,residential,False,,False,29.14444042137007,,,,,,,
8363189537,8363189536,0,900226787,residential,False,,True,29.14444042137007,,,,,,,
8363233377,1680666287,0,155690954,residential,False,,False,33.66449092845462,,,,,,,
8363233377,8363233378,0,900236236,residential,False,,False,94.64393841639378,,,,,,,
8363233377,1680666259,0,155690954,residential,False,,True,46.94706056612658,,,,,,,
8363233378,8363233377,0,900236236,residential,False,,True,94.64393841639378,,,,,,,
8363233378,4890611714,0,1468639123,unclassified,False,,False,5.243778980985989,,,,,,,
8363233378,1559029775,0,1468639123,unclassified,False,,True,42.09367048960349,,,,,,,
8363289258,8363289259,0,900243172,residential,False,,False,77.34983686292264,,,,,,,
8363289259,985092359,0,84842964,tertiary,False,,True,47.82734289082687,ถนนนิพัทธ์สงเคราะห์ 1 ซอย 4,,,,,,
8363289259,8363289258,0,900243172,residential,False,,True,77.34983686292264,,,,,,,
8363289259,1115585548,0,84842964,tertiary,False,,False,87.42391827640424,ถนนนิพัทธ์สงเคราะห์ 1 ซอย 4,,,,,,
8363308288,8363308289,0,900244003,residential,False,,False,66.41194555152661,,,,,,,
8363308288,1107926513,0,900244003,residential,False,,True,27.755266100372616,,,,,,,
8363308288,8363308291,0,900244004,residential,False,,False,99.17622242556027,,,,,,,
8363308289,8363308288,0,900244003,residential,False,,True,66.41194555152661,,,,,,,
8363308291,8363308288,0,900244004,residential,False,,True,99.17622242556027,,,,,,,
8363316256,1680663948,0,706265654,tertiary,False,,False,32.89787282288616,Thung Sao 1 Rd,,,,,,
8363316256,1431715381,0,706265654,tertiary,False,,True,7.353988153711532,Thung Sao 1 Rd,,,,,,
8363316256,8363316259,0,900250267,residential,False,,False,39.932436818783536,,,,,,,
8363316257,8363316259,0,900250267,residential,False,,True,65.50438677246295,,,,,,,
8363316259,8363316257,0,900250267,residential,False,,False,65.50438677246295,,,,,,,
8363316259,8363316256,0,900250267,residential,False,,True,39.932436818783536,,,,,,,
8363316259,13454782784,0,1466935413,residential,False,,False,43.22406250342433,,,,,,,
8363355368,4900465145,0,129842395,residential,False,,False,18.69827992052682,Romyen 2 Road,,,,,,
8363355368,1431867110,0,129842395,residential,False,,True,27.20095163811546,Romyen 2 Road,,,,,,
8363355368,4900465284,0,498671289,residential,False,,False,97.81885313547622,,,,,,,
8363391536,2507401501,0,84842970,tertiary,False,,False,34.66395240144122,Niphat Songkhro 5,,,,,,
8363391536,2507401532,0,84842970,tertiary,False,,True,69.5085558972197,Niphat Songkhro 5,,,,,,
8363391536,8363391537,0,900259417,residential,False,,False,96.04071043756267,,,,,,,
8363391537,8363391536,0,900259417,residential,False,,True,96.04071043756267,,,,,,,
8364230681,4890611668,0,142398162,unclassified,False,,False,13.874036448547749,,,,,,,
8364230681,1558343340,0,142398162,unclassified,False,,True,36.90206384090342,,,,,,,
8364230681,8364230682,0,900364720,residential,False,,False,95.54836766378298,,,,,,,
8364230682,8364230681,0,900364720,residential,False,,True,95.54836766378298,,,,,,,
8364230683,1558343337,0,142398162,unclassified,False,,False,22.320025646929057,,,,,,,
8364230683,8634887548,0,142398162,unclassified,False,,True,18.67384647729036,,,,,,,
8364230683,8364230684,0,900364721,residential,False,,False,88.84979203602288,,,,,,,
8364230684,8364230683,0,900364721,residential,False,,True,88.84979203602288,,,,,,,
8364234952,8364234953,0,900366660,residential,False,,False,26.343431864341127,,,,,,,
8364234953,4890612268,0,155690832,residential,False,,False,41.007237568672984,,,,,,,
8364234953,1680664531,0,155690832,residential,False,,True,13.33382999990892,,,,,,,
8364234953,8364234952,0,900366660,residential,False,,True,26.343431864341127,,,,,,,
8364234954,8364234956,0,900366661,residential,False,,False,64.65481294782043,,,,,,,
8364234956,4890612268,0,155690832,residential,False,,True,88.9856359531423,,,,,,,
8364234956,1680665294,0,155690832,residential,False,,False,105.60399776453727,,,,,,,
8364234956,8364234954,0,900366661,residential,False,,True,64.65481294782043,,,,,,,
8364261453,2507401498,0,243314365,residential,False,,False,42.7810830364151,Thanon Nipatsongkrew 5 Soi 5,,,,,,
8364261453,4900465173,0,243314365,residential,False,,True,33.36319725926025,Thanon Nipatsongkrew 5 Soi 5,,,,,,
8364261453,8364261455,0,900368263,residential,False,,False,88.52104793626799,,,,,,,
8364261455,2507401498,0,243314256,residential,False,,False,46.71375414249683,,,,,,,
8364261455,2507401501,0,243314256,residential,False,,True,45.100070463388086,,,,,,,
8364261455,8364261453,0,900368263,residential,False,,True,88.52104793626799,,,,,,,
8364262884,4890612755,0,567178119,residential,False,,False,26.20639325122282,,,,,,,
8364262884,5460390601,0,900370296,residential,False,,True,64.52322217327162,,,,,,,
8523287979,4900465277,0,498671504,residential,False,,False,121.19121982870365,,,,,,,
8523307708,2506087522,0,243188646,residential,True,,False,50.881103081121395,,,,,,,
8523307708,6634630596,0,706095308,residential,False,,True,57.61811921424662,,,,,,,
8523314741,8523314742,0,917695139,residential,False,,True,50.93342487017145,,,,,,,
8523314742,2505176027,0,969757853,tertiary,True,,False,29.575678342117488,ถนนธรรมนูญวิถี,,,,,,
8523314742,8523314741,0,917695139,residential,False,,False,50.93342487017145,,,,,,,
8523321638,1431867141,0,95542483,tertiary,False,,False,29.50667839683799,ถนนคลองเรียน 2,,,,,,
8523321638,6634515719,0,95542483,tertiary,False,,True,51.18212170353139,ถนนคลองเรียน 2,,,,,,
8523321638,1680666891,0,155691084,residential,False,,True,211.71132501074771,,,,,,,
8523326825,2507400618,0,243314165,residential,False,,False,62.679461263530136,ซอยเตชะโต,,,,,,
8523326825,2507400614,0,243314165,residential,False,,True,32.10895818928361,ซอยเตชะโต,,,,,,
8523326825,8523326826,0,917695719,residential,False,,True,39.0195334946024,ซอยเตชะโต,,,,,,
8523326826,2507400630,0,243314312,residential,False,,False,25.269511790687346,,,,,,,
8523326826,2507400638,0,243314312,residential,False,,True,60.415507434967836,,,,,,,
8523326826,8523326825,0,917695719,residential,False,,False,39.0195334946024,ซอยเตชะโต,,,,,,
8523328981,8523328986,0,917695557,residential,False,,True,87.61492492100442,,,,,,,
8523328986,1639088658,0,151072453,residential,True,,False,40.09550375246626,,,,,,,
8523328986,8523328981,0,917695557,residential,False,,False,87.61492492100443,,,,,,,
8523328987,1639088658,0,243079757,residential,False,,False,240.64698867973445,Soi Rajyindee Road 6/ 1,,,,,,
8523328990,8523328991,0,917695558,residential,False,,True,63.904053652595934,,,,,,,
8523328991,4900465339,0,66984604,tertiary,True,,False,48.298066545680406,ถนนศุภสารรังสรรค์,,,,,,
8523328991,8523328990,0,917695558,residential,False,,False,63.904053652595934,,,,,,,
8523329815,8523329816,0,917697169,residential,False,,True,57.32455950790099,Thanon Lamaipradit,,,,,,
8523329816,8523329815,0,917697169,residential,False,,False,57.32455950790099,Thanon Lamaipradit,,,,,,
8523329816,2052522376,0,84842974,tertiary,True,,False,43.1911019867753,ถนนนิพัทธ์อุทิศ 3,3,,,,,
8523333971,8523333972,0,917696759,residential,False,,True,50.860557672789966,,,,,,,
8523333972,1966399241,0,706104219,tertiary,False,,False,9.808323326765361,ถนนศุภสารรังสรรค์,2,,,,,
8523333972,1966399248,0,706104219,tertiary,False,,True,42.998534682092654,ถนนศุภสารรังสรรค์,2,,,,,
8523333972,8523333971,0,917696759,residential,False,,False,50.860557672789966,,,,,,,
8523334139,856214470,0,706093505,residential,True,,False,42.52693287987704,Duangchan Rd,,,,,,
8523334139,13424220808,0,917696883,residential,False,,False,129.2556833223319,,,,,,,
8523334169,8523334173,0,498671329,residential,True,,False,41.37848312123935,ถนนพูลสุวรรณ,,,,,,
8523334169,8523334172,0,917697821,residential,False,,True,68.70373298410004,,,,,,,
8523334172,4900465090,0,498671330,residential,True,,False,116.64876686255688,ถนนมุสลิม,,,,,,
8523334172,8523334169,0,917697821,residential,False,,False,68.70373298410004,,,,,,,
8523334173,2506088792,0,498671329,residential,True,,False,151.56247223045457,ถนนพูลสุวรรณ,,,,,,
8523334173,8523334176,0,917697822,residential,False,,True,63.446307117429306,,,,,,,
8523334176,8523334172,0,498671330,residential,True,,False,40.14160452548675,ถนนมุสลิม,,,,,,
8523334176,8523334173,0,917697822,residential,False,,False,63.446307117429306,,,,,,,
8523343957,8523343958,0,917698403,residential,False,,True,59.62550157441732,,,,,,,
8523343958,3309949761,0,324267161,tertiary,False,,True,109.03925655624163,Thanon Prathanuthit,,,,,,
8523343958,8523343957,0,917698403,residential,False,,False,59.62550157441732,,,,,,,
8523343958,916327839,0,324267161,tertiary,False,,False,301.77535480551876,Thanon Prathanuthit,,,,,,
8523344319,617234843,0,706093508,tertiary,True,,False,3.6205091663424227,ถนนประชาธิปัตย์,,,,,,
8523344319,4900465513,0,498671586,residential,True,,False,158.51213404825668,,,,,,,
8523363323,8523363326,0,917699962,residential,False,,True,56.21219702719163,,,,,,,
8523363326,1108909545,0,952598318,tertiary,False,,False,30.468829316351517,ถนนรัถการ,2,,,,,
8523363326,6634926819,0,952598318,tertiary,False,,True,122.31695357695702,ถนนรัถการ,2,,,,,
8523363326,8523363323,0,917699962,residential,False,,False,56.21219702719163,,,,,,,
8523405554,8523405555,0,917704438,residential,False,,True,64.445773765197,,,,,,,
8523405555,4900465484,0,243314066,tertiary,False,,False,50.26507705365424,ถนนนิพัทธ์สงเคราะห์ 3,2,,,,,
8523405555,2507401024,0,243314066,tertiary,False,,True,42.17914898145708,ถนนนิพัทธ์สงเคราะห์ 3,2,,,,,
8523405555,8523405554,0,917704438,residential,False,,False,64.445773765197,,,,,,,
8523406712,8523406713,0,917704692,residential,False,,True,81.60612032929662,,,,,,,
8523406713,2506088039,0,706104217,residential,False,,False,18.320812251079687,ถนนเเสงศรี,,,,,,
8523406713,1140280758,0,706104217,residential,False,,True,25.963658180986517,ถนนเเสงศรี,,,,,,
8523406713,8523406712,0,917704692,residential,False,,False,81.60612032929662,,,,,,,
8523431061,8523431062,0,917705248,residential,False,,True,62.70958240589606,,,,,,,
8523431062,8523431064,0,706104217,residential,False,,False,30.19856498015122,ถนนเเสงศรี,,,,,,
8523431062,8523431061,0,917705248,residential,False,,False,62.70958240589606,,,,,,,
8523431062,947896964,0,706104217,residential,False,,True,31.21468334578816,ถนนเเสงศรี,,,,,,
8523431063,8523431064,0,917705249,residential,False,,True,76.10297012566139,,,,,,,
8523431064,2506087962,0,706104217,residential,False,,False,20.22611589925066,ถนนเเสงศรี,,,,,,
8523431064,8523431062,0,706104217,residential,False,,True,30.19856498015122,ถนนเเสงศรี,,,,,,
8523431064,8523431063,0,917705249,residential,False,,False,76.10297012566139,,,,,,,
8523449429,8523449430,0,917706996,residential,False,,True,35.04471341093929,,,,,,,
8523449430,4900465441,0,243314378,residential,False,,False,47.20279148386116,Thanon Rajyindee Soi 5,,,,,,
8523449430,8523449429,0,917706996,residential,False,,False,35.04471341093929,,,,,,,
8523449430,2507400701,0,243314378,residential,False,,True,94.33823857598676,Thanon Rajyindee Soi 5,,,,,,
8523461356,1160617590,0,243188389,residential,False,,False,34.07237508380913,,,,,,,
8523461356,8523461357,0,917708020,residential,False,,True,68.94917010029312,,,,,,,
8523461356,2506090118,0,243188389,residential,False,,True,216.47804424104513,,,,,,,
8523461357,8523461356,0,917708020,residential,False,,False,68.94917010029312,,,,,,,
8523461357,2505176923,0,970311985,secondary,True,,False,104.98823099635395,ถนนเพชรเกษม,,,,,,
8523748243,8523748245,0,917727641,residential,False,,True,105.57529714157316,,,,,,,
8523748245,8523748243,0,917727641,residential,False,,False,105.57529714157316,,,,,,,
8523748245,2507401235,0,"[1232062515, 970311987]",secondary,True,,False,280.1570635088972,ถนนเพชรเกษม,,,,,,
8523765860,8523765861,0,917728866,residential,False,,True,46.842897703694234,,,,,,,
8523765861,916327788,0,68518888,residential,False,,False,64.58001905516406,ถนนกาญจนวนิช ซอย 17,,,,,,
8523765861,8523765860,0,917728866,residential,False,,False,46.842897703694234,,,,,,,
8523765861,809537700,0,68518888,residential,False,,True,97.21231117708929,ถนนกาญจนวนิช ซอย 17,,,,,,
8523766367,8523766368,0,917729053,residential,False,,True,46.07674747152027,,,,,,,
8523766368,2507400850,0,77967083,residential,False,,False,44.94820588505566,ถนนเพชรเกษม ซอย 3,2,,,,,
8523766368,916327788,0,77967083,residential,False,,True,102.71262808480402,ถนนเพชรเกษม ซอย 3,2,,,,,
8523766368,8523766367,0,917729053,residential,False,,False,46.07674747152027,,,,,,,
8523772945,8523772946,0,917729220,residential,False,,True,22.27789339400706,,,,,,,
8523772946,2507400774,0,706091195,residential,False,,False,54.13980512712903,Soi Tummachoten Uthit 2,,,,,,
8523772946,2507400846,0,706091195,residential,False,,True,131.71697571261413,Soi Tummachoten Uthit 2,,,,,,
8523772946,8523772945,0,917729220,residential,False,,False,22.27789339400706,,,,,,,
8523777679,8523777680,0,917729591,residential,False,,True,46.51086401502876,,,,,,,
8523777680,823954365,0,71380787,tertiary,False,,False,48.40367414597553,ถนนประชายินดี,,,,,,
8523777680,2507400740,0,71380787,tertiary,False,,True,72.80612666571834,ถนนประชายินดี,,,,,,
8523777680,8523777679,0,917729591,residential,False,,False,46.51086401502876,,,,,,,
8523781986,8523781992,0,917730275,residential,False,,True,54.472257704480036,,,,,,,
8523781992,2507401017,0,77967083,residential,False,,False,123.44498012109145,ถนนเพชรเกษม ซอย 3,2,,,,,
8523781992,2507400850,0,77967083,residential,False,,True,118.62940713322598,ถนนเพชรเกษม ซอย 3,2,,,,,
8523781992,8523781986,0,917730275,residential,False,,False,54.47225770448004,,,,,,,
8523801787,8523801789,0,917730844,residential,False,,True,45.3844505000095,,,,,,,
8523801789,2507401016,0,243314474,residential,False,,False,40.91156834922364,Soi U-Patham,,,,,,
8523801789,2507401019,0,243314474,residential,False,,True,31.29660970392769,Soi U-Patham,,,,,,
8523801789,8523801787,0,917730844,residential,False,,False,45.3844505000095,,,,,,,
8523801790,2507400901,0,917730845,residential,False,,True,77.33419047636437,,,,,,,
8523872850,8523872851,0,917738088,residential,False,,True,54.68735020519776,,,,,,,
8523872851,809537628,0,66984619,secondary,True,,False,35.94163675784003,ถนนเพชรเกษม,,,,,,
8523872851,8523872850,0,917738088,residential,False,,False,54.68735020519776,,,,,,,
8523961021,8523961023,0,917742686,residential,False,,True,85.48151897089429,,,,,,,
8523961023,2508580840,0,243079793,tertiary,False,,False,10.34347561537331,,,,,,,
8523961023,2508580924,0,243079793,tertiary,False,,True,30.176792243301637,,,,,,,
8523961023,8523961021,0,917742686,residential,False,,False,85.48151897089429,,,,,,,
8523961028,2508580799,0,243453996,residential,False,,False,97.58978642653074,Soi Phetkasem 6/2,,,,,,
8523961028,8523961030,0,243453996,residential,False,,True,70.9927538101973,Soi Phetkasem 6/2,,,,,,
8523961028,13443991718,0,917742687,residential,False,,False,46.78908976211056,,,,,,,
8523961029,8523961030,0,917742688,residential,False,,True,54.22346810966151,,,,,,,
8523961030,8523961029,0,917742688,residential,False,,False,54.22346810966151,,,,,,,
8523961030,8523961028,0,243453996,residential,False,,False,70.9927538101973,Soi Phetkasem 6/2,,,,,,
8523961030,2508580767,0,243453996,residential,False,,True,58.18544947749628,Soi Phetkasem 6/2,,,,,,
8523970596,4900465366,0,498671537,residential,False,,False,74.60755009813948,,,,,,,
8524008598,2507401786,0,243314120,residential,False,,False,16.105354887155983,Thanon Nipatsongkaew 2 Soi 6,,,,,,
8524008598,2507401788,0,243314120,residential,False,,True,146.85031043308885,Thanon Nipatsongkaew 2 Soi 6,,,,,,
8524008598,2507401797,0,498671595,residential,False,,False,24.278060822641663,,,,,,,
8524034231,8524034232,0,917753412,residential,False,,True,46.287957566613166,,,,,,,
8524034232,8524034231,0,917753412,residential,False,,False,46.287957566613166,,,,,,,
8524034232,4900465630,0,917753633,residential,False,,False,12.015372841462018,,,,,,,
8524034232,4900465629,0,917753633,residential,False,,True,39.26372445046978,,,,,,,
8524036349,8524036352,0,917752364,residential,False,,True,92.78670856150235,,,,,,,
8524036352,2508582040,0,243454179,residential,False,,False,18.805349336809602,,,,,,,
8524036352,2505177713,0,243454179,residential,False,,True,134.69758067831816,,,,,,,
8524036352,8524036349,0,917752364,residential,False,,False,92.78670856150235,,,,,,,
8524036353,8524036354,0,917752365,residential,False,,True,68.81137550144415,,,,,,,
8524036354,2505177708,0,128632939,residential,False,,False,7.251309112597491,Thanon Phetkasem Soi 10,,,,,,
8524036354,8524036353,0,917752365,residential,False,,False,68.81137550144415,,,,,,,
8524036354,2508581944,0,128632939,residential,False,,True,36.22248513965307,Thanon Phetkasem Soi 10,,,,,,
8524045200,2507401856,0,243314303,residential,False,,False,47.33635189053849,Thanon Nipatsongkaew 1 Soi 18,,,,,,
8524045200,2507401858,0,243314303,residential,False,,True,83.4361625647556,Thanon Nipatsongkaew 1 Soi 18,,,,,,
8524045200,8524045202,0,917753783,residential,False,,True,115.74080802359417,,,,,,,
8524045202,2507401858,0,243314321,residential,False,,False,40.0957937482173,Thanon Nipatsongkaew 1 Soi 14/1,,,,,,
8524045202,2507401824,0,243314321,residential,False,,True,36.60073255096662,Thanon Nipatsongkaew 1 Soi 14/1,,,,,,
8524045202,8524045200,0,917753783,residential,False,,False,115.74080802359417,,,,,,,
8524057336,4900465184,0,96240987,tertiary,False,,False,45.467325791821594,ถนนสัจจกุล,,,,,,
8524057336,1115561051,0,96240987,tertiary,False,,True,36.219386663657524,ถนนสัจจกุล,,,,,,
8524057336,8524057340,0,917757575,residential,False,,True,156.03313004270325,,,,,,,
8524057340,2506096291,0,96240987,tertiary,False,,False,12.19249943146354,ถนนสัจจกุล,,,,,,
8524057340,4900465184,0,96240987,tertiary,False,,True,63.85790316135132,ถนนสัจจกุล,,,,,,
8524057340,8524057336,0,917757575,residential,False,,False,156.03313004270325,,,,,,,
8524069686,2507401524,0,243314306,residential,False,,False,313.8799551814084,Thanon Rattakarn Soi 7/1,,,,,,
8524090700,8524090701,0,917760028,residential,False,,True,57.71744143380195,,,,,,,
8524090701,4900465404,0,71380777,tertiary,False,,False,7.909484923741367,Thanon Phetkasem Soi 11,,,,,,
8524090701,849403388,0,71380777,tertiary,False,,True,19.23872228474962,Thanon Phetkasem Soi 11,,,,,,
8524090701,8524090700,0,917760028,residential,False,,False,57.71744143380195,,,,,,,
8524091694,8524091695,0,917759847,residential,False,,True,47.91253560582342,,,,,,,
8524091695,2507400910,0,243314299,residential,False,,False,25.371505147195013,Phetkasem Soi 11/1,,,,,,
8524091695,8524091694,0,917759847,residential,False,,False,47.91253560582342,,,,,,,
8524091695,849403388,0,243314299,residential,False,,True,126.36224088421126,Phetkasem Soi 11/1,,,,,,
8524097355,2506092529,0,84842972,tertiary,False,,False,1.6307545448711565,ถนนรัถการ,2,,,,,
8524097355,2052529358,0,84842972,tertiary,False,,True,48.228140031095265,ถนนรัถการ,2,,,,,
8524097355,4900465393,0,243188429,residential,False,,True,176.3639532169146,,,,,,,
8634014994,8634028436,0,931256571,tertiary,True,,False,33.89117403541759,,,,,,,
8634014994,6415501710,0,684702617,tertiary,True,,False,48.05069182509166,ราษฎร์อุทิศ,,,,,,
8634014997,6637201356,0,706357256,residential,False,,True,127.90248300160087,Soi Soontorn Pean,,,,,,
8634014997,1680665539,0,931256568,tertiary,True,,False,77.0849243362811,,,,,,,
8634015000,1680665904,0,155690856,residential,False,,True,142.9366325236321,Thanon Rajuthit Soi 7,,,,,,
8634015000,8634015001,0,243188783,tertiary,True,,False,52.0555671145123,ถนนราษฏร์อุทิศ,,,,,,
8634015001,1680666318,0,243188783,tertiary,True,,False,82.0495194992894,ถนนราษฏร์อุทิศ,,,,,,
8634015001,4900465690,0,"[498671627, 155690637]",residential,False,,"[False, True]",99.1999240199127,,,,,,,
8634015002,1680666455,0,706358865,residential,False,,False,167.2483593685567,Thanon Rajuthit Soi 10,,,,,,
8634015002,1680666318,0,931256578,tertiary,False,,False,7.885682839188923,,,,,,,
8634015002,1680666157,0,931256568,tertiary,True,,False,82.17207122433965,,,,,,,
8634015003,1680666768,0,155690613,residential,False,,True,174.11170278055943,Thanon Rajuthit Soi 12,,,,,,
8634015003,8634015002,0,931256568,tertiary,True,,False,75.19385034823296,,,,,,,
8634015004,1680666903,0,155690525,residential,False,,True,179.31804993798013,Thanon Rajuthit Soi 14,,,,,,
8634015004,8634015003,0,931256568,tertiary,True,,False,46.30678143344225,,,,,,,
8634015005,1421020884,0,155691176,residential,False,,True,184.31012850685764,Thanon Rajuthit Soi 16,,,,,,
8634015005,8634015004,0,931256568,tertiary,True,,False,44.81866377064462,,,,,,,
8634015006,1680667348,0,155691026,residential,False,,True,191.7756365511592,Thanon Rajuthit Soi 18,,,,,,
8634015006,1680667132,0,931256579,tertiary_link,False,,False,7.970735162914123,,,,,,,
8634015006,8634015005,0,931256568,tertiary,True,,False,78.37986256436784,,,,,,,
8634015007,1421020805,0,128632671,residential,False,,False,180.77431385755918,Thanon Rajuthit Soi 20,,,,,,
8634015007,8634015006,0,931256568,tertiary,True,,False,123.3967180640624,,,,,,,
8634015010,4890612678,0,155691089,residential,False,,False,351.85566877491885,,,,,,,
8634015010,2506086032,0,"[243188784, 931312427]",tertiary,True,,False,54.80251219276374,ถนนราษฏร์อุทิศ,,,,,,
8634015011,8634028446,0,"[931256576, 48598023]",tertiary,True,,False,54.628654983817,ถนนราษฏร์อุทิศ,,,,,,
8634015011,2506086807,0,243188716,residential,False,,True,314.3439422878259,ถนนราษฎร์อุทิศ ซอย 22,,,,,,
8634028428,8634028435,0,931256569,secondary,True,,False,11.00406499213072,ถนนศรีภูวนารถ,,,,,,
8634028428,4900464613,0,323958075,secondary,False,,False,72.93522695997206,ถนนศรีภูวนารถ,,,,,,
8634028435,8634028437,0,"[1216723168, 931256569]",secondary,True,,False,22.27972724572794,ถนนศรีภูวนารถ,,,,,,
8634028435,8634028438,0,931256570,tertiary,True,,False,37.461335503165316,,,,,,,
8634028436,6415501710,0,323958660,secondary,True,,False,22.326398978461896,ถนนศรีภูวนารถ,,,,,,
8634028436,8634028439,0,931256573,secondary_link,True,,False,9.021220536088782,,,,,,,
8634028437,8634028438,0,931256572,tertiary,True,,False,31.152110993063367,,,,,,,
8634028437,8634028436,0,1216723169,secondary,True,,False,12.05420259095581,ถนนศรีภูวนารถ,,,,,,
8634028438,1680665488,0,"[931256570, 243188783]",tertiary,True,,False,85.13948562059483,ถนนราษฏร์อุทิศ,,,,,,
8634028439,8634028440,0,1216723170,secondary,True,,False,12.88955450530982,ถนนศรีภูวนารถ,,,,,,
8634028440,8634028437,0,931256574,secondary_link,True,,False,8.066184824720168,,,,,,,
8634028440,8634028428,0,1216723167,secondary,True,,False,33.421502786956864,ถนนศรีภูวนารถ,,,,,,
8634028442,1612097142,0,1271342647,secondary,True,,False,7.409494627283754,ถนนเพชรเกษม,,,,,,
8634028442,8634015007,0,931256568,tertiary,True,,False,112.65637797194658,,,,,,,
8634028443,4900465318,0,1271342643,secondary,True,,False,86.66330717270259,ถนนเพชรเกษม,,,,,,
8634028443,8634028442,0,1271342645,tertiary,True,,False,10.936476362251346,,,,,,,
8634028444,1680665755,0,931256577,tertiary_link,False,,True,7.109974531636787,,,,,,,
8634028444,1680665842,0,243188783,tertiary,True,,False,35.924884160081135,ถนนราษฏร์อุทิศ,,,,,,
8634028445,8634028446,0,931256580,tertiary_link,False,,False,9.700734687955698,,,,,,,
8634028445,8634015010,0,931312425,tertiary,True,,False,46.77306240407979,ถนนราษฏร์อุทิศ,,,,,,
8634028446,8634028445,0,931256580,tertiary_link,False,,True,9.700734687955698,,,,,,,
8634028446,8634028443,0,931312426,tertiary,True,,False,215.45439192917678,,,,,,,
8634028447,8634015011,0,48598023,tertiary,True,,False,46.02105453431504,ถนนราษฏร์อุทิศ,,,,,,
8634028447,2506086032,0,931256581,tertiary_link,False,,True,8.131083491929354,,,,,,,
8634028448,4890612482,0,243188784,tertiary,True,,False,48.88353329061877,ถนนราษฏร์อุทิศ,,,,,,
8634028448,8634028449,0,931256582,tertiary_link,False,,False,10.094903330557832,,,,,,,
8634028449,4890612499,0,48598023,tertiary,True,,False,43.90884447603376,ถนนราษฏร์อุทิศ,,,,,,
8634028449,8634028448,0,931256582,tertiary_link,False,,True,10.094903330557832,,,,,,,
8634028450,8634028451,0,931256583,tertiary_link,False,,False,10.080286264333433,,,,,,,
8634028450,4890612863,0,243188784,tertiary,True,,False,53.56907873856462,ถนนราษฏร์อุทิศ,,,,,,
8634028451,8634525197,0,48598023,tertiary,True,,False,14.80748943331474,ถนนราษฏร์อุทิศ,,,,,,
8634028451,8634028450,0,931256583,tertiary_link,False,,True,10.080286264333433,,,,,,,
8634498202,8634498204,0,931314816,residential,False,,True,77.94692246392373,,,,,,,
8634498204,8634028451,0,48598023,tertiary,True,,False,38.10648684794245,ถนนราษฏร์อุทิศ,,,,,,
8634498204,8634498202,0,931314816,residential,False,,False,77.94692246392373,,,,,,,
8634525189,2506090659,0,243188525,residential,False,,True,80.37631590431535,,,,,,,
8634525189,2506091129,0,"[716599757, 243188525]",residential,False,,False,105.07406159195075,,,,,,,
8634525189,8634525197,0,931315061,residential,False,,True,128.75004482012343,,,,,,,
8634525197,2506090659,0,48598023,tertiary,True,,False,21.52274070309025,ถนนราษฏร์อุทิศ,,,,,,
8634525197,8634525189,0,931315061,residential,False,,False,128.75004482012343,,,,,,,
8634584074,796747457,0,931323409,residential,False,,True,64.21583854307201,,,,,,,
8634614744,2506106689,0,931322901,residential,False,,True,44.81815991189849,,,,,,,
8634634705,2506088067,0,931329444,residential,False,,False,45.62937712028142,,,,,,,
8634635616,2506094255,0,706341245,tertiary,False,,False,35.160131631853346,ถนนสาครมงคล,,,,,,
8634635616,4890612655,0,706341245,tertiary,False,,True,6.54319623809469,ถนนสาครมงคล,,,,,,
8634635616,11337166510,0,931323407,residential,False,,False,40.96658128860332,,,,,,,
8634648991,8634648992,0,931329679,residential,False,,True,33.685331966491674,,,,,,,
8634648992,13378469948,0,95637138,residential,False,,False,83.22754376896926,ถนนสาครมงคล ซอย 3,,,,,,
8634648992,2506088278,0,95637138,residential,False,,True,8.604721740073346,ถนนสาครมงคล ซอย 3,,,,,,
8634648992,8634648991,0,931329679,residential,False,,False,33.685331966491674,,,,,,,
8634648993,1108909494,0,931329680,residential,False,,True,176.57111440891669,,,,,,,
8634661131,8634661137,0,243188784,tertiary,True,,False,25.551437901743547,ถนนราษฏร์อุทิศ,,,,,,
8634661131,8634661137,1,931327886,residential,False,,True,408.9906087421367,,,,,,,
8634661137,8634028448,0,243188784,tertiary,True,,False,38.18314200971979,ถนนราษฏร์อุทิศ,,,,,,
8634661137,8634661131,0,931327886,residential,False,,False,408.9906087421367,,,,,,,
8634671109,8634661131,0,243188784,tertiary,True,,False,30.581277289116933,ถนนราษฏร์อุทิศ,,,,,,
8634671109,11011878992,0,931328383,residential,False,,False,211.77481280597485,,,,,,,
8634694424,1430652323,0,700892601,unclassified,False,,False,116.88802053378406,,,,,,,
8634694424,2508585807,0,931330705,residential,False,,True,33.97708808216789,,,,,,,
8634694424,2508585824,0,700892601,unclassified,False,,True,114.6694698825527,,,,,,,
8634694714,2508585807,0,931330705,residential,False,,False,23.64670219108264,,,,,,,
8634694714,2508585787,0,931330705,residential,False,,True,34.75557636895789,,,,,,,
8634700670,8634700671,0,931332418,residential,False,,True,48.92492805463849,,,,,,,
8634700671,8634700670,0,931332418,residential,False,,False,48.92492805463849,,,,,,,
8634700671,2508582071,0,970029499,primary,True,,False,62.17743010378853,ถนนกาญจนวณิชย์,3,,,,,
8634702947,796747470,0,931332154,residential,False,,False,73.92579519944303,,,,,,,
8634724019,8634724024,0,243188316,residential,False,,False,116.3773813202779,,,,,,,
8634724024,2506092271,0,243188316,residential,False,,False,50.36837929424275,,,,,,,
8634724024,8634724019,0,243188316,residential,False,,True,116.37738132027789,,,,,,,
8634724024,8634724032,0,931334491,residential,False,,True,337.1617516565242,,,,,,,
8634724032,2506091993,0,706341245,tertiary,False,,False,16.48220097865964,ถนนสาครมงคล,,,,,,
8634724032,2506092271,0,706341245,tertiary,False,,True,25.036016375672283,ถนนสาครมงคล,,,,,,
8634724032,8634724024,0,931334491,residential,False,,False,337.16175165652425,,,,,,,
8634730506,1421020850,0,706341245,tertiary,False,,False,24.891576899691383,ถนนสาครมงคล,,,,,,
8634730506,8634730514,0,706341245,tertiary,False,,True,18.184768546920758,ถนนสาครมงคล,,,,,,
8634730506,8634730514,1,931335990,residential,False,,True,336.2924833723276,,,,,,,
8634730514,8634730506,0,706341245,tertiary,False,,False,18.184768546920758,ถนนสาครมงคล,,,,,,
8634730514,8634730506,1,931335990,residential,False,,False,336.29248337232764,,,,,,,
8634730514,1108909596,0,706341245,tertiary,False,,True,28.802660744688463,ถนนสาครมงคล,,,,,,
8634759752,8634759753,0,931339658,residential,False,,True,40.91978847001139,,,,,,,
8634759752,4893013045,0,567178130,residential,False,,False,38.63167822561394,,,,,,,
8634759752,5460392235,0,567178130,residential,False,,True,65.84233161703489,,,,,,,
8634759753,2506088737,0,243188518,residential,False,,False,45.53089694180392,,,,,,,
8634759753,8634759752,0,931339658,residential,False,,False,40.91978847001139,,,,,,,
8634759753,8642883736,0,243188518,residential,False,,True,48.79080070001426,,,,,,,
8634788976,2508581933,0,931349726,residential,False,,True,39.88581420943485,,,,,,,
8634798737,4890613581,0,706341245,tertiary,False,,False,34.269846207638984,ถนนสาครมงคล,,,,,,
8634798737,1108909548,0,706341245,tertiary,False,,True,46.77549851137271,ถนนสาครมงคล,,,,,,
8634798737,8634798738,0,931343825,residential,False,,True,67.0227029512855,,,,,,,
8634798738,8634798737,0,931343825,residential,False,,False,67.0227029512855,,,,,,,
8634800051,2508585733,0,243454072,residential,False,,False,17.26962184954917,,,,,,,
8634800051,2508585744,0,243454072,residential,False,,True,138.3615367176146,,,,,,,
8634800051,2508585506,0,931346453,residential,False,,True,158.2452372440684,,,,,,,
8634848260,5460390610,0,497502958,residential,False,,False,88.31019842397463,,,,,,,
8634848260,4890612238,0,497502958,residential,False,,True,21.15481718412054,,,,,,,
8634848260,8634848261,0,931351761,residential,False,,True,46.31838708544507,,,,,,,
8634848261,5460390611,0,154729324,tertiary,False,,False,91.2581597419455,,,,,,,
8634848261,8634848260,0,931351761,residential,False,,False,46.31838708544507,,,,,,,
8634875759,8634875766,0,931354320,residential,False,,True,110.09035628378872,,,,,,,
8634875766,8634875767,0,142398167,unclassified,False,,False,21.073069571396143,,,,,,,
8634875766,1558343344,0,142398167,unclassified,False,,True,75.65458284242486,,,,,,,
8634875766,8634875759,0,931354320,residential,False,,False,110.09035628378871,,,,,,,
8634875767,8934753640,0,142398167,unclassified,False,,False,31.4977732194327,,,,,,,
8634875767,8634875766,0,142398167,unclassified,False,,True,21.073069571396143,,,,,,,
8634875767,4465620015,0,497502754,residential,False,,False,181.97608589119645,,,,,,,
8634879751,1680665294,0,155691131,residential,False,,False,79.24018055481207,,,,,,,
8634879751,1680665186,0,155690894,residential,False,,False,183.18269517290975,,,,,,,
8634879751,1680665652,0,155691131,residential,False,,True,73.23233404069892,,,,,,,
8634887548,8364230683,0,142398162,unclassified,False,,False,18.67384647729036,,,,,,,
8634887548,4890611668,0,142398162,unclassified,False,,True,17.91689012325155,,,,,,,
8634887548,4890612760,0,931354562,residential,False,,True,99.81569444852263,,,,,,,
8635010371,1680665960,0,102026849,secondary,True,,False,76.99356070940489,ถนนเพชรเกษม,,,,,,
8635010371,1680665799,0,931369299,residential,False,,False,114.08297630901255,,,,,,,
8635015869,1680666900,0,155691182,residential,False,,False,76.0923205890072,ถนนสันติราษฎร์,,,,,,
8635015869,1680667594,0,155691182,residential,False,,True,126.49492389534316,ถนนสันติราษฎร์,,,,,,
8635015869,8635015875,0,931371927,residential,False,,True,57.511601464022704,,,,,,,
8635015875,8635015869,0,931371927,residential,False,,False,57.5116014640227,,,,,,,
8635016187,1680665743,0,142456563,residential,False,,False,43.57559851536079,ถนนเทศาพัฒนา,,,,,,
8635016187,1680665730,0,142456563,residential,False,,True,7.622393940668096,ถนนเทศาพัฒนา,,,,,,
8635016187,8635016188,0,931369773,residential,False,,True,97.47289232341703,,,,,,,
8635016188,1680665890,0,102026849,secondary,True,,False,47.669840872911315,ถนนเพชรเกษม,,,,,,
8635016188,8635016187,0,931369773,residential,False,,False,97.47289232341703,,,,,,,
8635019312,4890612660,0,497502759,residential,False,,True,104.17837045469952,Thanon Wathatyainai Soi 3,,,,,,
8635019312,4890612661,0,"[497502762, 497502759]",residential,False,,False,115.51892112604602,Thanon Wathatyainai Soi 3,,,,,,
8635019312,8635019316,0,931378088,residential,False,,True,37.110523562792025,,,,,,,
8635019316,8635019312,0,931378088,residential,False,,False,37.110523562792025,,,,,,,
8635021108,4890612660,0,931376481,residential,False,,False,107.65309135361176,,,,,,,
8635026201,4900466227,0,706256384,residential,False,,True,34.053724851726535,Thanon Thungsao 2,,,,,,
8635026201,4900465647,0,706256384,residential,False,,False,43.8395088223174,Thanon Thungsao 2,,,,,,
8635026201,8635026203,0,931371871,residential,False,,True,103.02596412719731,,,,,,,
8635026203,1680663374,0,706256378,residential,False,,True,39.7080370573588,Thanon Thung Sao 1 Soi 2,,,,,,
8635026203,1680662629,0,706256378,residential,False,,False,156.75195771525063,Thanon Thung Sao 1 Soi 2,,,,,,
8635026203,8635026201,0,931371871,residential,False,,False,103.02596412719731,,,,,,,
8635026610,8635029322,0,498671541,residential,False,,False,148.70113559558493,,,,,,,
8635026610,1108909411,0,699744521,unclassified,False,,False,45.40583522879737,,,,,,,
8635029322,4900465140,0,155690274,residential,False,,False,43.923499868330744,,,,,,,
8635029322,1558729819,0,155690274,residential,False,,True,6.120497523901878,,,,,,,
8635029322,8635026610,0,498671541,residential,False,,True,148.7011355955849,,,,,,,
8635033142,4890612678,0,931372205,residential,False,,True,61.214549559334856,,,,,,,
8635037516,1680667891,0,706335018,residential,False,,False,81.86990926510612,Thanon Rajburana,,,,,,
8635037516,1680668031,0,706335018,residential,False,,True,41.490327180450954,Thanon Rajburana,,,,,,
8635037516,8635042217,0,931372587,residential,False,,True,33.795289969154325,,,,,,,
8635042217,8635037516,0,931372587,residential,False,,False,33.795289969154325,,,,,,,
8635042218,1680667875,0,155691182,residential,False,,False,7.827584252150143,ถนนสันติราษฎร์,,,,,,
8635042218,1680668031,0,155691182,residential,False,,True,54.697052942017166,ถนนสันติราษฎร์,,,,,,
8635042218,8635042219,0,931372588,residential,False,,True,34.34753546400097,,,,,,,
8635042219,8635042218,0,931372588,residential,False,,False,34.34753546400097,,,,,,,
8635042220,8635042221,0,931372589,residential,False,,True,50.06006674030564,,,,,,,
8635042221,4890613570,0,706341245,tertiary,False,,False,38.5483041162276,ถนนสาครมงคล,,,,,,
8635042221,8635042223,0,706341245,tertiary,False,,True,21.660596281923784,ถนนสาครมงคล,,,,,,
8635042221,8635042220,0,931372589,residential,False,,False,50.06006674030564,,,,,,,
8635042222,8635042223,0,931372590,residential,False,,True,62.29010574199042,,,,,,,
8635042223,8635042221,0,706341245,tertiary,False,,False,21.660596281923784,ถนนสาครมงคล,,,,,,
8635042223,1680667891,0,706341245,tertiary,False,,True,36.56997505883926,ถนนสาครมงคล,,,,,,
8635042223,8635042222,0,931372590,residential,False,,False,62.29010574199042,,,,,,,
8635054066,13345661862,0,497502883,residential,False,,True,79.43589422960734,,,,,,,
8635076197,8635076199,0,706357257,residential,False,,False,25.324415022989776,Thanon Rajuthit Soi 9,,,,,,
8635076197,8635076206,0,706357257,residential,False,,True,20.355644493439655,Thanon Rajuthit Soi 9,,,,,,
8635076197,8635076198,0,931381247,residential,False,,True,64.47789292854456,,,,,,,
8635076198,8635076200,0,931381249,residential,False,,False,25.025535010515057,,,,,,,
8635076198,8635076197,0,931381247,residential,False,,False,64.47789292854456,,,,,,,
8635076198,8635076206,0,931381249,residential,False,,True,82.75831754931957,,,,,,,
8635076199,1680666316,0,706357257,residential,False,,False,28.75989190324496,Thanon Rajuthit Soi 9,,,,,,
8635076199,8635076197,0,706357257,residential,False,,True,25.324415022989776,Thanon Rajuthit Soi 9,,,,,,
8635076199,8635076200,0,931381248,residential,False,,True,64.70599117566078,,,,,,,
8635076200,8635076201,0,931381249,residential,False,,False,16.485108937417632,,,,,,,
8635076200,8635076198,0,931381249,residential,False,,True,25.025535010515057,,,,,,,
8635076200,8635076199,0,931381248,residential,False,,False,64.70599117566078,,,,,,,
8635076201,8635076200,0,931381249,residential,False,,True,16.485108937417632,,,,,,,
8635076206,8635076197,0,706357257,residential,False,,False,20.355644493439655,Thanon Rajuthit Soi 9,,,,,,
8635076206,1680666711,0,706357257,residential,False,,True,52.50369758432325,Thanon Rajuthit Soi 9,,,,,,
8635076206,8635076198,0,931381249,residential,False,,False,82.75831754931957,,,,,,,
8635078771,8635078773,0,931380415,residential,False,,True,27.08714655674577,,,,,,,
8635078773,1680665708,0,332224443,tertiary,False,,False,43.7516456226316,ถนนเพชรเกษม ซอย 27,,,,,,
8635078773,8635078771,0,931380415,residential,False,,False,27.08714655674577,,,,,,,
8635148768,8635148769,0,931388086,residential,False,,True,77.4281167135168,,,,,,,
8635148769,1421020884,0,706357258,residential,False,,False,39.33393206053881,Pracha Uthit Road,,,,,,
8635148769,1680667348,0,706357258,residential,False,,True,48.07569799327379,Pracha Uthit Road,,,,,,
8635148769,8635148768,0,931388086,residential,False,,False,77.4281167135168,,,,,,,
8635153349,1680664214,0,155690987,residential,False,,False,178.8168141191552,,,,,,,
8635157789,2508580731,0,243453858,residential,False,,False,58.375178147745316,,,,,,,
8635157789,2508580903,0,243453858,residential,False,,True,50.721638624020294,,,,,,,
8635157789,13451926422,0,1466672139,residential,False,,False,36.148358339965206,,,,,,,
8635169926,796747673,0,96941856,residential,False,,False,55.62647172468907,ถนนจันทร์นิเวศน์ 3,,,,,,
8635169926,1431715414,0,96941856,residential,False,,True,89.37919476960806,ถนนจันทร์นิเวศน์ 3,,,,,,
8635169926,8635169927,0,931388873,residential,False,,True,27.34636187571146,,,,,,,
8635169926,1680664255,0,931388873,residential,False,,False,49.79860709148821,,,,,,,
8635169927,8635169926,0,931388873,residential,False,,False,27.34636187571146,,,,,,,
8635181944,4900465119,0,931389386,residential,False,,False,90.03519258317513,,,,,,,
8635205770,2508580974,0,98480951,residential,False,,True,33.95016481591911,ซอยโสภณพิทยาคุณานุสรณ์,,,,,,
8635205770,4900465366,0,98480951,residential,False,,False,86.94396241405674,ซอยโสภณพิทยาคุณานุสรณ์,,,,,,
8635205770,13429840826,0,931394767,residential,False,,True,35.901010282438165,,,,,,,
8635205774,13429840826,0,931394767,residential,False,,False,6.843868196628462,,,,,,,
8635215148,8635215150,0,931394424,residential,False,,False,66.76501413026145,,,,,,,
8635215150,2508580974,0,98480951,residential,False,,False,61.32624998291165,ซอยโสภณพิทยาคุณานุสรณ์,,,,,,
8635215150,2508580903,0,98480951,residential,False,,True,48.14331534758437,ซอยโสภณพิทยาคุณานุสรณ์,,,,,,
8635215150,8635215148,0,931394424,residential,False,,True,66.76501413026145,,,,,,,
8635272036,2507402008,0,243314447,residential,False,,True,70.52870822331013,,,,,,,
8635272036,8635272037,0,931403337,residential,False,,True,89.48021159431809,,,,,,,
8635272036,2507402055,0,243314447,residential,False,,False,94.85341823052605,,,,,,,
8635272037,2507402010,0,96242772,tertiary,False,,False,75.52735576800353,ถนนนิพัทธ์สงเคราะห์ 4,,,,,,
8635272037,1115585867,0,96242772,tertiary,False,,True,120.85890839412144,ถนนนิพัทธ์สงเคราะห์ 4,,,,,,
8635272037,8635272036,0,931403337,residential,False,,False,89.48021159431809,,,,,,,
8635323855,2507402055,0,84842972,tertiary,False,,False,68.27962844433522,ถนนรัถการ,2,,,,,
8635323855,1431867132,0,84842972,tertiary,False,,True,35.497023727938306,ถนนรัถการ,2,,,,,
8635323855,8635323856,0,931407024,residential,False,,True,20.68817770251858,,,,,,,
8635323856,8635323855,0,931407024,residential,False,,False,20.68817770251858,,,,,,,
8642083781,8642083782,0,932252684,residential,False,,True,42.749881601250664,,,,,,,
8642083782,2508587005,0,243453998,residential,False,,False,124.02539606893934,,,,,,,
8642083782,8642083781,0,932252684,residential,False,,False,42.749881601250664,,,,,,,
8642083785,8642083786,0,932252687,residential,False,,True,27.1766389028827,,,,,,,
8642083786,8642083785,0,932252687,residential,False,,False,27.1766389028827,,,,,,,
8642083786,8642083787,0,932252688,residential,False,,False,11.731885448938662,,,,,,,
8642083786,8642083788,0,932252688,residential,False,,True,45.91147556979815,,,,,,,
8642083787,8642083786,0,932252688,residential,False,,True,11.731885448938662,,,,,,,
8642083788,8642083786,0,932252688,residential,False,,False,45.91147556979815,,,,,,,
8642083788,8642083790,0,970029499,primary,True,,False,39.83478711899053,ถนนกาญจนวณิชย์,3,,,,,
8642083789,8642083790,0,932252689,residential,False,,True,116.2599113660205,,,,,,,
8642083790,8642083789,0,932252689,residential,False,,False,116.2599113660205,,,,,,,
8642083790,2508586910,0,970029499,primary,True,,False,46.44951141103987,ถนนกาญจนวณิชย์,3,,,,,
8642083802,8642083803,0,932252691,residential,False,,True,11.51880032813884,,,,,,,
8642083803,8642083802,0,932252691,residential,False,,False,11.51880032813884,,,,,,,
8642083803,8642083804,0,932252692,residential,False,,False,12.5930557472064,,,,,,,
8642083803,8642083806,0,932252692,residential,False,,True,82.09659650756105,,,,,,,
8642083804,8642083803,0,932252692,residential,False,,True,12.5930557472064,,,,,,,
8642083806,8642083803,0,932252692,residential,False,,False,82.09659650756105,,,,,,,
8642083806,2505178056,0,970029499,primary,True,,False,70.08188330604838,ถนนกาญจนวณิชย์,3,,,,,
8642110286,2507401980,0,84842970,tertiary,False,,False,13.284634022800079,Niphat Songkhro 5,,,,,,
8642110286,2507401993,0,84842970,tertiary,False,,True,38.5045881806018,Niphat Songkhro 5,,,,,,
8642110286,2507401991,0,"[932261056, 243314397]",residential,False,,"[False, True]",176.1394233211687,,,,,,,
8642139706,2507401175,0,706090134,residential,False,,False,10.112571636413257,Phetkasem Soi 1/1,,,,,,
8642139706,2507401013,0,706090134,residential,False,,True,72.33039200278408,Phetkasem Soi 1/1,,,,,,
8642139706,8642139710,0,932261432,residential,False,,True,45.11899387738319,,,,,,,
8642139710,8642139706,0,932261432,residential,False,,False,45.11899387738319,,,,,,,
8642146095,8642146097,0,932260911,residential,False,,False,75.0357662233422,,,,,,,
8642146097,809537814,0,66984619,secondary,True,,False,77.68680432654946,ถนนเพชรเกษม,,,,,,
8642146097,8642146095,0,932260911,residential,False,,True,75.0357662233422,,,,,,,
8642148172,2507402007,0,84842970,tertiary,False,,False,21.42156549401202,Niphat Songkhro 5,,,,,,
8642148172,2507402016,0,84842970,tertiary,False,,True,34.073855988651864,Niphat Songkhro 5,,,,,,
8642148172,2507402029,0,"[932259978, 243314326]",residential,False,,False,239.2820012056306,Soi Nuakkeawuthid 2,,,,,,
8642189085,4900466254,0,932263501,residential,False,,False,49.887758265109646,,,,,,,
8642230825,8642230826,0,932266425,residential,False,,True,88.62994761029313,,,,,,,
8642230826,1680664437,0,95637123,residential,False,,False,59.17317993374217,Soi 5 Thung Sao 2 Road,,,,,,
8642230826,1431715388,0,95637123,residential,False,,True,10.799696114215173,Soi 5 Thung Sao 2 Road,,,,,,
8642230826,8642230825,0,932266425,residential,False,,False,88.62994761029313,,,,,,,
8642230827,1680664977,0,932266426,residential,False,,True,35.02024931073256,,,,,,,
8642230831,8642230840,0,932266427,residential,False,,True,91.52841215491458,,,,,,,
8642230840,8642230831,0,932266427,residential,False,,False,91.52841215491459,,,,,,,
8642230840,1160612981,0,"[959974136, 1324940249]",secondary,True,,False,113.59756491764152,ถนนศรีภูวนารถ,,,,,,
8642232172,1107926675,0,127078252,residential,False,,True,160.0331549062602,,,,,,,
8642240201,8642240201,0,"[932270042, 497371053]",residential,True,,False,283.47235681315306,,,,,,,
8642240201,1680666013,0,"[1469374841, 155690838, 1228980959]",residential,False,,True,72.62239350000335,,,,,,,
8642241900,1160612966,0,699753144,unclassified,False,,False,3.391558815954344,ถนนเทียนจ่ออุทิศ 1,,,,,,
8642241900,1177550822,0,699753144,unclassified,False,,True,181.43843672863082,ถนนเทียนจ่ออุทิศ 1,,,,,,
8642241900,8642241901,0,932269349,residential,False,,True,79.50960231594308,,,,,,,
8642241901,8932196702,0,706280754,residential,False,,False,79.53249619505283,Soi Thromchaiphayyhana,,,,,,
8642241901,8642241900,0,932269349,residential,False,,False,79.50960231594308,,,,,,,
8642241901,8642310454,0,706280754,residential,False,,True,143.14285517776838,Soi Thromchaiphayyhana,,,,,,
8642257134,4900464579,0,706302594,residential,False,,False,34.70419589073746,Soi Klongdamrei,,,,,,
8642257134,13078067434,0,706302594,residential,False,,True,14.258509123253688,Soi Klongdamrei,,,,,,
8642257134,8642257139,0,932269361,residential,False,,True,41.605112415625385,,,,,,,
8642257139,8642257134,0,932269361,residential,False,,False,41.605112415625385,,,,,,,
8642277086,8642277087,0,932272576,residential,False,,True,29.264305531381055,,,,,,,
8642277087,8642277086,0,932272576,residential,False,,False,29.264305531381055,,,,,,,
8642277087,8642277095,0,932272577,residential,False,,True,35.489781367408966,,,,,,,
8642277087,8642277088,0,932272577,residential,False,,False,84.38446425528662,,,,,,,
8642277088,8642277087,0,932272577,residential,False,,True,84.38446425528663,,,,,,,
8642277095,8642277087,0,932272577,residential,False,,False,35.489781367408966,,,,,,,
8642277095,1680665621,0,959974136,secondary,True,,False,48.149835037409915,ถนนศรีภูวนารถ,,,,,,
8642279457,8642279458,0,932272837,residential,False,,True,76.23985794291903,,,,,,,
8642279458,8642279457,0,932272837,residential,False,,False,76.23985794291903,,,,,,,
8642279458,1431867127,0,706087700,unclassified,False,,False,68.76187845833213,Thanon Klongren 2 Soi 1,,,,,,
8642279458,1431867112,0,"[706087697, 706087700]",unclassified,False,,True,231.1428974563592,Thanon Klongren 2 Soi 1,,,,,,
8642310443,8642310454,0,932275447,residential,False,,True,81.72001971522081,,,,,,,
8642310454,8642241901,0,706280754,residential,False,,False,143.14285517776838,Soi Thromchaiphayyhana,,,,,,
8642310454,6636512227,0,706280754,residential,False,,True,123.37847251388266,Soi Thromchaiphayyhana,,,,,,
8642310454,8642310443,0,932275447,residential,False,,False,81.72001971522081,,,,,,,
8642314348,2507402046,0,932275427,residential,False,,False,141.66200250619923,,,,,,,
8642332888,1407219266,0,"[932277411, 127078067]",residential,False,,False,241.00820409806323,Thanon Karnjanavanit Soi 20,,,yes,,,
8642352374,8642372197,0,110691139,residential,False,,False,183.81349606374647,Thanon Klongren 2 Soi 4,,,,,,
8642352374,4900465167,0,110691139,residential,False,,True,44.39866454626838,Thanon Klongren 2 Soi 4,,,,,,
8642352374,8642352379,0,932280349,residential,False,,True,88.35294517192504,,,,,,,
8642352379,8642359276,0,104353664,unclassified,False,,False,4.146672932652686,Thanon Klongren 2 Soi 6,,,,,,
8642352379,4900465168,0,104353664,unclassified,False,,True,30.715483852062544,Thanon Klongren 2 Soi 6,,,,,,
8642352379,8642352374,0,932280349,residential,False,,False,88.35294517192503,,,,,,,
8642359275,1407219129,0,104353662,tertiary,False,,False,36.72393057845226,ถนนกาญจนวนิช ซอย18,,,,,,
8642359275,8642359276,0,"[104353664, 104353658, 104353662]","['tertiary', 'unclassified']",False,,True,15.441449005738022,"['Thanon Klongren 2 Soi 6', 'ถนนกาญจนวนิช ซอย18']",,,yes,,,
8642359275,8976428997,0,129842389,residential,False,,False,314.7591101035538,ถนนจันท์ราชอนุสรณ์,,,,,,
8642359276,8642352379,0,104353664,unclassified,False,,True,4.146672932652686,Thanon Klongren 2 Soi 6,,,,,,
8642359276,1431867157,0,129842394,residential,False,,False,43.369053325931304,,,,,,,
8642359276,8642359275,0,"[104353664, 104353658, 104353662]","['tertiary', 'unclassified']",False,,False,15.441449005738022,"['Thanon Klongren 2 Soi 6', 'ถนนกาญจนวนิช ซอย18']",,,yes,,,
8642372197,8642352374,0,110691139,residential,False,,True,183.81349606374647,Thanon Klongren 2 Soi 4,,,,,,
8642372197,1558314100,0,142395240,residential,False,,True,46.84833492878834,,,,,,,
8642372197,1203972117,0,"[127078023, 142395238, 932281887]",residential,False,,False,124.97175480842935,,,,yes,,,
8642373366,8642373372,0,932281961,residential,False,,True,100.93963591073052,,,,,,,
8642373372,1680666786,0,243188783,tertiary,True,,False,40.03045552227976,ถนนราษฏร์อุทิศ,,,,,,
8642373372,8642373366,0,932281961,residential,False,,False,100.93963591073052,,,,,,,
8642396828,1680663479,0,932285143,residential,False,,True,54.26781473085177,,,,,,,
8642403175,1680663045,0,932284833,residential,False,,True,38.4251832204638,,,,,,,
8642418345,8642418345,0,"[931370856, 932287473]",residential,False,,False,133.44211754079038,,,,,,,
8642418345,8642418345,1,"[931370856, 932287473]",residential,False,,True,133.4421175407904,,,,,,,
8642418345,4900465375,0,931370856,residential,False,,True,79.50799379076182,,,,,,,
8642422630,4900465375,0,932287685,residential,False,,True,64.70538849277439,,,,,,,
8642422885,6636840466,0,932290126,residential,False,,False,39.44766474215211,Soi 14 Polpichai,,,,,,
8642422885,8642452531,0,932290126,residential,False,,True,66.27580025726823,Soi 14 Polpichai,,,,,,
8642422885,8642422888,0,932289660,residential,False,,True,133.24103419221402,,,,,,,
8642422888,1108909564,0,155690908,residential,False,,False,36.123354723886656,Thanon Phonphichai Soi 12,,,,,,
8642422888,1680662578,0,155690908,residential,False,,True,46.5219138859065,Thanon Phonphichai Soi 12,,,,,,
8642422888,8642422885,0,932289660,residential,False,,False,133.24103419221404,,,,,,,
8642439364,1680665504,0,155690779,residential,False,,True,159.7410460879338,,,,,,,
8642449289,10962944847,0,932289877,residential,False,,True,23.74041310885597,,,,,,,
8642449290,10962944847,0,932289877,residential,False,,False,43.86867929576508,,,,,,,
8642449290,8642449291,0,932289878,residential,False,,False,14.50316828942957,,,,,,,
8642449290,10962944848,0,932289878,residential,False,,True,111.19728735626677,,,,,,,
8642449291,8642449290,0,932289878,residential,False,,True,14.50316828942957,,,,,,,
8642451999,8642452000,0,932291792,residential,False,,True,36.9977239303189,,,,,,,
8642452000,8642454293,0,155690911,residential,False,,False,48.4810709845476,Soi Permcharoem,,,,,,
8642452000,8642451999,0,932291792,residential,False,,False,36.9977239303189,,,,,,,
8642452000,1680662680,0,155690911,residential,False,,True,111.54688255596449,Soi Permcharoem,,,,,,
8642452531,8642422885,0,932290126,residential,False,,False,66.27580025726823,Soi 14 Polpichai,,,,,,
8642452531,8642452531,0,"[932290126, 706318670]",residential,False,,False,396.13564663265186,Soi 14 Polpichai,,,,,,
8642452531,8642452531,1,"[706318670, 932290126]",residential,False,,True,396.13564663265174,Soi 14 Polpichai,,,,,,
8642454293,1680663542,0,155690911,residential,False,,False,34.97199340515343,Soi Permcharoem,,,,,,
8642454293,8642452000,0,155690911,residential,False,,True,48.4810709845476,Soi Permcharoem,,,,,,
8642454293,13428820087,0,932290997,residential,False,,False,56.878156089841724,,,,,,,
8642477628,8642477638,0,932293315,residential,False,,False,331.38071472713045,,,,,,,
8642477638,2505175805,0,243079632,tertiary,True,,False,86.39422926386624,,,,,,,
8642477638,8642477628,0,932293315,residential,False,,True,331.3807147271305,,,,,,,
8642505204,1196108339,0,959988786,secondary,True,4135,False,30.69997033062499,,,,,,,
8642505204,8642505207,0,932297958,residential,False,,True,43.127951752919564,,,,,,,
8642505207,1196108339,0,932297957,residential,False,,True,27.705566374452427,,,,,,,
8642505207,8642505204,0,932297958,residential,False,,False,43.12795175291957,,,,,,,
8642505207,8642505216,0,932297958,residential,False,,True,124.62819407850287,,,,,,,
8642505216,4890612424,0,497502920,residential,False,,True,65.37809228485133,,,,,,,
8642505216,8642505207,0,932297958,residential,False,,False,124.62819407850287,,,,,,,
8642505510,8642536918,0,127078173,residential,False,,False,28.975654142715698,Thanon Karnchanawanich Soi 23,,,,,,
8642505510,8642505516,0,932300098,residential,False,,True,43.35901746769278,,,,,,,
8642505516,1407219537,0,127078357,residential,False,,True,26.6944010579213,Thanon Karnchanawanich Soi 24,,,,,,
8642505516,8642505510,0,932300098,residential,False,,False,43.35901746769278,,,,,,,
8642536918,8642505510,0,127078173,residential,False,,True,28.975654142715698,Thanon Karnchanawanich Soi 23,,,,,,
8642536918,1407219537,0,932300100,residential,False,,True,43.3712002494038,,,,,,,
8642536918,1407220073,0,127078173,residential,False,,False,142.53867323411154,Thanon Karnchanawanich Soi 23,,,,,,
8642543867,8642543868,0,932303324,residential,False,,True,29.664824295320322,,,,,,,
8642543868,1680661022,0,155690831,residential,False,,False,84.74731325246049,,,,,,,
8642543868,1680660943,0,155690831,residential,False,,True,41.40118823907944,,,,,,,
8642543868,8642543867,0,932303324,residential,False,,False,29.664824295320322,,,,,,,
8642546242,4902418332,0,155691160,residential,False,,False,40.43965914139345,Thanon Rimmueng,,,,,,
8642546242,1680660870,0,155691160,residential,False,,True,4.2467075208494744,Thanon Rimmueng,,,,,,
8642546242,1680660943,0,932302870,residential,False,,True,72.64892090611988,,,,,,,
8642553287,8642553288,0,932304599,residential,False,,True,35.86851654238901,,,,,,,
8642553288,8642553287,0,932304599,residential,False,,False,35.86851654238901,,,,,,,
8642553288,1680665406,0,155691024,residential,False,,False,93.96754383825083,ถนนศรีภูวนารถ ซอย 14,,,,,,
8642553288,8642704194,0,155691024,residential,False,,True,68.75395096393699,ถนนศรีภูวนารถ ซอย 14,,,,,,
8642553289,8642553290,0,932304600,residential,False,,True,81.59820366719617,,,,,,,
8642553290,4900465023,0,498671419,residential,False,,False,16.326839839040982,,,,,,,
8642553290,4900465022,0,498671419,residential,False,,True,95.44874807859053,,,,,,,
8642553290,8642553289,0,932304600,residential,False,,False,81.59820366719617,,,,,,,
8642565701,2506106689,0,700908867,tertiary,False,,False,35.7730190292757,Soi 4 Karnjanavit,,,,,,
8642565701,8642592922,0,700908867,tertiary,False,,True,59.795519138194194,Soi 4 Karnjanavit,,,,,,
8642565701,8642565702,0,932306991,residential,False,,True,26.96670691086199,,,,,,,
8642565702,8642565701,0,932306991,residential,False,,False,26.96670691086199,,,,,,,
8642587441,8642587446,0,127078175,residential,False,,False,11.533182309482068,,,,,,,
8642587441,1407218192,0,127078175,residential,False,,True,58.265012217062036,,,,,,,
8642587441,1407218192,1,127078362,residential,False,,True,55.424425513169055,,,,,,,
8642587446,8642587441,0,127078175,residential,False,,True,11.533182309482068,,,,,,,
8642592922,8642565701,0,700908867,tertiary,False,,False,59.795519138194194,Soi 4 Karnjanavit,,,,,,
8642592922,2506106694,0,700908867,tertiary,False,,True,87.03680777535081,Soi 4 Karnjanavit,,,,,,
8642592922,8642592923,0,932307335,residential,False,,True,47.65821799498952,,,,,,,
8642592923,8642592922,0,932307335,residential,False,,False,47.65821799498952,,,,,,,
8642638894,8642638895,0,932312925,residential,False,,True,35.51998585486311,,,,,,,
8642638895,4900465095,0,155690992,residential,False,,True,46.244711347847144,,,,,,,
8642638895,8642638894,0,932312925,residential,False,,False,35.51998585486311,,,,,,,
8642638895,4900465684,0,"[155690992, 498671622]",residential,False,,False,111.42475961510492,,,,,,,
8642662591,8642662592,0,932315230,residential,False,,True,29.892796260254297,,,,,,,
8642662592,1263469280,0,110691139,residential,False,,True,120.52465476660767,Thanon Klongren 2 Soi 4,,,,,,
8642662592,8642662591,0,932315230,residential,False,,False,29.892796260254297,,,,,,,
8642662592,1263469174,0,110691139,residential,False,,False,163.82239529421287,Thanon Klongren 2 Soi 4,,,,,,
8642692661,8642700034,0,932318888,residential,False,,True,24.490707886963115,,,,,,,
8642692665,1559016813,0,142455602,residential,False,,False,41.14854208680653,Thanon Jannavate 3,,,,,,
8642692665,1559016815,0,142455602,residential,False,,True,37.41930595286675,Thanon Jannavate 3,,,,,,
8642692665,8642700034,0,932318888,residential,False,,False,152.3434674921691,,,,,,,
8642697487,1680665180,0,"[1217977144, 932318967]",residential,False,,True,76.00407827202554,,,,,,,
8642697501,1108909401,0,95637123,residential,False,,False,21.41727750429643,Soi 5 Thung Sao 2 Road,,,,,,
8642697501,1680664603,0,95637123,residential,False,,True,32.15156043545884,Soi 5 Thung Sao 2 Road,,,,,,
8642697501,8642697507,0,932318969,residential,False,,True,99.16316628633237,,,,,,,
8642697507,1680664921,0,932318969,residential,False,,True,24.121804600720576,,,,,,,
8642697507,1108909293,0,"[932318964, 932318965]",residential,False,,True,159.45906134180615,,,,,,,
8642697507,8642697501,0,932318969,residential,False,,False,99.16316628633234,,,,,,,
8642700034,8642692661,0,932318888,residential,False,,False,24.490707886963115,,,,,,,
8642700034,1680663374,0,155690732,residential,False,,False,132.3533809412565,,,,,,,
8642700034,8642692665,0,932318888,residential,False,,True,152.3434674921691,,,,,,,
8642704137,1407217821,0,127078267,residential,False,,False,56.912393992171864,Soi 18/3 Karnjanav Anit Road,,,,,,
8642704137,8642704138,0,932321365,residential,False,,True,32.64730745829854,,,,,,,
8642704137,1407218844,0,127078267,residential,False,,True,148.19148943247734,Soi 18/3 Karnjanav Anit Road,,,,,,
8642704138,8642704137,0,932321365,residential,False,,False,32.64730745829854,,,,,,,
8642704194,8642553288,0,155691024,residential,False,,False,68.75395096393699,ถนนศรีภูวนารถ ซอย 14,,,,,,
8642704670,4900465646,0,932320233,residential,False,,True,24.588020842562617,,,,,,,
8642704671,1108909562,0,706265654,tertiary,False,,False,74.0964590160183,Thung Sao 1 Rd,,,,,,
8642704671,1680663938,0,706265654,tertiary,False,,True,34.57501770205805,Thung Sao 1 Rd,,,,,,
8642704671,4900465646,0,932320233,residential,False,,False,67.18827237086622,,,,,,,
8642733849,8642733850,0,932324369,residential,False,,True,25.417151261384788,,,,,,,
8642733850,1431867103,0,129842397,residential,False,,True,78.84130177653488,Thanon Klongren 2 Soi 7,,,,,,
8642733850,8642733849,0,932324369,residential,False,,False,25.417151261384788,,,,,,,
8642733850,1431867150,0,129842397,residential,False,,False,134.202584231325,Thanon Klongren 2 Soi 7,,,,,,
8642740884,2508581795,0,932327463,residential,False,,True,36.98548651802485,,,,,,,
8642766301,2508583030,0,932329124,residential,False,,True,25.79521626233943,,,,,,,
8642774009,8642774010,0,932329078,residential,False,,True,53.07516545661969,,,,,,,
8642774010,4900465457,0,931321078,tertiary,False,,False,30.201141875088755,ถนนพลพิชัย,,,,,,
8642774010,485580824,0,931321078,tertiary,False,,True,45.04317745446481,ถนนพลพิชัย,,,,,,
8642774010,8642774009,0,932329078,residential,False,,False,53.07516545661969,,,,,,,
8642866006,2507400591,0,"[932339001, 155690866, 243314310]",residential,False,,False,15.996493421576654,,,,yes,,,
8642866006,1680666775,0,932339002,secondary,True,,False,265.51814172830314,ถนนราษฎร์ยินดี,2,,,,,
8642879788,11055915145,0,1190730136,residential,False,,False,18.872472363463018,,,,,,,
8642879788,1559016826,0,1190730136,residential,False,,True,16.973865015816784,,,,,,,
8642879788,11055915144,0,932340963,residential,False,,True,80.55389642512296,,,,,,,
8642883736,8634759753,0,243188518,residential,False,,False,48.79080070001426,,,,,,,
8642883736,8642883747,0,243188518,residential,False,,True,78.4880023982241,,,,,,,
8642883736,4893013045,0,932341364,residential,False,,True,60.26790698623084,,,,,,,
8642883747,8642883736,0,243188518,residential,False,,False,78.4880023982241,,,,,,,
8642883747,2506088538,0,243188518,residential,False,,True,308.4160289243997,,,,,,,
8642883747,4900490240,0,932341363,residential,False,,False,66.65754699606029,,,,,,,
8642907669,985092499,0,84842970,tertiary,False,,False,20.18887712161075,Niphat Songkhro 5,,,,,,
8642907669,2507402069,0,84842970,tertiary,False,,True,25.603810006668954,Niphat Songkhro 5,,,,,,
8642907669,8642907670,0,932343455,residential,False,,True,29.088334756449022,,,,,,,
8642907670,8642907669,0,932343455,residential,False,,False,29.088334756449022,,,,,,,
8642916473,8642916477,0,932347350,residential,False,,True,137.49850272024003,,,,,,,
8642916477,4900466243,0,48923851,residential,True,,False,16.332827235472237,ถนนรัถการ,,,,,,
8642916477,8642916473,0,932347350,residential,False,,False,137.49850272024,,,,,,,
8642937272,4900465306,0,932353333,residential,False,,True,26.607534261596893,,,,,,,
8642938683,8642938686,0,932353616,residential,False,,False,185.9699613778632,,,,,,,
8642938686,2506096044,0,243188686,residential,False,,True,61.706952025876134,,,,,,,
8642938686,2506096763,0,243188686,residential,False,,False,323.73227684189106,,,,,,,
8642938686,8642938683,0,932353616,residential,False,,True,185.9699613778632,,,,,,,
8642948011,2506085694,0,706357259,residential,True,,False,23.52732603917976,,,,,,,
8642948011,2506085743,0,"[243188524, 962795389]",residential,False,,False,65.14273012831576,,,,,,,
8642948011,2506088794,0,243188524,residential,False,,True,666.2223119277218,,,,,,,
8642954944,4900465115,0,932349518,residential,False,,False,34.04060695475746,,,,,,,
8642960061,1680663894,0,498671547,residential,False,,False,158.9219134655027,,,,,,,
8642974117,2506088770,0,243188008,residential,False,,False,73.2548437648786,Thanon Chokesaman 5 Soi 7,,,,,,
8642974117,2506088794,0,243188707,tertiary,False,,False,10.59106386757648,Thanon Chokesaman 5,,,,,,
8642974117,2506090112,0,243188707,tertiary,False,,True,155.34926268575225,Thanon Chokesaman 5,,,,,,
8642974128,2506090112,0,243188649,residential,False,,False,89.43217526995305,Thanon Chokesaman 5 Soi 8,,,,,,
8642974128,2506089259,0,243188649,residential,False,,True,272.1395516965325,Thanon Chokesaman 5 Soi 8,,,,,,
8642974128,2506089493,0,932351264,residential,False,,False,67.31885978855256,,,,,,,
8642974129,8642974130,0,932351265,residential,False,,True,45.04186900223743,,,,,,,
8642974130,2506088770,0,243188032,residential,False,,False,42.18783696482608,Thanon Chokesaman 4,,,,,,
8642974130,2506089493,0,243188032,residential,False,,True,46.613856150698126,Thanon Chokesaman 4,,,,,,
8642974130,8642974129,0,932351265,residential,False,,False,45.04186900223743,,,,,,,
8643039739,4900465150,0,932359407,residential,False,,True,26.14924570153367,,,,,,,
8643039740,13470740163,0,706096645,residential,False,,False,100.63602916400453,,,,,,,
8643039740,4900465150,0,932359407,residential,False,,False,36.35287372184348,,,,,,,
8643039740,4900465149,0,"[706096645, 706096639]",residential,False,,True,177.26534092113474,Thanon Nipatuthit 1 Soi 1,,,,,,
8643042269,13347091083,0,932366372,residential,False,,False,28.443628177553126,,,,,,,
8643078822,8643078823,0,932361977,residential,False,,True,69.57014077152745,,,,,,,
8643078823,8643078822,0,932361977,residential,False,,False,69.57014077152745,,,,,,,
8643078823,2506087819,0,243188038,residential,False,,False,157.5854770468473,,,,,,,
8643078823,2506087556,0,243188038,residential,False,,True,44.52473349177829,,,,,,,
8643084306,1680662629,0,932367098,residential,False,,False,123.75227325191194,,,,,,,
8643108428,8643108429,0,932366406,residential,False,,True,45.14211033167861,,,,,,,
8643108429,8643108428,0,932366406,residential,False,,False,45.14211033167861,,,,,,,
8643108429,4890613037,0,497502602,residential,False,,False,76.14786159296077,,,,,,,
8643108429,2506088321,0,"[497502602, 243188054]",residential,False,,"[False, True]",159.42418079830094,Thanon Rattana Uthit Soi 1,,,,,,
8643109462,4900465229,0,932367801,residential,False,,False,86.0381553392284,,,,,,,
8643114367,1559016909,0,155690741,residential,False,,False,69.93969604867945,Thanon Chaiyakuluthit Soi 2,,,,,,
8643114367,1680666468,0,155690741,residential,False,,True,68.05602380743349,Thanon Chaiyakuluthit Soi 2,,,,,,
8643114367,1110416655,0,932368267,residential,False,,True,46.85161155071816,,,,,,,
8643118819,1680662687,0,155690788,residential,False,,False,31.91231018124115,Thanon Thungsao 2 Soi 2/2,,,,,,
8643118819,1680662801,0,155690788,residential,False,,True,37.69831048417248,Thanon Thungsao 2 Soi 2/2,,,,,,
8643118819,1680662584,0,932367454,residential,False,,False,61.37265853614177,,,,,,,
8643255340,4900465408,0,155690987,residential,False,,True,28.694663664905214,,,,,,,
8643255340,8643255341,0,932383059,residential,False,,True,95.82144868137833,,,,,,,
8643255340,4900465457,0,"[155690987, 498671572]",residential,False,,"[False, True]",137.28635536710266,Ruangkool Road,,,,,,
8643255341,8643255340,0,932383059,residential,False,,False,95.82144868137833,,,,,,,
8643290511,1107862887,0,932391651,residential,False,,True,148.7031671100549,,,,,,,
8643291815,8643291816,0,932390449,residential,False,,True,50.66620576143064,,,,,,,
8643291815,485580829,0,1173586183,secondary,True,,False,22.92461247062523,ถนนศรีภูวนารถ,,,,,,
8643291816,1107862926,0,498671445,residential,False,,False,46.98074495456009,,,,,,,
8643291816,4900465106,0,498671445,residential,False,,True,22.373898988849373,,,,,,,
8643291816,8643291815,0,932390449,residential,False,,False,50.66620576143064,,,,,,,
8643312637,8643312641,0,932389650,residential,False,,True,31.960772444984663,,,,,,,
8643312641,1431715447,0,1463939400,residential,False,,True,86.27937462459182,ถนนนิพัทธ์อุทิศ 1,2,,,,,
8643312641,8643312637,0,932389650,residential,False,,False,31.960772444984663,,,,,,,
8643312641,1431715412,0,"[1463880024, 155691206, 155691208]",residential,False,,False,104.70507465255845,"['ถนนนิพัทธ์อุทิศ 1', 'Ratanawiboon Road']",2,,yes,,,
8643315937,8643315940,0,932389995,residential,False,,True,47.86212251276237,,,,,,,
8643315937,3307262847,0,1315837498,tertiary,True,,False,84.29570251275453,ถนนนิพัทธ์อุทิศ 1,3,,,,,
8643315940,8643315937,0,932389995,residential,False,,False,47.86212251276237,,,,,,,
8643316526,1680664593,0,932390804,residential,False,,True,63.30216142521229,,,,,,,
8643391228,8643391229,0,932397820,residential,False,,True,110.43369143934416,,,,,,,
8643391229,8643391228,0,932397820,residential,False,,False,110.43369143934416,,,,,,,
8643391229,2506101627,0,932397821,residential,False,,True,49.314522868214695,,,,,,,
8643391229,8643391230,0,932397821,residential,False,,False,57.88201354485794,,,,,,,
8643391230,8643391229,0,932397821,residential,False,,True,57.88201354485794,,,,,,,
8643637488,1407217725,0,127078232,residential,False,,True,83.23762756388304,Soi Sirichotuthit 1,,,,,,
8643637488,1407219215,0,932263999,residential,False,,True,60.293919176247854,,,,,,,
8643672868,4900465066,0,932433860,residential,False,,True,30.479331877779572,,,,,,,
8645883338,13377816018,0,1458112698,residential,False,,False,29.07026915845867,,,,,,,
8645883338,2507401852,0,243314391,residential,False,,False,114.04150204711814,Soi Potipongsautit,,,,,,
8645883338,2507401818,0,243314391,residential,False,,True,27.813937946986826,Soi Potipongsautit,,,,,,
8645883351,8645883352,0,932706160,residential,False,,True,96.8237256460238,,,,,,,
8645883351,2507401984,0,932706161,residential,False,,True,8.118711390838365,,,,,,,
8645883351,8645883353,0,932706161,residential,False,,False,89.59482341214674,,,,,,,
8645883352,8645883351,0,932706160,residential,False,,False,96.8237256460238,,,,,,,
8645883353,8645883351,0,932706161,residential,False,,True,89.59482341214674,,,,,,,
8645883360,8645883361,0,932706162,residential,False,,True,22.986080941596327,,,,,,,
8645883361,2507402036,0,243314138,residential,False,,False,227.0239028991155,ซอยแก้วพรหมทอง,,,,,,
8645883361,2507402038,0,243314138,residential,False,,True,27.24444821862772,ซอยแก้วพรหมทอง,,,,,,
8645883361,8645883360,0,932706162,residential,False,,False,22.986080941596327,,,,,,,
8881865433,1407221250,0,959970868,residential,False,,False,9.819028315741775,Thanon Poonnakan Soi 1,,,,,,
8931905981,8931905999,0,965507809,residential,False,,True,133.48046733088398,,,,,,,
8931905999,2508580785,0,98480951,residential,False,,False,48.14884844533274,ซอยโสภณพิทยาคุณานุสรณ์,,,,,,
8931905999,8932856894,0,98480951,residential,False,,True,39.17297218233442,ซอยโสภณพิทยาคุณานุสรณ์,,,,,,
8931905999,8931905981,0,965507809,residential,False,,False,133.48046733088404,,,,,,,
8931957948,2508580665,0,243453876,residential,False,,True,228.56241204432794,,,,,,,
8932024360,2508581944,0,"[243454303, 1211498511]",residential,False,,False,199.83156319795634,Thanon Phetkasem Soi 10/13,,,,,,
8932024367,2507401493,0,899704477,residential,False,,True,286.00949727462404,,,,,,,
8932029050,2507401803,0,243314475,residential,False,,False,90.66729737689859,,,,,,,
8932196701,8932196702,0,965537439,residential,False,,True,43.098557579030995,,,,,,,
8932196702,4900465977,0,706280754,residential,False,,False,85.23589064744084,Soi Thromchaiphayyhana,,,,,,
8932196702,8642241901,0,706280754,residential,False,,True,79.53249619505283,Soi Thromchaiphayyhana,,,,,,
8932196702,8932196701,0,965537439,residential,False,,False,43.098557579030995,,,,,,,
8932245608,8932255318,0,965539756,residential,False,,True,79.41486462449299,,,,,,,
8932255318,2507402013,0,243188701,tertiary,False,สข.5061,False,84.4616583911925,ถนนนวลแก้วอุทิศ,,,,,,
8932255318,2506102117,0,243188701,tertiary,False,สข.5061,True,336.49471270603954,ถนนนวลแก้วอุทิศ,,,,,,
8932255318,8932245608,0,965539756,residential,False,,False,79.41486462449299,,,,,,,
8932307553,8932307557,0,965546864,residential,False,,True,80.67119410825265,,,,,,,
8932307557,1407218617,0,104353662,tertiary,False,,False,11.61992416166114,ถนนกาญจนวนิช ซอย18,,,,,,
8932307557,1407219129,0,104353662,tertiary,False,,True,46.329639993805216,ถนนกาญจนวนิช ซอย18,,,,,,
8932307557,8932307553,0,965546864,residential,False,,False,80.67119410825265,,,,,,,
8932309198,849403330,0,965548286,residential,False,,True,121.36125972303427,,,,,,,
8932318158,1431867127,0,498671610,residential,False,,False,79.63761275996025,,,,,,,
8932380443,1120012974,0,965556034,residential,False,,True,44.90406754426103,,,,,,,
8932532276,8932532280,0,1458850631,unclassified,True,,False,43.585759764680326,,,,,,,
8932532276,8932532279,0,1465556797,unclassified,True,,False,35.95137583211037,,,,,,,
8932532280,1430652424,0,1465556728,unclassified,False,,False,12.844354951584613,,,,,,,
8932532280,8932532279,0,499047182,unclassified,True,,False,37.07325725978265,,,,,,,
8932544699,1407217970,0,965575691,tertiary_link,False,,True,7.698011575149332,,,,,,,
8932856894,8931905999,0,98480951,residential,False,,False,39.17297218233442,ซอยโสภณพิทยาคุณานุสรณ์,,,,,,
8932856894,2505177602,0,98480951,residential,False,,True,63.182382430369785,ซอยโสภณพิทยาคุณานุสรณ์,,,,,,
8932856894,8932856899,0,965608613,residential,False,,True,82.02112783746574,,,,,,,
8932856899,8932856894,0,965608613,residential,False,,False,82.02112783746576,,,,,,,
8934538595,8934538596,0,965790446,residential,False,,True,41.84489294153696,,,,,,,
8934538596,1108909411,0,142398165,unclassified,False,,True,5.833596036177864,,,,,,,
8934538596,8934538595,0,965790446,residential,False,,False,41.84489294153696,,,,,,,
8934538596,1558343216,0,142398165,unclassified,False,,False,275.9295255317665,,,,,,,
8934560669,1680666022,0,965792837,residential,False,,True,40.22907004940599,,,,,,,
8934591538,8934591543,0,965807206,residential,False,,True,64.60854209592819,,,,,,,
8934591543,4900465046,0,155690998,residential,False,,False,67.9202864222587,Soi 1 Polpichai,,,,,,
8934591543,4900465655,0,"[567579698, 155690998]",residential,False,,True,36.695791036521925,Soi 1 Polpichai,,,,,,
8934591543,8934591538,0,965807206,residential,False,,False,64.60854209592819,,,,,,,
8934698920,1680660762,0,965807630,residential,False,,True,137.2547363880135,,,,,,,
8934704234,4900465043,0,155691164,residential,False,,True,114.81497158991561,,,,,,,
8934712656,1680666287,0,965810350,residential,False,,True,26.35899813513237,,,,,,,
8934731536,1558729912,0,965810409,residential,False,,False,58.03360878218031,,,,,,,
8934753640,1680665186,0,142398167,unclassified,False,,False,54.25422547690029,,,,,,,
8934753640,8634875767,0,142398167,unclassified,False,,True,31.4977732194327,,,,,,,
8934753640,8934753643,0,965813627,residential,False,,True,70.37310064307829,,,,,,,
8934753643,8934753640,0,965813627,residential,False,,False,70.37310064307827,,,,,,,
8934759687,8934759688,0,965815023,residential,False,,True,38.37504895835989,,,,,,,
8934759688,4464855848,0,155690915,residential,False,,False,64.45642689150176,,,,,,,
8934759688,8934759687,0,965815023,residential,False,,False,38.37504895835989,,,,,,,
8934759688,1680664191,0,155690915,residential,False,,True,107.58680906133105,,,,,,,
8934823998,1680666022,0,155690266,residential,False,,False,116.75875860040547,,,,,,,
8935262474,2506093340,0,965866612,residential,False,,True,67.94240829333391,,,,,,,
8935262479,2507401425,0,243314173,residential,False,,True,57.79660832442517,,,,,,,
8935262479,8935262480,0,965866613,residential,False,,True,54.865049981169555,,,,,,,
8935262479,4900465387,0,"[498671408, 498671546, 243314173]",residential,False,,"[False, True]",139.82844537447625,,,,,,,
8935262480,4900465501,0,706136674,tertiary,False,,False,39.58687420510127,ถนนนิพัทธ์สงเคราะห์ 4,,,,,,
8935262480,1115585548,0,706136674,tertiary,False,,True,69.94434375013111,ถนนนิพัทธ์สงเคราะห์ 4,,,,,,
8935262480,8935262479,0,965866613,residential,False,,False,54.865049981169555,,,,,,,
8935262481,4900465371,0,498671540,residential,False,,False,37.14875889273844,Thanon Nipatsongaew 5 Soi 1,,,,,,
8935262489,2506098523,0,243188548,residential,False,,True,87.32044967039678,Thanon Sakornmongkol 2 Soi 21,,,,,,
8935275219,2507402001,0,243314147,residential,False,,False,74.87725802566867,Thanon Nipatsongkaew 1 Soi 24,,,,,,
8935275220,2507402001,0,243314147,residential,False,,True,100.81243632951839,Thanon Nipatsongkaew 1 Soi 24,,,,,,
8935275220,2507401996,0,243314147,residential,False,,False,88.1457412068118,Thanon Nipatsongkaew 1 Soi 24,,,,,,
8935275220,8935275225,0,965866618,residential,False,,True,107.2778725276014,,,,,,,
8935275225,2507401996,0,84842973,secondary,False,,False,28.2862254548787,ถนนนิพันธ์สงเคราะห์,,,,,,
8935275225,985092459,0,84842973,secondary,False,,True,37.96340188907671,ถนนนิพันธ์สงเคราะห์,,,,,,
8935275225,8935275220,0,965866618,residential,False,,False,107.27787252760142,,,,,,,
8935428518,2506087039,0,965881254,residential,False,,True,43.68807511889236,,,,,,,
8976428962,8976428963,0,65075569,primary,True,,False,12.240702649270712,ถนนกาญจนวณิชย์,3,,,,,
8976428963,8976428964,0,970010763,tertiary,True,,False,14.615077050044723,ถนนธรรมนูญวิถี,,,,,,
8976428963,6422927098,0,65075569,primary,True,,False,412.0485403752805,ถนนกาญจนวณิชย์,3,,,,,
8976428964,8976429005,0,970010764,tertiary,True,,False,124.23769651709011,ถนนธรรมนูญวิถี,,,,,,
8976428964,849403482,0,970037610,primary,True,,False,12.656356461428775,ถนนกาญจนวณิชย์,3,30,,,,
8976428971,849403352,0,970010770,tertiary_link,False,,False,5.933640402597527,,,,,,,
8976428971,8976428994,0,"[970010768, 970010764, 970010767]",tertiary,True,,False,78.72677284625811,ถนนธรรมนูญวิถี,,,yes,,,
8976428985,1160612969,0,100401250,unclassified,True,,False,61.237996501258536,ถนนเทพสงเคราะห์,,,,,,
8976428987,8642866006,0,990212968,secondary,True,,False,26.61084011845226,ถนนราษฎร์ยินดี,2,,,,,
8976428987,8976428988,0,990212972,tertiary,True,,False,11.854361613776387,ถนนธรรมนูญวิถี,,,,,,
8976428988,849403384,0,990212973,secondary,True,,False,3.8326136334221657,ถนนราษฎร์ยินดี,,,,,,
8976428988,1107926433,0,970010765,tertiary,True,,False,85.42024637471346,ถนนธรรมนูญวิถี,,,,,,
8976428993,8976429006,0,970010771,tertiary_link,False,,False,7.633566559495265,,,,,,,
8976428993,1680667686,0,95542483,tertiary,False,,False,63.57974826145197,ถนนคลองเรียน 2,,,,,,
8976428993,2505176020,0,970010767,tertiary,True,,False,164.58293917712746,ถนนธรรมนูญวิถี,,,,,,
8976428994,1680667879,0,155691042,residential,False,,False,16.852524610195086,,,,,,,
8976428994,8976428993,0,970010767,tertiary,True,,False,57.207069972071416,ถนนธรรมนูญวิถี,,,,,,
8976428997,8642359275,0,129842389,residential,False,,True,314.75911010355384,ถนนจันท์ราชอนุสรณ์,,,,,,
8976428997,8976428971,0,970010764,tertiary,True,,False,197.7539879219353,ถนนธรรมนูญวิถี,,,,,,
8976428999,849403531,0,970010769,secondary_link,False,,True,10.629386258270317,,,,,,,
8976428999,1203972086,0,104353663,residential,False,,False,251.11747162066033,ถนนสามมิตร,,,,,,
8976428999,8976428997,0,970010764,tertiary,True,,False,224.29079694995093,ถนนธรรมนูญวิถี,,,,,,
8976429000,1407220595,0,104353660,residential,False,,False,127.92684838812983,ซอยธรรมนูญวิถี,,,,,,
8976429000,8976428999,0,970010764,tertiary,True,,False,50.00583851014234,ถนนธรรมนูญวิถี,,,,,,
8976429001,1407219798,0,127078041,residential,False,,False,78.27759753544814,,,,,,,
8976429001,8976429000,0,970010764,tertiary,True,,False,57.045577380096944,ถนนธรรมนูญวิถี,,,,,,
8976429002,1407218192,0,127078175,residential,False,,False,80.59800829578414,,,,,,,
8976429002,8976429001,0,970010764,tertiary,True,,False,40.21113064725403,ถนนธรรมนูญวิถี,,,,,,
8976429003,1407217897,0,127078134,residential,False,,False,72.83386482544537,,,,,,,
8976429003,8976429002,0,970010764,tertiary,True,,False,42.44140173151464,ถนนธรรมนูญวิถี,,,,,,
8976429004,1407218794,0,127078086,residential,False,,False,72.05904256807884,,,,,,,
8976429004,8976429003,0,970010764,tertiary,True,,False,52.33533785700979,ถนนธรรมนูญวิถี,,,,,,
8976429005,4900465122,0,498671450,residential,False,,True,64.1518615386744,,,,,,,
8976429005,8976429004,0,970010764,tertiary,True,,False,55.03957731674724,ถนนธรรมนูญวิถี,,,,,,
8976429006,8523314742,0,969757853,tertiary,True,,False,33.3455333035653,ถนนธรรมนูญวิถี,,,,,,
8976429006,8976428993,0,970010771,tertiary_link,False,,True,7.633566559495265,,,,,,,
8976429007,1123399587,0,970010772,secondary_link,False,,True,5.287430656024534,,,,,,,
8976429007,1558997825,0,970010765,tertiary,True,,False,47.9296534317192,ถนนธรรมนูญวิถี,,,,,,
8976429008,13449811511,0,969757853,tertiary,True,,False,171.29795611723864,ถนนธรรมนูญวิถี,,,,,,
8976429009,1107926537,0,706105950,residential,False,,True,84.19245389416878,ถนนสามชัย,,,,,,
8976429009,849403384,0,969757851,tertiary,True,,False,91.0933770411442,ถนนธรรมนูญวิถี,,,,,,
9168932845,1108909332,0,155690366,residential,False,,True,29.327390967936246,Thanon Sutthisamit,,,,,,
9168932845,9168932846,0,992385711,residential,False,,False,28.597215712491405,สุทธิสมิทธิ์ 1,,,,,,
9168932845,9168980772,0,992391258,residential,False,,False,27.776158756121767,,,,,,,
9168932845,13371456491,0,155690366,residential,False,,False,22.45267669170983,Thanon Sutthisamit,,,,,,
9168932846,9168932845,0,992385711,residential,False,,True,28.597215712491405,สุทธิสมิทธิ์ 1,,,,,,
9168947042,9168967519,0,155690366,residential,False,,False,22.08667389924579,Thanon Sutthisamit,,,,,,
9168947042,9169008993,0,155690366,residential,False,,True,21.860300068844953,Thanon Sutthisamit,,,,,,
9168947042,9168947043,0,992388754,residential,False,,False,31.891439443077914,,,,,,,
9168947042,9168975549,0,992394840,residential,False,,False,29.084884471909056,,,,,,,
9168947043,9168947042,0,992388754,residential,False,,True,31.891439443077914,,,,,,,
9168966030,9168967519,0,992390811,residential,False,,True,30.0552982213655,,,,,,,
9168967519,8363189536,0,155690366,residential,False,,False,23.450935702265284,Thanon Sutthisamit,,,,,,
9168967519,9168947042,0,155690366,residential,False,,True,22.08667389924579,Thanon Sutthisamit,,,,,,
9168967519,9168967520,0,992388923,residential,False,,False,28.797446727880747,,,,,,,
9168967519,9168966030,0,992390811,residential,False,,False,30.0552982213655,,,,,,,
9168967520,9168967519,0,992388923,residential,False,,True,28.797446727880747,,,,,,,
9168975549,9168947042,0,992394840,residential,False,,True,29.084884471909056,,,,,,,
9168980772,9168932845,0,992391258,residential,False,,True,27.776158756121767,,,,,,,
9168993890,9169008993,0,155690366,residential,False,,False,21.047636507329468,Thanon Sutthisamit,,,,,,
9168993890,13371456491,0,155690366,residential,False,,True,23.88017614425041,Thanon Sutthisamit,,,,,,
9168993890,9168998458,0,992393682,residential,False,,False,30.166867529871315,,,,,,,
9168993890,9168993891,0,992394118,residential,False,,False,34.662756578509494,,,,,,,
9168993891,9168993890,0,992394118,residential,False,,True,34.662756578509494,,,,,,,
9168998458,9168993890,0,992393682,residential,False,,True,30.166867529871315,,,,,,,
9169007071,9169008993,0,992394739,residential,False,,True,33.452112296535134,,,,,,,
9169008993,9168947042,0,155690366,residential,False,,False,21.860300068844953,Thanon Sutthisamit,,,,,,
9169008993,9168993890,0,155690366,residential,False,,True,21.047636507329468,Thanon Sutthisamit,,,,,,
9169008993,9169008994,0,992394570,residential,False,,False,29.66213556295741,,,,,,,
9169008993,9169007071,0,992394739,residential,False,,False,33.452112296535134,,,,,,,
9169008994,9169008993,0,992394570,residential,False,,True,29.66213556295741,,,,,,,
9179528432,1421027659,0,243314064,unclassified,False,,False,76.78151054345864,,,,,,,
9179528432,2507400847,0,243314064,unclassified,False,,True,225.6306121161582,,,,,,,
9179528432,2507400878,0,"[993585136, 243314304]",residential,False,,True,149.76210566350753,,,,,,,
9355502819,2507401583,0,100401319,tertiary,False,,False,17.896633316163527,ถนนนิพัทธ์สงเคราะห์ 2,2,,,,,
9355502819,2507401668,0,100401319,tertiary,False,,True,25.512249718812715,ถนนนิพัทธ์สงเคราะห์ 2,2,,,,,
9355502819,2507401589,0,243314456,residential,False,,False,29.039517637288434,,,,,,,
10703664329,1559016831,0,498671519,residential,False,,False,74.60299316734913,,,,,,,
10904788579,1559016861,0,1173627707,secondary_link,False,,False,12.612777718812938,,,,,,,
10904788579,1107773263,0,1223390438,secondary,True,,False,82.45945230131122,ถนนศรีภูวนารถ,,,,,,
10962944847,8642449289,0,932289877,residential,False,,False,23.74041310885597,,,,,,,
10962944847,8642449290,0,932289877,residential,False,,True,43.86867929576508,,,,,,,
10962944847,10962944848,0,1180374040,residential,False,,False,76.9372836426914,,,,,,,
10962944848,10962944850,0,932289878,residential,False,,True,42.29247770212143,,,,,,,
10962944848,10962944847,0,1180374040,residential,False,,True,76.9372836426914,,,,,,,
10962944848,8642449290,0,932289878,residential,False,,False,111.19728735626677,,,,,,,
10962944849,10962944850,0,1180374041,residential,False,,False,57.688515346613116,,,,,,,
10962944850,10962944848,0,932289878,residential,False,,False,42.29247770212143,,,,,,,
10962944850,10962944849,0,1180374041,residential,False,,True,57.688515346613116,,,,,,,
10962944850,10962944852,0,932289878,residential,False,,True,42.74064813316933,,,,,,,
10962944851,10962944852,0,1180374042,residential,False,,False,52.36547060118643,,,,,,,
10962944852,10962944851,0,1180374042,residential,False,,True,52.36547060118643,,,,,,,
10962944852,10962944850,0,932289878,residential,False,,False,42.74064813316933,,,,,,,
10962944852,2506098773,0,932289878,residential,False,,True,24.08702529260534,,,,,,,
11011878992,8634671109,0,931328383,residential,False,,True,211.77481280597485,,,,,,,
11055915144,8642879788,0,932340963,residential,False,,False,80.55389642512294,,,,,,,
11055915145,8642879788,0,1190730136,residential,False,,True,18.872472363463018,,,,,,,
11098889052,2507401774,0,84842973,secondary,False,,False,52.561200846438794,ถนนนิพันธ์สงเคราะห์,,,,,,
11098889052,2507401815,0,84842973,secondary,False,,True,52.80538508357632,ถนนนิพันธ์สงเคราะห์,,,,,,
11098889052,2507401795,0,243314204,residential,False,,True,213.78617789804733,Thanon Nipatsongkaew 1 Soi 12,,,,,,
11098889052,13451762574,0,1466651489,residential,False,,False,30.506216007852196,Thanon Nipatsongkaew 1 Soi 19,,,,,,
11116038558,2506094703,0,243188545,residential,False,,False,102.74090703293432,,,,,,,
11116038559,2506094426,0,1198242717,residential,False,,True,70.18407391789138,,,,,,,
11252506076,1680665414,0,965619017,residential,False,,False,39.921726285593614,,,,,,,
11252506077,1680665112,0,498671697,residential,False,,False,43.30744927348615,,,,,,,
11252506078,1680665414,0,1214491981,residential,False,,True,43.263707716611,,,,,,,
11252506079,1680665366,0,1214491982,residential,False,,True,120.20407493786786,,,,,,,
11287572428,986084781,0,102007058,primary_link,True,,False,14.692229141634,,,,,,,
11287572428,1160612990,0,706259492,residential,False,,True,212.4250702963192,Soi 28 Karnjanavanit Road,,,,,,
11290027196,2507400821,0,243314109,residential,False,,False,53.44343650483163,,,,,,,
11290027197,2507400809,0,1218417047,residential,False,,True,18.753362689045467,,,,,,,
11292971032,2406954580,0,1218225521,tertiary,True,,False,12.180754165897568,ถนนศุภสารรังสรรค์,,30,,,,
11292971032,856214571,0,1218225524,secondary,True,,False,21.61963520421545,ถนนราษฎร์ยินดี,,,,,,
11337166510,8634635616,0,931323407,residential,False,,True,40.96658128860332,,,,,,,
11484409607,2507400652,0,1236748105,tertiary,False,,False,85.54789817574134,ถนนประชายินดี,2,,,,,
11484409607,11484409613,0,1236759038,residential,False,,False,5.992808231098667,,,,,,,
11484409607,12311231549,0,1236748105,tertiary,False,,True,65.33473507430118,ถนนประชายินดี,2,,,,,
11484409611,13475582779,0,1469372698,residential,True,,False,40.53436437301711,,,,,,,
11484409613,11484409607,0,1236759038,residential,False,,True,5.992808231098667,,,,,,,
11484409613,13475582779,0,1236759038,residential,False,,False,40.24977623458472,,,,,,,
11484409613,11484409611,0,1469372697,residential,True,,False,72.70091686615491,,,,,,,
11626141928,6634523512,0,"[1250700785, 706087702]",residential,False,,True,106.67713149642269,,,,,,,
11806124649,8634028443,0,1271342644,secondary,True,,False,7.4088657396177195,ถนนเพชรเกษม,,,,,,
11806124649,13293698678,0,1271342642,tertiary,True,,False,149.37986166661915,ถนนราษฏร์อุทิศ,,,,,,
11975049713,11975049714,0,1291707772,residential,False,,False,28.891195536729317,,,,,,,
11975049713,2505177293,0,66984595,secondary,True,,False,123.60415843620646,ถนนราษฎร์ยินดี,,,,,,
11975049714,11975049713,0,1291707772,residential,False,,True,28.891195536729317,,,,,,,
11975049714,11975049714,0,1291707771,residential,True,,False,170.7116084242037,,,,,,,
11993364993,4900465333,0,1293806887,residential,False,,True,39.60428786235147,,,,,,,
12204696137,2506087126,0,243188360,residential,False,,False,94.52779485969927,,,,,,,
12298825838,8642277095,0,959974136,secondary,True,,False,28.52520505252321,ถนนศรีภูวนารถ,,,,,,
12298825838,4900465967,0,1329306837,secondary,False,,True,12.537028442424706,,,,,,,
12300589089,1407221063,0,959974132,primary,True,,False,32.051236579673,ถนนกาญจนวณิชย์,,,,,,
12300589089,1173916660,0,1329521193,primary_link,False,,True,8.993784431827544,,,,,,,
12311231547,1639088606,0,151072454,residential,False,,True,225.4577781608109,,,,,,,
12311231547,12311231549,0,1330567670,tertiary,True,,False,3.8324900722563506,,,,,roundabout,,
12311231549,11484409607,0,1236748105,tertiary,False,,False,65.33473507430118,ถนนประชายินดี,2,,,,,
12311231549,12311231557,0,1330567670,tertiary,True,,False,9.581674503744665,,,,,roundabout,,
12311231557,849403406,0,71380775,tertiary,False,,True,526.1916316370944,ซอยอรรถกระวีสุนทร,2,,,,,
12311231557,12311231560,0,1330567670,tertiary,True,,False,10.91012049810297,,,,,roundabout,,
12311231560,849403531,0,1330567669,tertiary,False,,True,139.69314899283566,ถนนประชายินดี,,,,,,
12311231560,12311231547,0,1330567670,tertiary,True,,False,10.788300945717367,,,,,roundabout,,
12339345632,2506088084,0,706104217,residential,False,,False,29.48986786943553,ถนนเเสงศรี,,,,,,
12339345632,2506088024,0,706104217,residential,False,,True,20.619012166016283,ถนนเเสงศรี,,,,,,
12339345632,12346099051,0,"[243188389, 498671702]","['unclassified', 'residential']",False,,False,229.1357971556293,,,,,,,
12346099051,2506088491,0,243188389,residential,False,,False,32.95602934887531,,,,,,,
12346099051,1110416470,0,95809267,residential,True,,False,109.23687403286439,ถนนสวนศิริ,,,,,,
12346099051,12339345632,0,"[243188389, 498671702]","['unclassified', 'residential']",False,,True,229.1357971556293,,,,,,,
12346099054,2506088009,0,330615829,tertiary,False,,False,7.442976094403008,ถนนศุภสารรังสรรค์ ซอย 3,,,,,,
12346099054,947896964,0,330615829,tertiary,False,,True,34.604339295497454,ถนนศุภสารรังสรรค์ ซอย 3,,,,,,
12346099054,2506088024,0,498671676,residential,True,,False,368.1012550976067,,,,,,,
12346123215,620881566,0,40264697,tertiary,True,,False,100.82476147570145,ถนนธรรมนูญวิถี,2,,,,,
12346123215,1858126166,0,48923851,residential,True,,False,107.88823117759041,ถนนรัถการ,,,,,,
12517716093,2506091104,0,1352854046,residential,False,,True,265.84881786954986,Thanon Rattana Uthit Soi 9,,,,,,
12517716094,6731316373,0,700908579,residential,False,,False,90.31092050812259,Thanon Rattana Uthit Soi 6,,,,,,
12517716094,12517716095,0,1352854047,residential,False,,False,34.2978122629921,,,,,,,
12517716094,2506090627,0,700908579,residential,False,,True,443.34785835642026,Thanon Rattana Uthit Soi 6,,,,,,
12517716095,12517716094,0,1352854047,residential,False,,True,34.2978122629921,,,,,,,
12518064113,2507400689,0,243314112,residential,False,,False,206.72738645475133,Soi Charoensook,,,,,,
12553414764,1680665465,0,155690974,residential,False,,False,115.79512328186614,Sripuwanart Soi 16/1,,,,,,
12621743596,2506093860,0,498671583,residential,False,,True,32.02786547948231,,,,,,,
12649445299,4900465166,0,1365935945,residential,False,,True,42.88501396574479,,,,,,,
12649445299,1123399562,0,706520617,residential,False,,False,83.76420780524124,Thumnoonvithi Road,,,,,,
12649445299,1115585416,0,706520617,residential,False,,True,63.95694695425057,Thumnoonvithi Road,,,,,,
12916827974,13475401160,0,1395430167,unclassified,True,,False,143.78407179083743,,,30,,,,
12916827974,13475401172,0,1466935667,unclassified,False,,False,40.288961539333506,,,,,,,
12925078717,1680667816,0,497502816,residential,False,,True,61.21213381343833,,,,,,,
12925078718,4890613570,0,1396486866,residential,False,,False,75.16263069535246,,,,,,,
13016552413,2507401824,0,243314267,residential,False,,True,92.82116382530636,Thanon Nipatsongkaew 1 Soi 19,,,,,,
13078067434,8642257134,0,706302594,residential,False,,False,14.258509123253688,Soi Klongdamrei,,,,,,
13279030938,4900465707,0,185951074,tertiary,False,,False,82.45334370668066,ถนนประชาธิปัตย์,,,,,,
13279030938,856214524,0,185951074,tertiary,False,,True,29.65845230395493,ถนนประชาธิปัตย์,,,,,,
13279030938,13279030940,0,1447303746,residential,False,,False,67.87060884835066,,,,,,,
13279030940,13279030938,0,1447303746,residential,False,,True,67.87060884835066,,,,,,,
13293698676,13293698678,0,1449279762,residential,False,,True,150.48853080452406,,,,,,,
13293698678,2506085684,0,1271342642,tertiary,True,,False,60.380809605507196,ถนนราษฏร์อุทิศ,,,,,,
13293698678,13293698676,0,1449279762,residential,False,,False,150.48853080452406,,,,,,,
13293725944,1680662523,0,1449281857,residential,False,,True,21.493012084188848,,,,,,,
13301238882,13301238883,0,1450204269,residential,False,,True,289.268454504188,,,,,,,
13301238883,4890612656,0,706341245,tertiary,False,,True,12.130891629638691,ถนนสาครมงคล,,,,,,
13301238883,13301238882,0,1450204269,residential,False,,False,289.268454504188,,,,,,,
13301238883,2506088533,0,706341245,tertiary,False,,False,108.86373925288189,ถนนสาครมงคล,,,,,,
13327840464,13327840466,0,1453290503,residential,False,,False,40.89583804787219,,,,,,,
13327840464,2506089421,0,"[243188515, 1453290502]",residential,False,,"[False, True]",179.2147805956768,Thanon Rajuthit Soi 23/1,,,,,,
13327840464,13327840465,0,1453290503,residential,False,,True,23.301192642414144,,,,,,,
13327840465,13327840464,0,1453290503,residential,False,,False,23.301192642414144,,,,,,,
13327840466,13327840464,0,1453290503,residential,False,,True,40.89583804787219,,,,,,,
13327840483,1108909548,0,706341245,tertiary,False,,False,8.658183102880376,ถนนสาครมงคล,,,,,,
13327840483,4890612503,0,706341245,tertiary,False,,True,26.24255527098906,ถนนสาครมงคล,,,,,,
13327840483,13327840485,0,1453290511,residential,False,,False,36.404048800627734,,,,,,,
13327840484,13327840485,0,1453290511,residential,False,,True,20.187241666462384,,,,,,,
13327840485,13327840484,0,1453290511,residential,False,,False,20.187241666462384,,,,,,,
13327840485,13327840483,0,1453290511,residential,False,,True,36.404048800627734,,,,,,,
13327840485,13327840486,0,1453290512,residential,False,,False,30.001443845445166,,,,,,,
13327840486,13327840485,0,1453290512,residential,False,,True,30.001443845445166,,,,,,,
13327840488,4890613581,0,567178128,residential,False,,False,125.43976982282601,Soi Gaewjaiutit,,,,,,
13327874256,8360741883,0,155691129,residential,False,,True,5.219097725913637,Thanon Thungsao 2 Soi 2,,,,,,
13327874256,4900465186,0,155691129,residential,False,,False,48.663825536309275,Thanon Thungsao 2 Soi 2,,,,,,
13327874256,13327874258,0,1453294506,residential,False,,False,60.84053629203413,,,,,,,
13327874258,13327874256,0,1453294506,residential,False,,True,60.84053629203413,,,,,,,
13327892803,2506096273,0,243188707,tertiary,False,,True,53.84434353175734,Thanon Chokesaman 5,,,,,,
13327892803,2506095596,0,243188707,tertiary,False,,False,53.05923363479736,Thanon Chokesaman 5,,,,,,
13327892803,13327892804,0,1453297081,residential,False,,False,195.94935873705555,,,,,,,
13327892804,13327892803,0,1453297081,residential,False,,True,195.94935873705555,,,,,,,
13329996399,4900465431,0,498671558,residential,False,,False,53.99861561933747,,,,,,,
13329996399,13329996400,0,1453528051,residential,False,,False,77.03010627804163,,,,,,,
13329996399,1680662748,0,"[155691041, 498671635, 498671558]",residential,False,,"[False, True]",123.09265823421205,,,,,,,
13329996400,13329996399,0,1453528051,residential,False,,True,77.03010627804163,,,,,,,
13330005102,4900465712,0,1453528052,residential,False,,True,57.22827398927432,,,,,,,
13336315606,4900464613,0,498671416,residential,False,,True,9.732603563364181,,,,,,,
13337035831,2505177940,0,970029499,primary,True,,False,12.462443458149474,ถนนกาญจนวณิชย์,3,,,,,
13337035831,13387632618,0,1454261123,unclassified,False,,True,18.579938502486698,,,,,,,
13339819885,1431715415,0,1454593202,tertiary,False,,False,89.91340904881623,ถนนหอยมุกต์,,,,,,
13339819885,13339819893,0,1454593203,tertiary,True,,False,12.740863778357618,,,,,roundabout,,
13339819888,1680666950,0,706256380,tertiary,False,,True,26.28465746317585,ถนนละม้ายสงเคราะห์,,,,,,
13339819888,13339819885,0,1454593203,tertiary,True,,False,10.59199604554537,,,,,roundabout,,
13339819893,1160612969,0,706256381,tertiary,False,,True,76.66798202031822,ถนนเทพสงเคราะห์,,,,,,
13339819893,13339844003,0,1454593203,tertiary,True,,False,10.342364386830315,,,,,roundabout,,
13339844003,1680667181,0,95533432,tertiary,False,,True,166.4472164135148,ถนนหอยมุกต์,,,,,,
13339844003,13339819888,0,1454593203,tertiary,True,,False,6.194740460202857,,,,,roundabout,,
13339847320,2505177835,0,970029499,primary,True,,False,16.889645179370955,ถนนกาญจนวณิชย์,3,,,,,
13339847320,13339847323,0,1454594879,tertiary_link,True,,False,24.971730751648174,,,,,,,
13339847323,2505177837,0,243079784,tertiary,True,สข.5061,False,61.279428879073464,ถนนนวลแก้วอุทิศ,,,,,,
13339847324,796747667,0,324267212,tertiary,True,สข.5061,False,32.53131893666156,ถนนนวลแก้วอุทิศ,,,,,,
13339847324,13339847327,0,1454594880,tertiary_link,True,,False,34.05506599416893,,,,,,,
13339847327,2508584041,0,970029499,primary,True,,False,100.03445387644086,ถนนกาญจนวณิชย์,3,,,,,
13345661862,1680666898,0,155691184,residential,False,,False,38.99990043322425,Thanon Wathatyainai,,,,,,
13345661862,1680666829,0,155691184,residential,False,,True,12.488332693727006,Thanon Wathatyainai,,,,,,
13345661862,8635054066,0,497502883,residential,False,,False,79.43589422960734,,,,,,,
13347091083,1680665504,0,155690779,residential,False,,False,5.948115955955055,,,,,,,
13347091083,8643042269,0,932366372,residential,False,,True,28.443628177553126,,,,,,,
13347091083,3307259470,0,155690779,residential,False,,True,92.4588587662796,,,,,,,
13347559286,4900465206,0,498671481,residential,False,,True,57.779359363355994,Soi Pongprayoon,,,,,,
13347606684,1115560969,0,967724491,tertiary,False,,False,21.6524742127867,ถนนสัจจกุล,,,,,,
13347606684,2506095945,0,967724491,tertiary,False,,True,56.52108638121326,ถนนสัจจกุล,,,,,,
13347606684,2506095520,0,1455426828,unclassified,False,,True,98.79583791644873,,,,,,,
13347657474,2506089493,0,1455427800,unclassified,False,,True,32.389532993432674,,,,,,,
13347657502,2506088535,0,1455427807,unclassified,False,,True,29.784789092110394,,,,,,,
13347725404,2506087832,0,952598318,tertiary,False,,False,61.516425613403825,ถนนรัถการ,2,,,,,
13347725404,1108909586,0,952598318,tertiary,False,,True,34.0469419752401,ถนนรัถการ,2,,,,,
13347725404,13347725405,0,1455436390,unclassified,False,,False,21.76399381479982,,,,,,,
13347725405,13347725404,0,1455436390,unclassified,False,,True,21.76399381479982,,,,,,,
13347847625,2506087009,0,243188032,residential,False,,False,32.43100879910632,Thanon Chokesaman 4,,,,,,
13347847625,2506087366,0,243188032,residential,False,,True,20.546485617754872,Thanon Chokesaman 4,,,,,,
13347847625,13347847626,0,1455452927,unclassified,False,,False,42.533328660382104,,,,,,,
13347847626,13347847627,0,1455452927,unclassified,False,,False,23.00288530252037,,,,,,,
13347847626,13347847625,0,1455452927,unclassified,False,,True,42.533328660382104,,,,,,,
13347847626,13347847630,0,1455452928,unclassified,False,,False,78.46575023108088,,,,,,,
13347847627,13347847626,0,1455452927,unclassified,False,,True,23.00288530252037,,,,,,,
13347847630,13347847626,0,1455452928,unclassified,False,,True,78.46575023108086,,,,,,,
13347847656,2506086421,0,243188684,residential,False,,True,56.43884445112078,,,,,,,
13347847656,13347847657,0,1455452935,unclassified,False,,False,28.21466856363303,,,,,,,
13347847656,2506087161,0,243188684,residential,False,,False,66.74367633013014,,,,,,,
13347847657,13347847656,0,1455452935,unclassified,False,,True,28.21466856363303,,,,,,,
13348575108,6634869945,0,706122753,residential,False,,False,180.40005714556872,Soi Kloyutid,,,,,,
13355027988,2507401806,0,243314331,residential,False,,False,41.03348594202169,Soi Suratkarnkaeha 2,,,,,,
13362901142,2507401539,0,96242772,tertiary,False,,False,197.61056512450807,ถนนนิพัทธ์สงเคราะห์ 4,,,,,,
13362901142,6634990421,0,96242772,tertiary,False,,True,37.91256905808858,ถนนนิพัทธ์สงเคราะห์ 4,,,,,,
13362901142,4900465217,0,"[1457053224, 498671487]",residential,False,,True,150.90011412601797,Potipongsa Road Soi 1,,,,,,
13362936997,1431867112,0,129842391,residential,False,,False,226.91514540528937,Thanon Pattano Uthit,,,,,,
13367303063,2508582071,0,243455352,residential,False,,False,211.42788716155684,Thanon Karjanavanit Soi 11,,,,,,
13371245483,1108909449,0,"[326171465, 84842969, 102026809]",secondary,True,,False,119.47634083968768,ถนนเพชรเกษม,,,yes,,,
13371245483,1680666883,0,"[706335016, 1457981945]",residential,False,,True,159.9494531691355,,,,,,,
13371309892,1680665909,0,155690768,residential,False,,True,16.394142744543945,,,,,,,
13371456491,9168993890,0,155690366,residential,False,,False,23.88017614425041,Thanon Sutthisamit,,,,,,
13371456491,13371456492,0,1458014382,residential,False,,False,34.44386145533817,,,,,,,
13371456491,13371478774,0,1458014478,residential,False,,False,30.02815752474925,,,,,,,
13371456491,9168932845,0,155690366,residential,False,,True,22.45267669170983,Thanon Sutthisamit,,,,,,
13371456492,13371456491,0,1458014382,residential,False,,True,34.44386145533817,,,,,,,
13371478774,13371456491,0,1458014478,residential,False,,True,30.02815752474925,,,,,,,
13372370776,13377816018,0,1458112698,residential,False,,True,100.86654892354804,,,,,,,
13377816018,13372370776,0,1458112698,residential,False,,False,100.86654892354804,,,,,,,
13377816018,8645883338,0,1458112698,residential,False,,True,29.07026915845867,,,,,,,
13377816018,13377816019,0,1458695617,residential,False,,False,49.17537293071849,,,,,,,
13377816019,13377816018,0,1458695617,residential,False,,True,49.17537293071849,,,,,,,
13378469948,1108909554,0,95637138,residential,False,,False,12.534225301383945,ถนนสาครมงคล ซอย 3,,,,,,
13378469948,8634648992,0,95637138,residential,False,,True,83.22754376896926,ถนนสาครมงคล ซอย 3,,,,,,
13378469948,13378469950,0,1458773366,unclassified,False,,False,35.562857458154426,,,,,,,
13378469950,13378469948,0,1458773366,unclassified,False,,True,35.562857458154426,,,,,,,
13379171064,1430652424,0,494778183,unclassified,True,,False,97.57006767333407,,,,,,,
13380601085,13380601086,0,1458963345,residential,False,,False,36.07668834077534,,,,,,,
13380601085,2507401985,0,243314392,residential,False,,False,49.02531814056469,,,,,,,
13380601085,2507402013,0,243314392,residential,False,,True,83.5288283416681,,,,,,,
13380601086,13380601085,0,1458963345,residential,False,,True,36.07668834077534,,,,,,,
13383672794,2507400837,0,243314469,unclassified,False,,False,58.518061160753234,Thanon Banja,,,,,,
13383672794,2507400842,0,243314469,unclassified,False,,True,61.53677030405197,Thanon Banja,,,,,,
13383672794,13383672796,0,1459330212,residential,False,,False,80.05939932661175,,,,,,,
13383672796,13383672794,0,1459330212,residential,False,,True,80.05939932661175,,,,,,,
13384466075,2508585868,0,243455117,unclassified,False,,False,197.53565566577154,,,,,,,
13387632618,13337035831,0,1454261123,unclassified,False,,False,18.579938502486698,,,,,,,
13388503443,13388503444,0,1459793429,residential,False,,False,40.99305023398495,,,,,,,
13388503443,2505176027,0,243314467,residential,False,,False,131.11377159609106,,,,,,,
13388503443,2507400609,0,243314467,residential,False,,True,66.7056438218115,,,,,,,
13388503444,13388503443,0,1459793429,residential,False,,True,40.99305023398495,,,,,,,
13388560704,13388560707,0,1459800432,residential,False,,False,39.39098271161359,,,,,,,
13388560707,2506092529,0,243188206,residential,False,,False,30.833709698217007,,,,,,,
13388560707,2506092468,0,243188206,residential,False,,True,26.868298837475677,,,,,,,
13388560707,13388560704,0,1459800432,residential,False,,True,39.39098271161359,,,,,,,
13391517303,1680667571,0,155691151,residential,False,,False,61.23868979478941,Soi 4 Nhasathanee,,,,,,
13393605891,2508585765,0,1460328710,residential,False,,False,87.38129707584143,,,,,,,
13394663275,2506093457,0,1460457479,residential,False,,True,47.178652459136906,Thanon Rattakarn Soi 1,,,,,,
13394663276,2506093411,0,243188650,residential,False,,False,208.52593905763715,Thanon Rattakarn Soi 1,,,,,,
13394663277,2506093785,0,1460457480,residential,False,,True,48.53711013714342,Thanon Rattakarn Soi 2,,,,,,
13414469749,1680663402,0,498671454,residential,False,,False,85.62941739088966,Thanon Kian-Suneeautid,,,,,,
13414469749,4900465132,0,"[498671453, 498671454]",residential,False,,"[False, True]",186.72054600215537,Thanon Kian-Suneeautid,,,,,,
13414469749,1680663542,0,"[1462437531, 155690443]",residential,False,,False,223.00828692240657,,,,,,,
13417405317,4890612290,0,1462750860,residential,False,,True,29.91041248872159,,,,,,,
13418283250,13418283251,0,96242772,tertiary,False,,False,10.928656585923212,ถนนนิพัทธ์สงเคราะห์ 4,,,,,,
13418283250,4900465438,0,96242772,tertiary,False,,True,37.791873693032564,ถนนนิพัทธ์สงเคราะห์ 4,,,,,,
13418283250,2507401462,0,243314399,residential,False,,False,47.88450247762313,,,,,,,
13418283251,4900464606,0,96242772,tertiary,False,,False,48.22723249842975,ถนนนิพัทธ์สงเคราะห์ 4,,,,,,
13418283251,13418283250,0,96242772,tertiary,False,,True,10.928656585923212,ถนนนิพัทธ์สงเคราะห์ 4,,,,,,
13418283251,2507401466,0,243314334,residential,False,,True,138.17713427465154,Soi 2 Nipatsongkaew 4 Road,,,,,,
13420385893,2506098110,0,243188052,tertiary,True,,False,2.111318311674121,,,,,roundabout,,
13420446635,4890612867,0,243188784,tertiary,True,,False,13.321244173967195,ถนนราษฏร์อุทิศ,,,,,,
13420446635,13420446638,0,1463049462,residential,False,,False,49.109614348628476,,,,,,,
13420446638,13420446635,0,1463049462,residential,False,,True,49.10961434862848,,,,,,,
13420471875,2506095768,0,706341245,tertiary,False,,False,17.916266174682185,ถนนสาครมงคล,,,,,,
13420471875,13420471879,0,706341245,tertiary,False,,True,8.902297670852292,ถนนสาครมงคล,,,,,,
13420471875,2506095898,0,1463050792,residential,False,,False,28.552893562434065,,,,,,,
13420471879,13420471875,0,706341245,tertiary,False,,False,8.902297670852292,ถนนสาครมงคล,,,,,,
13420471879,2506096155,0,706341245,tertiary,False,,True,14.796473034832433,ถนนสาครมงคล,,,,,,
13420471879,13420471882,0,1463050793,residential,False,,False,22.698078202831038,,,,,,,
13420471881,13420471882,0,1463050793,residential,False,,True,26.973121428094046,,,,,,,
13420471882,13420471881,0,1463050793,residential,False,,False,26.973121428094046,,,,,,,
13420471882,13420471883,0,1463050794,residential,False,,False,7.231897271832178,,,,,,,
13420471882,13420471879,0,1463050793,residential,False,,True,22.698078202831038,,,,,,,
13420471883,13420471882,0,1463050794,residential,False,,True,7.231897271832178,,,,,,,
13424210990,13424220803,0,498671544,residential,False,,True,40.62784488180711,,,,,,,
13424220803,1140280757,0,498671544,residential,False,,True,44.93587054019512,,,,,,,
13424220803,13424220804,0,1463496591,residential,False,,True,45.20506397784347,,,,,,,
13424220803,13424210990,0,498671544,residential,False,,False,40.62784488180711,,,,,,,
13424220804,856214470,0,706092523,residential,True,,False,51.376993264116166,Thanon Pracharak,,,,,,
13424220804,13424220803,0,1463496591,residential,False,,False,45.20506397784347,,,,,,,
13424220808,2506085647,0,931354569,tertiary,False,,False,10.297649680997756,ถนนประชาธิปัตย์,,,,,,
13424220808,856214503,0,931354569,tertiary,False,,True,37.30768915928706,ถนนประชาธิปัตย์,,,,,,
13424220808,8523334139,0,917696883,residential,False,,True,129.2556833223319,,,,,,,
13424220819,1123399562,0,1463496593,residential,False,,True,18.289885810340156,,,,yes,,,
13424220819,13424220820,0,1463496594,residential,False,,False,23.83236862685998,,,,,,,
13424220819,13424220827,0,1463496595,residential,False,,False,103.63261721090397,,,,,,,
13424220820,13424220819,0,1463496594,residential,False,,True,23.83236862685998,,,,,,,
13424220827,13424220819,0,1463496595,residential,False,,True,103.63261721090396,,,,,,,
13425496949,13425496953,0,1463603499,residential,False,,False,18.179566318518987,,,,,,,
13425496953,2506093992,0,700908568,residential,False,,True,79.69708408416503,,,,,,,
13425496953,2506094313,0,700908568,residential,False,,False,251.14853045049733,,,,,,,
13425496953,13425496949,0,1463603499,residential,False,,True,18.17956631851899,,,,,,,
13428765866,1431715386,0,"[243188776, 129827559]",residential,False,,False,25.632530531885955,"['ถนนนิพัทธ์อุทิศ 1', 'Thankn Ratanawiboon Soi 1']",2,,,,,
13428765866,1431715427,0,243188776,residential,False,,True,136.27701707418024,ถนนนิพัทธ์อุทิศ 1,2,,,,,
13428765866,1431715447,0,1463939400,residential,False,,False,177.39072144642105,ถนนนิพัทธ์อุทิศ 1,2,,,,,
13428820087,1680662680,0,142398173,residential,False,,False,177.33481401423336,ถนนจันทร์วิโรจน์ ซอย 5,,,,,,
13428820087,1558343310,0,142398173,residential,False,,True,41.59899395279927,ถนนจันทร์วิโรจน์ ซอย 5,,,,,,
13428820087,8642454293,0,932290997,residential,False,,True,56.878156089841724,,,,,,,
13429793061,2508580974,0,243454483,residential,False,,False,78.5062464064782,,,,,,,
13429793061,13429793062,0,1464063956,residential,False,,False,22.318372748650724,,,,,,,
13429793061,2508580757,0,243454483,residential,False,,True,48.901997946244364,,,,,,,
13429793062,13429793061,0,1464063956,residential,False,,True,22.318372748650724,,,,,,,
13429824132,796747573,0,243188790,secondary,True,,False,89.96855633354862,ถนนเพชรเกษม,,,,,,
13429824132,2508580933,0,1464065640,residential,False,,False,238.25367474486012,ถนนเพชรเกษม ซอย 2,,,,,,
13429840826,8635205770,0,931394767,residential,False,,False,35.901010282438165,,,,,,,
13429840826,8635205774,0,931394767,residential,False,,True,6.843868196628462,,,,,,,
13429840826,13429840832,0,1464066577,residential,False,,False,26.412684540800573,,,,,,,
13429840832,13429840826,0,1464066577,residential,False,,True,26.41268454080057,,,,,,,
13429852008,2508580731,0,1464068008,residential,False,,False,27.813171403565374,,,,,,,
13434451560,2506086807,0,243188729,tertiary,False,,False,52.03038350669494,ซอยโชคสมานคุณ 1,,,,,,
13434451560,13434451561,0,1464588380,unclassified,False,,False,16.033001388266037,,,,,,,
13434451560,2506086159,0,243188729,tertiary,False,,True,40.957795244467974,ซอยโชคสมานคุณ 1,,,,,,
13434451561,13434451560,0,1464588380,unclassified,False,,True,16.033001388266037,,,,,,,
13434451561,13434451561,0,1464588380,unclassified,False,,False,292.89434452016457,,,,,,,
13434451561,13434451561,1,1464588380,unclassified,False,,True,292.89434452016445,,,,,,,
13443991718,8523961028,0,917742687,residential,False,,True,46.78908976211056,,,,,,,
13446172242,1680664869,0,1466004548,unclassified,False,,True,13.158838096481974,,,,,,,
13449314070,2505175782,0,243079632,tertiary,True,,False,82.94366663566872,,,,,,,
13449314070,13449314072,0,1466363962,residential,False,,False,139.14269660014736,,,,,,,
13449314072,13449314070,0,1466363962,residential,False,,True,139.14269660014736,,,,,,,
13449811511,2507400604,0,243314436,residential,False,,True,85.08991939240727,Soi Te Ta Cho,,,,,,
13449811511,8976429006,0,969757853,tertiary,True,,False,122.46218770336733,ถนนธรรมนูญวิถี,,,,,,
13451762573,2507401789,0,"[243314403, 706126613]",residential,False,,False,407.5404639616458,Thanon Rattakarn Soi 11,,,,,,
13451762574,11098889052,0,1466651489,residential,False,,True,30.506216007852196,Thanon Nipatsongkaew 1 Soi 19,,,,,,
13451788235,2506092702,0,1466650852,residential,False,,True,92.6103911298404,รัตนอุทิศ ซอย 16/1,,,,,,
13451926422,8635157789,0,1466672139,residential,False,,True,36.148358339965206,,,,,,,
13453745006,2507400893,0,243314476,residential,False,,True,46.981134582850515,Soi 5 Phetkasem,,,,,,
13453745006,4900465633,0,917731404,residential,False,,True,45.50337610918796,Thanon Phetkasem Soi 5/1,,,,,,
13453745006,2507401022,0,243314476,residential,False,,False,114.79068109729775,Soi 5 Phetkasem,,,,,,
13454281320,2507400903,0,700900652,residential,False,,False,25.52600296527622,Karnchanawanich Soi 16/1,,,,,,
13454281320,4900465233,0,700900652,residential,False,,True,25.431193721781764,Karnchanawanich Soi 16/1,,,,,,
13454281320,13454281321,0,1466887427,residential,False,,False,43.07701269610256,,,,,,,
13454281321,13454281320,0,1466887427,residential,False,,True,43.07701269610256,,,,,,,
13454782784,8363316259,0,1466935413,residential,False,,True,43.22406250342433,,,,,,,
13454805887,13454805888,0,1466928212,residential,False,,False,65.78057770985352,,,,,,,
13454805888,13454805887,0,1466928212,residential,False,,True,65.78057770985352,,,,,,,
13454805888,1559016821,0,142455594,residential,True,,False,61.79195735106067,Thanon Thung Sao 10,,,,,,
13455144373,2508580799,0,1456858074,residential,False,,True,113.3840861894393,,,,,,,
13457023621,849403365,0,243314230,residential,False,,False,4.479682298452043,,,,,,,
13457023621,2507400882,0,243314230,residential,False,,True,50.37446879964116,,,,,,,
13457023621,4900465626,0,498671592,residential,False,,False,30.35827404127585,,,,,,,
13457023622,2507400896,0,243314169,residential,False,,False,29.269976598868233,,,,,,,
13457023622,13457023623,0,243314197,residential,False,,False,3.900175959944157,,,,,,,
13457023622,2507400875,0,243314197,residential,False,,True,3.68936453947179,,,,,,,
13457023623,13457023622,0,243314197,residential,False,,True,3.900175959944157,,,,,,,
13457023623,2507400915,0,71380777,tertiary,False,,False,35.47343162137007,Thanon Phetkasem Soi 11,,,,,,
13457023623,849403365,0,71380777,tertiary,False,,True,44.96404504043733,Thanon Phetkasem Soi 11,,,,,,
13459885838,1680667186,0,1467536684,residential,False,,True,96.80270051817843,,,,,,,
13470740163,1680666529,0,706096645,residential,False,,False,30.947168731056117,,,,,,,
13470740163,8643039740,0,706096645,residential,False,,True,100.63602916400453,,,,,,,
13470740163,13470740164,0,1468756166,living_street,False,,False,51.34644510744537,,,,,,,
13470740164,13470740163,0,1468756166,living_street,False,,True,51.34644510744537,,,,,,,
13472440775,2506087136,0,72016745,tertiary,False,,False,47.87924621295051,ถนนศุภสารรังสรรค์,,,,,,
13472440775,1666900747,0,72016745,tertiary,False,,True,3.995439618563935,ถนนศุภสารรังสรรค์,,,,,,
13472440775,1107926513,0,706105951,residential,False,,False,53.98508965725694,ถนนสามชัย,,,,,,
13472440789,947896971,0,706104219,tertiary,False,,True,6.769654464093114,ถนนศุภสารรังสรรค์,2,,,,,
13472440789,4900464597,0,706104219,tertiary,False,,False,56.536012280013594,ถนนศุภสารรังสรรค์,2,,,,,
13472858147,2506096623,0,243314297,residential,False,,False,348.1086092404965,5anon Rattakarn Soi 7,,,,,,
13475389177,4865273253,0,1469352190,unclassified,True,,False,39.56154883746962,,,,,,,
13475389177,13379171064,0,1469352458,unclassified,True,,False,15.24873075408628,,,,,,,
13475401160,8976428963,0,1469347226,unclassified,True,,False,20.205028818555498,,,30,,,,
13475401160,8976428962,0,1469347227,unclassified,True,,False,16.976026037150824,,,,,,,
13475401172,830901355,0,69342812,unclassified,True,,False,30.645046487322308,,,,,,,
13475401172,12916827974,0,1466935667,unclassified,False,,True,40.288961539333506,,,,,,,
13475582779,11484409613,0,1236759038,residential,False,,True,40.24977623458472,,,,,,,
13475582779,11484409611,0,1236759039,residential,True,,False,154.05444457778503,,,,,,,
13478523582,2506091938,0,1469712631,tertiary,False,,False,6.558535782013918,,,,,,,
13478523582,4900465398,0,243188707,tertiary,False,,False,23.329905482118537,Thanon Chokesaman 5,,,,,,
13478523582,2506092231,0,243188707,tertiary,False,,True,41.485652049994535,Thanon Chokesaman 5,,,,,,
13478614790,2507401009,0,243314125,residential,False,,False,88.12885939859021,,,,,,,
13545019681,4900464584,0,96242763,residential,True,,False,54.08191876645165,,,,,,,
13545019681,4900464587,0,"[530314558, 1476708031]",residential,False,,"[False, True]",264.87345431491474,,,,,,,
