osmid,y,x,highway,street_count,junction,longitude,latitude
485546733,6.9958279,100.4307919,traffic_signals,4,,100.4307919,6.9958279
485580818,6.9963909,100.4307922,,3,,100.4307922,6.9963909
485580819,6.9961195,100.4313502,,3,,100.4313502,6.9961195
485580824,6.996412,100.4631218,traffic_signals,4,,100.4631218,6.996412
485580829,6.9978576,100.4711098,,3,,100.4711098,6.9978576
485580840,7.0039504,100.4678729,,3,,100.4678729,7.0039504
485580841,7.0056305,100.4676095,,3,,100.4676095,7.0056305
485580842,7.0059709,100.4705028,,4,,100.4705028,7.0059709
485580845,7.0075612,100.469684,,3,,100.469684,7.0075612
617233014,7.0059052,100.4699124,,4,,100.4699124,7.0059052
617234280,7.0042411,100.4700794,,4,,100.4700794,7.0042411
617234281,7.0043579,100.4715036,,4,,100.4715036,7.0043579
617234534,7.0024922,100.4679467,,3,,100.4679467,7.0024922
617234535,7.0028085,100.4703374,,4,,100.4703374,7.0028085
617234576,7.0043138,100.4707399,,4,,100.4707399,7.0043138
617234843,7.0060498,100.4712646,,3,,100.4712646,7.0060498
620881015,6.9980223,100.4738481,,3,,100.4738481,6.9980223
620881097,7.0089826,100.4701012,,3,,100.4701012,7.0089826
620881530,7.0057152,100.4683345,,4,,100.4683345,7.0057152
620881544,7.0027276,100.4696464,traffic_signals,4,,100.4696464,7.0027276
620881566,7.004177,100.4694581,traffic_signals,4,,100.4694581,7.004177
620881567,7.0058148,100.4691974,,4,,100.4691974,7.0058148
620881568,7.0074992,100.468897,,5,,100.468897,7.0074992
620882137,6.9960079,100.430775,traffic_signals,4,,100.430775,6.9960079
620882145,6.9986357,100.436266,,3,,100.436266,6.9986357
796719799,6.9981956,100.4845471,,4,,100.4845471,6.9981956
796719833,6.9981824,100.4758359,,3,,100.4758359,6.9981824
796719858,6.9966343,100.4749629,,3,,100.4749629,6.9966343
796719881,6.9993728,100.4894042,,3,,100.4894042,6.9993728
796719909,7.0013876,100.4907371,,4,,100.4907371,7.0013876
796719962,6.996611,100.475263,,3,,100.475263,6.996611
796720013,6.9988155,100.4889164,,7,,100.4889164,6.9988155
796720075,6.9983906,100.4794398,,4,,100.4794398,6.9983906
796747276,7.0193712,100.489695,,3,,100.489695,7.0193712
796747456,6.9948771,100.4731298,,4,,100.4731298,6.9948771
796747457,7.0402296,100.5032315,,3,,100.5032315,7.0402296
796747467,6.9959748,100.474307,,3,,100.474307,6.9959748
796747470,7.0243279,100.5000719,,4,,100.5000719,7.0243279
796747481,7.0197302,100.497509,,3,,100.497509,7.0197302
796747504,6.9982394,100.4794629,,3,,100.4794629,6.9982394
796747549,7.0368599,100.5023703,,3,,100.5023703,7.0368599
796747561,7.0348847,100.5021609,,3,,100.5021609,7.0348847
796747573,7.0196037,100.4940953,,3,,100.4940953,7.0196037
796747593,7.0186323,100.4827199,,3,,100.4827199,7.0186323
796747625,7.0358609,100.5022144,,3,,100.5022144,7.0358609
796747634,7.0065342,100.4807754,,3,,100.4807754,7.0065342
796747657,7.0335293,100.5020819,,3,,100.5020819,7.0335293
796747667,7.0302822,100.5021551,,4,,100.5021551,7.0302822
796747673,6.9949299,100.4753132,,4,,100.4753132,6.9949299
796747680,7.0394001,100.5030623,,3,,100.5030623,7.0394001
796747687,6.9956609,100.4743975,,3,,100.4743975,6.9956609
796747689,7.0199785,100.4979777,,3,,100.4979777,7.0199785
796747695,6.9941766,100.4731619,,3,,100.4731619,6.9941766
796747697,6.9987495,100.4887355,,3,,100.4887355,6.9987495
796747698,6.9958718,100.4748039,,3,,100.4748039,6.9958718
796747700,7.0196605,100.4955911,,3,,100.4955911,7.0196605
796747714,7.0042416,100.4803944,,3,,100.4803944,7.0042416
796747745,7.0185967,100.4823756,,3,,100.4823756,7.0185967
809537378,7.0179486,100.4796474,,4,,100.4796474,7.0179486
809537420,6.9981684,100.4838664,,3,,100.4838664,6.9981684
809537476,6.9988483,100.4887028,traffic_signals,3,,100.4887028,6.9988483
809537481,7.0186166,100.4825298,,3,,100.4825298,7.0186166
809537513,7.018629,100.484356,,3,,100.484356,7.018629
809537541,7.0193981,100.4917299,,3,,100.4917299,7.0193981
809537628,7.0191206,100.488491,,3,,100.488491,7.0191206
809537690,7.009014,100.4814405,,4,,100.4814405,7.009014
809537695,7.0196136,100.4972114,,3,,100.4972114,7.0196136
809537700,7.0140547,100.4950436,,3,,100.4950436,7.0140547
809537709,7.0184925,100.4825501,,4,,100.4825501,7.0184925
809537716,7.0162038,100.4824994,,3,,100.4824994,7.0162038
809537729,7.0192448,100.4976281,,3,,100.4976281,7.0192448
809537730,6.9983836,100.4795413,,4,,100.4795413,6.9983836
809537797,7.0180708,100.4795991,,3,,100.4795991,7.0180708
809537799,7.008504,100.4937332,,4,,100.4937332,7.008504
809537814,7.0195504,100.4955997,,3,,100.4955997,7.0195504
809537820,7.0089067,100.4814243,traffic_signals,4,,100.4814243,7.0089067
809537841,6.9990314,100.4890569,,3,,100.4890569,6.9990314
823954353,7.0139339,100.4930244,,3,,100.4930244,7.0139339
823954361,7.0133764,100.4852179,,3,,100.4852179,7.0133764
823954362,7.0138545,100.4860951,,3,,100.4860951,7.0138545
823954365,7.0139465,100.4879956,,3,,100.4879956,7.0139465
830901339,7.0059356,100.4928806,,3,,100.4928806,7.0059356
830901355,7.0055183,100.4940305,,3,,100.4940305,7.0055183
830901357,7.0054326,100.4941292,,3,,100.4941292,7.0054326
830901401,7.0056425,100.4937517,,3,,100.4937517,7.0056425
830901510,7.0078901,100.4953921,,2,,100.4953921,7.0078901
849403330,7.0170091,100.4863472,,3,,100.4863472,7.0170091
849403339,7.0190841,100.488251,,3,,100.488251,7.0190841
849403352,7.0054336,100.4846966,traffic_signals,4,,100.4846966,7.0054336
849403355,7.0139405,100.4878822,,3,,100.4878822,7.0139405
849403365,7.0161244,100.4881145,,3,,100.4881145,7.0161244
849403384,7.0051541,100.4805461,traffic_signals,4,,100.4805461,7.0051541
849403388,7.0166881,100.4878891,,3,,100.4878891,7.0166881
849403403,7.0106328,100.485311,,3,,100.485311,7.0106328
849403406,7.0063915,100.4929148,,3,,100.4929148,7.0063915
849403426,7.0188162,100.4858653,,3,,100.4858653,7.0188162
849403427,7.0159053,100.4880895,,3,,100.4880895,7.0159053
849403447,7.0158872,100.4851514,,3,,100.4851514,7.0158872
849403464,7.0172004,100.4880659,,3,,100.4880659,7.0172004
849403465,7.0188856,100.4865069,traffic_signals,4,,100.4865069,7.0188856
849403482,7.0049576,100.4923631,traffic_signals,4,,100.4923631,7.0049576
849403490,7.0093218,100.4852835,,3,,100.4852835,7.0093218
849403500,7.0051611,100.480653,traffic_signals,4,,100.480653,7.0051611
849403509,7.0170717,100.4860121,,3,,100.4860121,7.0170717
849403518,7.0179174,100.4859534,,3,,100.4859534,7.0179174
849403531,7.005122,100.4885379,traffic_signals,4,,100.4885379,7.005122
856214432,7.0073565,100.480912,,4,,100.480912,7.0073565
856214466,7.0302827,100.5022737,,3,,100.5022737,7.0302827
856214470,7.0077329,100.4733037,,3,,100.4733037,7.0077329
856214477,7.0199314,100.4980641,traffic_signals,3,,100.4980641,7.0199314
856214491,7.007964,100.4936795,,3,,100.4936795,7.007964
856214501,7.030198,100.5022774,,3,,100.5022774,7.030198
856214503,7.0066584,100.4735976,,4,,100.4735976,7.0066584
856214513,7.0194998,100.4978484,,3,,100.4978484,7.0194998
856214521,7.0061384,100.4940287,,3,,100.4940287,7.0061384
856214524,7.0072938,100.4793429,,4,,100.4793429,7.0072938
856214526,7.0078328,100.4939164,,3,,100.4939164,7.0078328
856214538,7.0071878,100.47536,,4,,100.47536,7.0071878
856214571,7.0092474,100.4812263,,4,,100.4812263,7.0092474
856214578,7.0071506,100.4703267,,4,,100.4703267,7.0071506
916327686,7.0137451,100.4713034,,3,,100.4713034,7.0137451
916327702,7.0121213,100.4704568,,3,,100.4704568,7.0121213
916327730,7.0107398,100.470007,,4,,100.470007,7.0107398
916327733,7.0194793,100.493886,,3,,100.493886,7.0194793
916327738,7.0142025,100.4711353,,3,,100.4711353,7.0142025
916327777,7.0108552,100.4676131,,4,,100.4676131,7.0108552
916327788,7.0140622,100.4935863,,3,,100.4935863,7.0140622
916327792,7.0113312,100.4675226,,4,,100.4675226,7.0113312
916327808,7.0163196,100.4762197,,3,,100.4762197,7.0163196
916327810,7.011277,100.4701876,,3,,100.4701876,7.011277
916327824,7.0120816,100.4674841,,3,,100.4674841,7.0120816
916327839,7.0139462,100.4709568,,3,,100.4709568,7.0139462
916327885,7.0141916,100.4712994,,3,,100.4712994,7.0141916
916327888,7.0139598,100.4714477,,3,,100.4714477,7.0139598
916327912,7.011912,100.470556,,3,,100.470556,7.011912
916327921,7.0138246,100.4710024,,3,,100.4710024,7.0138246
916327945,7.0168049,100.4770885,traffic_signals,4,,100.4770885,7.0168049
916327962,7.01071,100.4701457,traffic_signals,3,,100.4701457,7.01071
947896950,7.0106338,100.4753495,,3,,100.4753495,7.0106338
947896956,7.0108468,100.4715861,,4,,100.4715861,7.0108468
947896958,7.0094407,100.4815012,,3,,100.4815012,7.0094407
947896964,7.0103707,100.4764769,traffic_signals,3,,100.4764769,7.0103707
947896971,7.0088968,100.4765956,,3,,100.4765956,7.0088968
947896972,7.0125629,100.4820136,,3,,100.4820136,7.0125629
947896976,6.998024,100.4739691,,3,,100.4739691,6.998024
947896979,7.0116953,100.4818636,,3,,100.4818636,7.0116953
947896981,7.0137749,100.48222,,4,,100.48222,7.0137749
947896982,6.9990602,100.4737837,,4,,100.4737837,6.9990602
947896985,7.0136152,100.4833871,,3,,100.4833871,7.0136152
947896989,7.0118832,100.4818992,,4,,100.4818992,7.0118832
985092239,7.0105593,100.4699593,,3,,100.4699593,7.0105593
985092359,7.0201116,100.4767576,,3,,100.4767576,7.0201116
985092433,7.0309431,100.473924,,3,,100.473924,7.0309431
985092459,7.0282888,100.4696655,,4,yes,100.4696655,7.0282888
985092499,7.030093,100.4741786,,3,,100.4741786,7.030093
985092634,7.0184683,100.4823974,,4,,100.4823974,7.0184683
985092700,7.0105275,100.4700939,,4,,100.4700939,7.0105275
985092779,6.9979176,100.4701355,traffic_signals,4,,100.4701355,6.9979176
985092815,7.0177499,100.4707945,traffic_signals,4,,100.4707945,7.0177499
986084781,6.9904254,100.4842058,,3,,100.4842058,6.9904254
986090102,6.9985888,100.4889053,,3,,100.4889053,6.9985888
986090146,6.9986314,100.4888723,traffic_signals,3,,100.4888723,6.9986314
986090190,6.9989481,100.4891354,traffic_signals,3,,100.4891354,6.9989481
1107773181,7.0005261,100.4741073,,3,,100.4741073,7.0005261
1107773194,7.0003361,100.4713553,,3,,100.4713553,7.0003361
1107773197,6.9991594,100.4746025,,3,,100.4746025,6.9991594
1107773198,6.999632,100.4729314,,3,,100.4729314,6.999632
1107773199,6.9983179,100.4759838,,3,,100.4759838,6.9983179
1107773207,7.0005988,100.4747528,,4,,100.4747528,7.0005988
1107773211,7.0030741,100.4741969,,3,,100.4741969,7.0030741
1107773216,6.9997202,100.4736908,,3,,100.4736908,6.9997202
1107773223,7.0004833,100.4736013,,3,,100.4736013,7.0004833
1107773241,6.9992832,100.4714974,,3,,100.4714974,6.9992832
1107773259,6.999004,100.4733452,,3,,100.4733452,6.999004
1107773263,6.9984293,100.4770089,,3,,100.4770089,6.9984293
1107773281,6.9996779,100.4732738,,3,,100.4732738,6.9996779
1107784878,7.0029742,100.472975,,3,,100.472975,7.0029742
1107784879,7.007501,100.4720857,,4,,100.4720857,7.007501
1107784883,7.0037451,100.4728685,,4,,100.4728685,7.0037451
1107784884,7.0043929,100.4727667,,4,,100.4727667,7.0043929
1107784887,7.0083069,100.4719493,,4,,100.4719493,7.0083069
1107862455,6.9969459,100.471983,,4,,100.471983,6.9969459
1107862819,6.9873967,100.4664335,,3,,100.4664335,6.9873967
1107862887,6.9922776,100.4732314,,3,,100.4732314,6.9922776
1107862926,6.9974663,100.4718087,,3,,100.4718087,6.9974663
1107926432,7.0018673,100.4841022,,3,,100.4841022,7.0018673
1107926433,7.0050294,100.479772,,3,,100.479772,7.0050294
1107926467,7.013624,100.4809111,,3,,100.4809111,7.013624
1107926481,7.012508,100.479391,,4,,100.479391,7.012508
1107926513,7.0086352,100.4793306,,3,,100.4793306,7.0086352
1107926537,7.0056747,100.4793325,,3,,100.4793325,7.0056747
1107926561,7.0126294,100.478907,,3,,100.478907,7.0126294
1107926597,7.0012341,100.4891389,,3,,100.4891389,7.0012341
1107926599,7.0129339,100.4775048,,3,,100.4775048,7.0129339
1107926606,7.0000864,100.4897059,,3,,100.4897059,7.0000864
1107926609,7.0002469,100.4843025,,3,,100.4843025,7.0002469
1107926639,7.0063521,100.4793298,,4,,100.4793298,7.0063521
1107926675,7.0000958,100.4887129,,3,,100.4887129,7.0000958
1107926719,6.9989483,100.4907475,,3,,100.4907475,6.9989483
1107926734,7.0130502,100.4765834,,4,,100.4765834,7.0130502
1107926940,7.0127437,100.4785183,,3,,100.4785183,7.0127437
1107926946,6.9990228,100.4910795,,3,,100.4910795,6.9990228
1107926968,7.0140297,100.4811349,,4,,100.4811349,7.0140297
1107926973,6.9990853,100.4902604,,3,,100.4902604,6.9990853
1107926977,7.0129809,100.47706,,4,,100.47706,7.0129809
1108909293,6.9966299,100.4772313,,3,,100.4772313,6.9966299
1108909313,6.9966549,100.4810768,,3,,100.4810768,6.9966549
1108909319,6.9928024,100.4702178,,3,,100.4702178,6.9928024
1108909332,6.9944998,100.4644804,,3,,100.4644804,6.9944998
1108909355,7.0114121,100.4553805,,3,,100.4553805,7.0114121
1108909394,6.9926913,100.4696472,,3,,100.4696472,6.9926913
1108909401,6.9963479,100.4773373,,3,,100.4773373,6.9963479
1108909411,6.9880131,100.4688691,,3,,100.4688691,6.9880131
1108909449,7.0024239,100.4564875,,3,,100.4564875,7.0024239
1108909473,6.9901653,100.4707175,,3,,100.4707175,6.9901653
1108909487,6.9970486,100.4770955,,1,,100.4770955,6.9970486
1108909494,7.0116121,100.455312,,3,,100.455312,7.0116121
1108909501,7.0207434,100.4537515,,4,,100.4537515,7.0207434
1108909519,6.997061,100.4822506,,3,,100.4822506,6.997061
1108909542,6.9995826,100.4700287,,4,,100.4700287,6.9995826
1108909545,7.0159592,100.4669448,,3,,100.4669448,7.0159592
1108909548,7.0144787,100.4539956,,3,,100.4539956,7.0144787
1108909550,6.993922,100.4646158,,3,,100.4646158,6.993922
1108909554,7.0117423,100.4541095,,3,,100.4541095,7.0117423
1108909562,6.9930496,100.4766486,,4,,100.4766486,6.9930496
1108909564,6.9911709,100.4653196,,3,,100.4653196,6.9911709
1108909586,7.0093078,100.4678037,,3,,100.4678037,7.0093078
1108909596,7.0185466,100.4538263,,3,,100.4538263,7.0185466
1108909621,6.9896482,100.4702335,,4,,100.4702335,6.9896482
1108909644,6.9969556,100.4818512,,3,,100.4818512,6.9969556
1108909672,6.9954629,100.4828168,,3,,100.4828168,6.9954629
1108909691,6.9941335,100.4780194,,4,,100.4780194,6.9941335
1108909716,6.9948267,100.4727214,,3,,100.4727214,6.9948267
1108909722,6.9950043,100.4823724,,3,,100.4823724,6.9950043
1108909723,6.9996535,100.4707878,,3,,100.4707878,6.9996535
1108909747,7.0167618,100.4539045,,3,,100.4539045,7.0167618
1110416315,7.0163429,100.4819066,,3,,100.4819066,7.0163429
1110416342,7.0142744,100.4799142,,3,,100.4799142,7.0142744
1110416355,7.0160323,100.4806032,,3,,100.4806032,7.0160323
1110416379,7.001544,100.4756624,,3,,100.4756624,7.001544
1110416402,7.0146703,100.480958,,3,,100.480958,7.0146703
1110416410,7.0038374,100.4739745,,4,,100.4739745,7.0038374
1110416444,7.0085628,100.4730775,,4,,100.4730775,7.0085628
1110416454,7.003523,100.4789469,,1,,100.4789469,7.003523
1110416469,7.0134345,100.4740667,,3,,100.4740667,7.0134345
1110416470,7.010931,100.4724426,,4,,100.4724426,7.010931
1110416501,7.0155978,100.4805634,,3,,100.4805634,7.0155978
1110416526,7.0132825,100.4750909,,3,,100.4750909,7.0132825
1110416535,7.0170356,100.4818254,,4,,100.4818254,7.0170356
1110416556,7.0030436,100.4740108,,4,,100.4740108,7.0030436
1110416567,7.0141017,100.4808389,,4,,100.4808389,7.0141017
1110416568,7.0045161,100.4739438,,4,,100.4739438,7.0045161
1110416604,7.0174931,100.4818057,,3,,100.4818057,7.0174931
1110416608,7.0175477,100.4825091,,3,,100.4825091,7.0175477
1110416631,7.0119313,100.472383,,2,,100.472383,7.0119313
1110416654,7.0084292,100.4723864,,3,,100.4723864,7.0084292
1110416655,7.0024918,100.4734594,,3,,100.4734594,7.0024918
1110416666,6.9984318,100.4773233,,3,,100.4773233,6.9984318
1110416677,7.0002589,100.4757901,,3,,100.4757901,7.0002589
1110416726,7.0011631,100.4744325,,4,,100.4744325,7.0011631
1110416742,7.0131278,100.4794188,,3,,100.4794188,7.0131278
1110416754,7.0138154,100.4727813,,3,,100.4727813,7.0138154
1115361870,7.0104982,100.4861835,,4,,100.4861835,7.0104982
1115560969,7.0212312,100.4592883,,3,,100.4592883,7.0212312
1115560973,7.0175509,100.4553406,,3,,100.4553406,7.0175509
1115560979,7.0167867,100.4553357,,3,,100.4553357,7.0167867
1115560991,7.0215353,100.455361,,3,,100.455361,7.0215353
1115560995,7.0133817,100.4569381,,3,,100.4569381,7.0133817
1115561003,7.0208605,100.4553568,,4,,100.4553568,7.0208605
1115561016,7.0187832,100.4553625,,3,,100.4553625,7.0187832
1115561024,7.0171744,100.4553357,,3,,100.4553357,7.0171744
1115561030,7.0195857,100.4553554,,3,,100.4553554,7.0195857
1115561039,7.0227974,100.4553465,,3,,100.4553465,7.0227974
1115561044,7.0142777,100.4564735,,3,,100.4564735,7.0142777
1115561050,7.0227876,100.4595691,,1,,100.4595691,7.0227876
1115561051,7.0215796,100.4704035,,3,yes,100.4704035,7.0215796
1115585385,7.0072325,100.4765604,,4,,100.4765604,7.0072325
1115585393,7.0089076,100.4767571,,3,,100.4767571,7.0089076
1115585403,7.0080654,100.4768967,,3,,100.4768967,7.0080654
1115585416,7.0060349,100.4759068,,3,,100.4759068,7.0060349
1115585426,7.0153568,100.4760701,,3,,100.4760701,7.0153568
1115585463,7.0063144,100.4762745,,3,,100.4762745,7.0063144
1115585518,7.0161422,100.4758201,,3,,100.4758201,7.0161422
1115585548,7.0198854,100.475554,,4,,100.475554,7.0198854
1115585643,7.0274485,100.4733805,,3,,100.4733805,7.0274485
1115585792,7.0059696,100.474283,,3,,100.474283,7.0059696
1115585796,7.0165782,100.4764207,,3,,100.4764207,7.0165782
1115585857,7.0138821,100.4765306,,3,,100.4765306,7.0138821
1115585867,7.0300696,100.4725988,,3,,100.4725988,7.0300696
1115585897,7.0223415,100.4748914,,3,,100.4748914,7.0223415
1115585909,7.006727,100.4763647,,3,,100.4763647,7.006727
1120012974,7.0113097,100.483171,,3,,100.483171,7.0113097
1120012976,7.0143721,100.4794703,,3,,100.4794703,7.0143721
1120012989,7.0148135,100.4795108,,3,,100.4795108,7.0148135
1120014693,7.0165498,100.4709222,,3,,100.4709222,7.0165498
1122072640,7.0009155,100.4706,,4,,100.4706,7.0009155
1122072645,7.0009887,100.4712661,,4,,100.4712661,7.0009887
1122072658,7.0030315,100.4736599,,4,,100.4736599,7.0030315
1122072673,7.0010895,100.4721166,,3,,100.4721166,7.0010895
1122072674,7.0019712,100.472547,,3,,100.472547,7.0019712
1122072681,7.0028447,100.4717066,,3,,100.4717066,7.0028447
1122072695,7.0008168,100.4698855,,3,,100.4698855,7.0008168
1123399472,6.9953983,100.4795918,,3,,100.4795918,6.9953983
1123399483,7.0112687,100.4777493,,3,,100.4777493,7.0112687
1123399486,7.0129394,100.471796,,3,,100.471796,7.0129394
1123399489,7.0110591,100.4767109,,3,,100.4767109,7.0110591
1123399492,7.0142485,100.4742818,,4,,100.4742818,7.0142485
1123399502,7.0121475,100.4723816,,4,,100.4723816,7.0121475
1123399513,7.013698,100.4806302,,3,,100.4806302,7.013698
1123399516,7.0109282,100.478476,,3,,100.478476,7.0109282
1123399535,7.009553,100.4775237,,3,,100.4775237,7.009553
1123399561,7.0095359,100.4779695,,3,,100.4779695,7.0095359
1123399562,7.0061954,100.4746862,,4,,100.4746862,7.0061954
1123399569,7.0143049,100.4752262,,3,,100.4752262,7.0143049
1123399587,7.0048322,100.4772008,,4,,100.4772008,7.0048322
1123399591,7.0139162,100.472443,,4,,100.472443,7.0139162
1123399595,7.0078391,100.4744019,,3,,100.4744019,7.0078391
1123399600,7.0072955,100.4770573,,4,,100.4770573,7.0072955
1123399615,6.9982221,100.4798651,traffic_signals,4,,100.4798651,6.9982221
1123399639,7.0090525,100.478391,,3,,100.478391,7.0090525
1123399641,7.0112234,100.4781114,,4,,100.4781114,7.0112234
1123399659,7.0112512,100.477218,,3,,100.477218,7.0112512
1123399667,7.0165701,100.4824846,,4,,100.4824846,7.0165701
1123399675,7.0135809,100.4721009,,3,,100.4721009,7.0135809
1123399676,7.0135968,100.4762773,,3,,100.4762773,7.0135968
1123399678,6.9935714,100.4822776,,3,,100.4822776,6.9935714
1123399683,7.0102105,100.4784443,,3,,100.4784443,7.0102105
1123399700,7.0132451,100.4802259,,3,,100.4802259,7.0132451
1123399706,7.0069454,100.4745272,,4,,100.4745272,7.0069454
1123399713,7.013349,100.4783117,,3,,100.4783117,7.013349
1123399715,7.011004,100.4763135,,3,,100.4763135,7.011004
1123399740,7.013246,100.4788636,,3,,100.4788636,7.013246
1123399751,6.9951532,100.4829078,,3,,100.4829078,6.9951532
1123399771,7.0084357,100.4768435,,3,,100.4768435,7.0084357
1123399784,6.9940786,100.4825263,,3,,100.4825263,6.9940786
1123399813,6.9941704,100.4727516,,3,,100.4727516,6.9941704
1123399860,6.9945718,100.4827508,,3,,100.4827508,6.9945718
1123399863,7.0142618,100.4737446,,3,,100.4737446,7.0142618
1123399914,6.9943936,100.4807169,,3,,100.4807169,6.9943936
1123399943,7.013175,100.4718925,,3,,100.4718925,7.013175
1123399945,6.994869,100.4819548,,3,,100.4819548,6.994869
1137030928,7.0222914,100.4990738,,3,,100.4990738,7.0222914
1137030934,7.0188004,100.4845954,,3,,100.4845954,7.0188004
1137102383,7.02129,100.4917164,,3,,100.4917164,7.02129
1137102384,7.021633,100.4904351,,3,,100.4904351,7.021633
1137102395,7.0217037,100.4917104,,4,,100.4917104,7.0217037
1137102402,7.0221652,100.4916813,,3,,100.4916813,7.0221652
1137102414,7.021669,100.4908751,mini_roundabout,3,,100.4908751,7.021669
1140280757,7.0086169,100.4735109,,4,,100.4735109,7.0086169
1140280758,7.01108,100.4733872,,3,,100.4733872,7.01108
1160612966,6.9897602,100.4817925,,3,,100.4817925,6.9897602
1160612967,6.9966553,100.4894036,,3,,100.4894036,6.9966553
1160612969,7.003976,100.4754019,,3,,100.4754019,7.003976
1160612973,6.9971137,100.4880022,,3,,100.4880022,6.9971137
1160612974,7.0046686,100.4753243,,3,,100.4753243,7.0046686
1160612976,6.9906011,100.4821597,,4,,100.4821597,6.9906011
1160612981,6.9981924,100.4818363,,4,,100.4818363,6.9981924
1160612986,6.994236,100.4799938,,4,,100.4799938,6.994236
1160612990,6.9912386,100.4824247,,3,,100.4824247,6.9912386
1160617577,7.0154921,100.4741117,,3,,100.4741117,7.0154921
1160617588,7.0153059,100.4740319,,3,,100.4740319,7.0153059
1160617589,7.0186825,100.4728967,,4,,100.4728967,7.0186825
1160617590,7.014595,100.4742373,,4,,100.4742373,7.014595
1173916447,6.9926436,100.4855036,,4,,100.4855036,6.9926436
1173916508,6.9921419,100.4852353,,3,,100.4852353,6.9921419
1173916514,6.9935669,100.4859791,,3,,100.4859791,6.9935669
1173916525,6.9955372,100.483253,,3,,100.483253,6.9955372
1173916538,6.9943997,100.4863878,,3,,100.4863878,6.9943997
1173916572,6.9950099,100.4829665,,3,,100.4829665,6.9950099
1173916582,6.9983345,100.4845477,,4,,100.4845477,6.9983345
1173916660,6.9931175,100.4857534,,4,,100.4857534,6.9931175
1174378788,7.002049,100.4717988,,3,,100.4717988,7.002049
1174378892,7.0018011,100.4697782,,3,,100.4697782,7.0018011
1176926303,7.003569,100.4708694,,3,,100.4708694,7.003569
1177548796,6.9899293,100.4838242,,3,,100.4838242,6.9899293
1177548836,6.990067,100.4841466,,3,,100.4841466,6.990067
1177550535,6.9893837,100.4838358,,3,,100.4838358,6.9893837
1177550769,6.9885959,100.4833557,,3,,100.4833557,6.9885959
1177550822,6.989171,100.4833584,,3,,100.4833584,6.989171
1196102301,6.9958769,100.4308873,traffic_signals,4,,100.4308873,6.9958769
1196104112,6.9960455,100.4308775,traffic_signals,4,,100.4308775,6.9960455
1196106552,6.9958567,100.4303645,,4,,100.4303645,6.9958567
1196108339,6.9941282,100.4310216,,3,,100.4310216,6.9941282
1196108922,6.995744,100.4303987,,3,,100.4303987,6.995744
1196113662,7.0018818,100.4704629,,4,,100.4704629,7.0018818
1196924287,6.9933301,100.4841073,,4,,100.4841073,6.9933301
1196924324,6.9938034,100.4843461,,4,,100.4843461,6.9938034
1196924331,6.995252,100.4869039,,4,,100.4869039,6.995252
1196924337,6.9971614,100.4769654,,1,,100.4769654,6.9971614
1196924342,6.9943617,100.4832138,,3,,100.4832138,6.9943617
1196924365,6.9942322,100.4845779,,3,,100.4845779,6.9942322
1196924373,6.9983746,100.4798729,,3,,100.4798729,6.9983746
1196924377,6.9954945,100.4797105,,3,,100.4797105,6.9954945
1196924393,6.9978389,100.471708,,4,,100.471708,6.9978389
1203972086,7.0027788,100.4883595,,3,,100.4883595,7.0027788
1203972111,7.0013003,100.4841787,,3,,100.4841787,7.0013003
1203972117,7.0027961,100.4889019,,4,,100.4889019,7.0027961
1203972125,7.0033221,100.4916819,,3,,100.4916819,7.0033221
1263469174,7.001739,100.4866148,,3,,100.4866148,7.001739
1263469280,7.000717,100.4842535,,3,,100.4842535,7.000717
1369020939,7.0127196,100.4798711,,3,,100.4798711,7.0127196
1369020942,7.0123335,100.4800029,,3,,100.4800029,7.0123335
1369020943,7.0105515,100.4798697,,3,,100.4798697,7.0105515
1369020950,7.0091619,100.4797938,,3,,100.4797938,7.0091619
1369020962,7.0068181,100.4645525,,3,,100.4645525,7.0068181
1407217725,6.9947147,100.4866361,,3,,100.4866361,6.9947147
1407217754,7.005642,100.4905463,,1,,100.4905463,7.005642
1407217794,7.0009105,100.4903609,,3,,100.4903609,7.0009105
1407217821,7.0013634,100.4905506,,3,,100.4905506,7.0013634
1407217897,7.0043137,100.4902378,,1,,100.4902378,7.0043137
1407217970,7.0015548,100.4919398,,4,,100.4919398,7.0015548
1407218094,7.0050417,100.4900404,,3,,100.4900404,7.0050417
1407218100,6.9876779,100.484574,,1,,100.484574,6.9876779
1407218192,7.0042688,100.4897947,,4,,100.4897947,7.0042688
1407218317,6.9932805,100.485926,,3,,100.485926,6.9932805
1407218356,6.995757,100.4886113,,3,,100.4886113,6.995757
1407218457,7.0050194,100.490482,,3,,100.490482,7.0050194
1407218538,7.0058453,100.4900833,,1,,100.4900833,7.0058453
1407218591,7.0002748,100.4907777,,1,,100.4907777,7.0002748
1407218617,7.0027444,100.4880154,,3,,100.4880154,7.0027444
1407218726,6.9964689,100.489398,,3,,100.489398,6.9964689
1407218794,7.0042949,100.4906872,,1,,100.4906872,7.0042949
1407218814,6.9961623,100.4887365,,3,,100.4887365,6.9961623
1407218844,7.0029224,100.4899152,,4,,100.4899152,7.0029224
1407218969,6.9912141,100.4848147,,3,,100.4848147,6.9912141
1407219098,6.991594,100.485036,,3,,100.485036,6.991594
1407219129,7.0026507,100.4874989,,3,,100.4874989,7.0026507
1407219159,6.996801,100.4878108,,3,,100.4878108,6.996801
1407219215,6.9939574,100.4871839,,3,,100.4871839,6.9939574
1407219266,6.9992065,100.4891637,,3,,100.4891637,6.9992065
1407219345,7.0012141,100.4925081,,3,,100.4925081,7.0012141
1407219355,7.0028276,100.4892689,,3,,100.4892689,7.0028276
1407219387,6.9964532,100.4875979,,3,,100.4875979,6.9964532
1407219425,7.0001075,100.4893111,,3,,100.4893111,7.0001075
1407219518,6.998979,100.4908541,,3,,100.4908541,6.998979
1407219537,6.9912178,100.4863934,,3,,100.4863934,6.9912178
1407219621,7.000678,100.4909198,,1,,100.4909198,7.000678
1407219682,7.00161,100.4924196,,3,,100.4924196,7.00161
1407219730,6.9953716,100.4885581,,1,,100.4885581,6.9953716
1407219798,7.0043104,100.4894179,,3,,100.4894179,7.0043104
1407219810,6.9937552,100.4861662,,3,,100.4861662,6.9937552
1407219889,6.9960695,100.4887027,,3,,100.4887027,6.9960695
1407219934,7.000764,100.4896622,,3,,100.4896622,7.000764
1407219964,6.9883913,100.4839073,,3,,100.4839073,6.9883913
1407220004,6.9909439,100.4846573,,3,,100.4846573,6.9909439
1407220047,7.0007041,100.4902219,,3,,100.4902219,7.0007041
1407220073,6.9919658,100.4852525,,3,,100.4852525,6.9919658
1407220177,7.0040354,100.4880856,,1,,100.4880856,7.0040354
1407220184,6.9920465,100.4783432,,3,,100.4783432,6.9920465
1407220201,6.9925642,100.4837098,,1,,100.4837098,6.9925642
1407220209,7.0015062,100.4915848,,3,,100.4915848,7.0015062
1407220492,7.0001081,100.4889106,,3,,100.4889106,7.0001081
1407220595,7.0038748,100.4888907,,3,,100.4888907,7.0038748
1407220962,7.0009612,100.4925162,,3,,100.4925162,7.0009612
1407221063,6.9928346,100.4857005,,3,,100.4857005,6.9928346
1407221092,6.9942286,100.4864091,,3,,100.4864091,6.9942286
1407221149,6.9924663,100.4855119,,3,,100.4855119,6.9924663
1407221250,7.0003569,100.4911382,,3,,100.4911382,7.0003569
1407221607,7.0040214,100.4893914,,1,,100.4893914,7.0040214
1407221621,6.999709,100.4911985,,1,,100.4911985,6.999709
1407221707,6.9965735,100.4888811,,1,,100.4888811,6.9965735
1407221870,7.0011848,100.4894161,,3,,100.4894161,7.0011848
1407221939,7.003913,100.4874995,,1,,100.4874995,7.003913
1421020805,7.0055129,100.4626758,,3,,100.4626758,7.0055129
1421020817,6.9976393,100.4662975,,3,,100.4662975,6.9976393
1421020846,7.0044261,100.4636214,,4,,100.4636214,7.0044261
1421020850,7.0179008,100.4538531,,3,,100.4538531,7.0179008
1421020868,6.9978629,100.46699,,3,,100.46699,6.9978629
1421020877,7.0046144,100.4634614,,3,,100.4634614,7.0046144
1421020880,7.0228032,100.4536512,,3,,100.4536512,7.0228032
1421020884,7.0031462,100.464167,,4,,100.464167,7.0031462
1421027659,7.016659,100.4843092,,3,,100.4843092,7.016659
1421027702,7.0159729,100.4851451,,3,,100.4851451,7.0159729
1421027788,7.0186548,100.4845923,,3,,100.4845923,7.0186548
1421027860,7.0251091,100.4819491,,3,,100.4819491,7.0251091
1421027868,7.0208482,100.4824815,,4,,100.4824815,7.0208482
1421027903,7.0177321,100.4845946,,3,,100.4845946,7.0177321
1430652314,7.0431792,100.50378,,5,,100.50378,7.0431792
1430652323,7.0372755,100.5025866,,4,,100.5025866,7.0372755
1430652424,7.0425357,100.5045906,,3,,100.5045906,7.0425357
1430652724,7.0322555,100.502148,,3,,100.502148,7.0322555
1430652734,7.0320153,100.5007383,,3,,100.5007383,7.0320153
1431715359,7.0003803,100.4723581,,3,,100.4723581,7.0003803
1431715362,6.9942993,100.4803421,,3,,100.4803421,6.9942993
1431715363,7.0046024,100.4745803,,3,,100.4745803,7.0046024
1431715366,7.0045361,100.4741483,,3,,100.4741483,7.0045361
1431715369,7.0028845,100.4709996,,3,,100.4709996,7.0028845
1431715372,7.0014148,100.4743636,,3,,100.4743636,7.0014148
1431715374,6.9965237,100.4709702,,3,,100.4709702,6.9965237
1431715377,6.9955241,100.4730267,,3,,100.4730267,6.9955241
1431715380,6.9994028,100.4719821,,3,,100.4719821,6.9994028
1431715381,6.9942384,100.4758225,,3,,100.4758225,6.9942384
1431715384,6.9971556,100.4724667,,3,,100.4724667,6.9971556
1431715385,6.9958618,100.4724864,,3,,100.4724864,6.9958618
1431715386,6.9961996,100.4711003,,3,,100.4711003,6.9961996
1431715388,6.9948736,100.4777775,,3,,100.4777775,6.9948736
1431715390,6.9940065,100.4786031,,3,,100.4786031,6.9940065
1431715395,7.0017674,100.4718874,,3,,100.4718874,7.0017674
1431715396,6.9914171,100.4771944,,3,,100.4771944,6.9914171
1431715400,6.9950996,100.4792243,,3,,100.4792243,6.9950996
1431715406,7.003884,100.4745281,,4,,100.4745281,7.003884
1431715407,6.9941568,100.4794881,,4,,100.4794881,6.9941568
1431715409,7.0030225,100.4738712,,3,,100.4738712,7.0030225
1431715410,6.9962835,100.4723061,,3,,100.4723061,6.9962835
1431715412,6.9933541,100.4725464,,3,,100.4725464,6.9933541
1431715414,6.9955476,100.4764703,,3,,100.4764703,6.9955476
1431715415,7.0031313,100.4745985,,3,,100.4745985,7.0031313
1431715416,6.9958743,100.480123,,3,,100.480123,6.9958743
1431715418,6.9911973,100.4779928,,3,,100.4779928,6.9911973
1431715421,7.0010478,100.4717648,,3,,100.4717648,7.0010478
1431715423,7.000376,100.4718515,,4,,100.4718515,7.000376
1431715427,6.996952,100.4700806,,3,,100.4700806,6.996952
1431715428,6.9951326,100.4735466,,3,,100.4735466,6.9951326
1431715429,7.0038569,100.4741259,,4,,100.4741259,7.0038569
1431715430,6.9964547,100.4727327,,3,,100.4727327,6.9964547
1431715436,6.9956687,100.4734079,,3,,100.4734079,6.9956687
1431715442,6.9944932,100.4785011,,3,,100.4785011,6.9944932
1431715447,6.9948387,100.4718464,,3,,100.4718464,6.9948387
1431715453,6.9960161,100.472851,,3,,100.472851,6.9960161
1431715456,6.9945981,100.4768368,,4,,100.4768368,6.9945981
1431867096,7.0001287,100.4843142,,3,,100.4843142,7.0001287
1431867100,7.000921,100.4819782,,4,,100.4819782,7.000921
1431867103,7.0024468,100.4827725,,3,,100.4827725,7.0024468
1431867106,7.0041371,100.4849406,,3,,100.4849406,7.0041371
1431867108,7.0016294,100.4802204,,4,,100.4802204,7.0016294
1431867110,7.0027016,100.4852114,,3,,100.4852114,7.0027016
1431867112,6.9998015,100.4812314,,3,,100.4812314,6.9998015
1431867117,7.008757,100.4897065,,3,,100.4897065,7.008757
1431867123,7.0120735,100.4944362,,3,,100.4944362,7.0120735
1431867127,6.9995592,100.4832165,,3,,100.4832165,6.9995592
1431867129,7.0031429,100.4868417,,1,,100.4868417,7.0031429
1431867132,7.0291809,100.4712032,,3,,100.4712032,7.0291809
1431867140,7.0039029,100.4837406,,4,,100.4837406,7.0039029
1431867141,7.0030167,100.4839077,,3,,100.4839077,7.0030167
1431867150,7.0011288,100.4823233,,3,,100.4823233,7.0011288
1431867152,7.0023501,100.4840304,,3,,100.4840304,7.0023501
1431867155,7.001445,100.4830727,,3,,100.4830727,7.001445
1431867157,7.0029147,100.4869183,,3,,100.4869183,7.0029147
1431867158,6.9995327,100.4843975,,3,,100.4843975,6.9995327
1431867160,7.0016511,100.4800676,,3,,100.4800676,7.0016511
1431867163,6.9992007,100.4833321,,3,,100.4833321,6.9992007
1431867164,7.0023222,100.4853337,,3,,100.4853337,7.0023222
1431867166,7.0018751,100.4812957,,3,,100.4812957,7.0018751
1431867172,6.9999394,100.4817107,,3,,100.4817107,6.9999394
1558314093,7.0007391,100.4834364,,3,,100.4834364,7.0007391
1558314095,7.0011681,100.4825926,,3,,100.4825926,7.0011681
1558314100,7.0014554,100.4892441,,3,,100.4892441,7.0014554
1558314142,7.0047449,100.4796058,,3,,100.4796058,7.0047449
1558314144,7.0047995,100.4797866,,3,,100.4797866,7.0047995
1558343216,6.9867647,100.467046,,3,,100.467046,6.9867647
1558343310,6.9931796,100.4720856,,3,,100.4720856,6.9931796
1558343337,6.9952184,100.4453675,,3,,100.4453675,6.9952184
1558343340,6.9960376,100.4448139,,3,,100.4448139,6.9960376
1558343342,6.9969427,100.4442952,,3,,100.4442952,6.9969427
1558343344,6.9975447,100.4463926,,3,,100.4463926,6.9975447
1558729721,6.9965328,100.475222,,3,,100.475222,6.9965328
1558729775,6.9901517,100.4656018,,3,,100.4656018,6.9901517
1558729819,6.9889226,100.4687902,,3,,100.4687902,6.9889226
1558729912,6.9899816,100.4686594,,4,,100.4686594,6.9899816
1558729915,6.9977351,100.4470484,,3,,100.4470484,6.9977351
1558997825,7.0047489,100.476776,,3,,100.476776,7.0047489
1559016809,6.9933793,100.4727148,,3,,100.4727148,6.9933793
1559016813,6.9938537,100.4738634,,3,,100.4738634,6.9938537
1559016814,6.9941066,100.4744008,,4,,100.4744008,6.9941066
1559016815,6.9941204,100.4732049,,3,,100.4732049,6.9941204
1559016819,6.9944199,100.4741913,,3,,100.4741913,6.9944199
1559016820,6.9946901,100.4747356,,3,,100.4747356,6.9946901
1559016821,6.9946918,100.4813223,,3,,100.4813223,6.9946918
1559016822,6.9960663,100.4751233,,3,,100.4751233,6.9960663
1559016826,6.9961916,100.4765304,,3,,100.4765304,6.9961916
1559016829,6.996322,100.4806844,,3,,100.4806844,6.996322
1559016831,6.9966401,100.4764592,,4,,100.4764592,6.9966401
1559016832,6.9968417,100.4814503,,3,,100.4814503,6.9968417
1559016833,6.9970237,100.4753561,,3,,100.4753561,6.9970237
1559016834,6.9970276,100.4759806,,3,,100.4759806,6.9970276
1559016835,6.9971237,100.4764354,,3,,100.4764354,6.9971237
1559016846,6.9974687,100.4752768,,3,,100.4752768,6.9974687
1559016861,6.9982424,100.4762849,,4,,100.4762849,6.9982424
1559016869,6.9987757,100.4701167,,3,,100.4701167,6.9987757
1559016880,6.9991744,100.4700979,,3,,100.4700979,6.9991744
1559016895,7.0008523,100.4752186,,3,,100.4752186,7.0008523
1559016898,7.0008564,100.4746307,,3,,100.4746307,7.0008564
1559016903,7.0014894,100.4751872,,4,,100.4751872,7.0014894
1559016904,7.0018016,100.4743015,,3,,100.4743015,7.0018016
1559016905,7.0018846,100.4751469,,3,,100.4751469,7.0018846
1559016909,7.0022036,100.4742563,,4,,100.4742563,7.0022036
1559016910,7.0022886,100.4751056,,3,,100.4751056,7.0022886
1559016911,7.0023189,100.481103,,1,,100.481103,7.0023189
1559016915,7.002599,100.4687698,,3,,100.4687698,7.002599
1559016916,7.0025994,100.4742274,,3,,100.4742274,7.0025994
1559016918,7.002704,100.4750632,,3,,100.4750632,7.002704
1559016919,7.0027555,100.4755275,,3,,100.4755275,7.0027555
1559029733,6.9895339,100.4835813,,3,,100.4835813,6.9895339
1559029735,6.9901903,100.4819962,,4,,100.4819962,6.9901903
1559029749,6.9951056,100.447577,,4,,100.447577,6.9951056
1559029754,6.9954336,100.4481584,,4,,100.4481584,6.9954336
1559029755,6.9957536,100.4478115,,3,,100.4478115,6.9957536
1559029756,6.9961537,100.4475514,,3,,100.4475514,6.9961537
1559029758,6.996593,100.4473774,,3,,100.4473774,6.996593
1559029764,6.9977337,100.4506417,,3,,100.4506417,6.9977337
1559029768,6.9981117,100.4504853,,3,,100.4504853,6.9981117
1559029771,6.9986582,100.4503132,,3,,100.4503132,6.9986582
1559029772,6.9990536,100.4516731,,3,,100.4516731,6.9990536
1559029774,6.9997267,100.4540509,,4,,100.4540509,6.9997267
1559029775,7.0001405,100.4552717,,3,,100.4552717,7.0001405
1559029777,7.0005164,100.4563238,,3,,100.4563238,7.0005164
1559029779,7.0019402,100.4557456,,3,,100.4557456,7.0019402
1559029797,7.00511,100.4706208,,3,,100.4706208,7.00511
1559029798,7.0051873,100.4713797,,3,,100.4713797,7.0051873
1597535079,7.0138254,100.4852033,,4,,100.4852033,7.0138254
1612097142,7.0050499,100.4612288,,4,,100.4612288,7.0050499
1612097191,7.0074193,100.4689898,,5,,100.4689898,7.0074193
1612097195,7.0074917,100.4690592,,4,,100.4690592,7.0074917
1612097214,7.0196776,100.4978596,,6,,100.4978596,7.0196776
1639088606,7.0063973,100.4860101,,4,,100.4860101,7.0063973
1639088623,7.007084,100.4811021,,3,,100.4811021,7.007084
1639088636,7.0074097,100.4850281,,3,,100.4850281,7.0074097
1639088652,7.0075743,100.4834965,,3,,100.4834965,7.0075743
1639088658,7.0079759,100.4812598,,4,,100.4812598,7.0079759
1666900747,7.0091232,100.4793527,,3,,100.4793527,7.0091232
1672229809,6.9964117,100.4308855,,3,,100.4308855,6.9964117
1672229976,6.9982398,100.4349315,,3,,100.4349315,6.9982398
1672230024,6.9987103,100.4421222,,3,,100.4421222,6.9987103
1672230040,6.9988505,100.4421246,,4,,100.4421246,6.9988505
1672230068,6.9991959,100.4349295,,1,,100.4349295,6.9991959
1672230444,7.0011094,100.4422693,,1,,100.4422693,7.0011094
1680660688,6.9841838,100.4653612,,1,,100.4653612,6.9841838
1680660713,6.9846445,100.4668284,,1,,100.4668284,6.9846445
1680660715,6.9844395,100.465139,,3,,100.465139,6.9844395
1680660762,6.9848007,100.4648934,,3,,100.4648934,6.9848007
1680660870,6.9852818,100.4658903,,3,,100.4658903,6.9852818
1680660878,6.9852285,100.462132,,1,,100.462132,6.9852285
1680660905,6.9856657,100.4667079,,3,,100.4667079,6.9856657
1680660943,6.9858829,100.4656443,,3,,100.4656443,6.9858829
1680661022,6.986212,100.4667381,,3,,100.4667381,6.986212
1680661103,6.9866026,100.4666558,,3,,100.4666558,6.9866026
1680661314,6.9870407,100.4665201,,3,,100.4665201,6.9870407
1680662196,6.9898827,100.4784765,,1,,100.4784765,6.9898827
1680662332,6.9904114,100.4800943,,4,,100.4800943,6.9904114
1680662362,6.9904781,100.4710517,,3,,100.4710517,6.9904781
1680662422,6.9905891,100.4682622,,1,,100.4682622,6.9905891
1680662505,6.9908376,100.4713804,,3,,100.4713804,6.9908376
1680662508,6.9908353,100.4802592,,4,,100.4802592,6.9908353
1680662523,6.9909701,100.4699535,,3,,100.4699535,6.9909701
1680662566,6.9909357,100.478694,,3,,100.478694,6.9909357
1680662578,6.9909989,100.4645918,,4,,100.4645918,6.9909989
1680662584,6.9910436,100.476019,,3,,100.476019,6.9910436
1680662592,6.9910738,100.4678605,,3,,100.4678605,6.9910738
1680662616,6.9911092,100.4681453,,3,,100.4681453,6.9911092
1680662622,6.9911596,100.468473,,3,,100.468473,6.9911596
1680662629,6.9911795,100.4752808,,3,,100.4752808,6.9911795
1680662647,6.9912498,100.4804266,,4,,100.4804266,6.9912498
1680662668,6.9912682,100.4704875,,3,,100.4704875,6.9912682
1680662672,6.9912891,100.4776353,,3,,100.4776353,6.9912891
1680662680,6.9912999,100.4716646,,3,,100.4716646,6.9912999
1680662687,6.9913253,100.4760642,,3,,100.4760642,6.9913253
1680662691,6.9913418,100.4708763,,4,,100.4708763,6.9913418
1680662695,6.9913666,100.4640964,,1,,100.4640964,6.9913666
1680662697,6.991413,100.4675764,,3,,100.4675764,6.991413
1680662736,6.9914406,100.4678075,,3,,100.4678075,6.9914406
1680662744,6.9914134,100.4712646,,3,,100.4712646,6.9914134
1680662748,6.991438,100.4669451,,3,,100.4669451,6.991438
1680662753,6.9914632,100.4645114,,3,,100.4645114,6.9914632
1680662760,6.9915174,100.4684099,,3,,100.4684099,6.9915174
1680662785,6.9919021,100.480702,,1,,100.480702,6.9919021
1680662801,6.9914881,100.4754554,,3,,100.4754554,6.9914881
1680662818,6.9915554,100.4765551,,3,,100.4765551,6.9915554
1680662857,6.9916175,100.4651781,,3,,100.4651781,6.9916175
1680662867,6.9916239,100.4755334,,3,,100.4755334,6.9916239
1680662868,6.9916156,100.4781803,,4,,100.4781803,6.9916156
1680662928,6.9918296,100.468362,,3,,100.468362,6.9918296
1680662969,6.9918378,100.4639654,,1,,100.4639654,6.9918378
1680663045,6.9921329,100.4683289,,3,,100.4683289,6.9921329
1680663049,6.992011,100.4703444,,3,,100.4703444,6.992011
1680663064,6.9920731,100.4650628,,3,,100.4650628,6.9920731
1680663097,6.9920862,100.4707375,,4,,100.4707375,6.9920862
1680663129,6.9921558,100.4711241,,3,,100.4711241,6.9921558
1680663191,6.9923175,100.4640044,,1,,100.4640044,6.9923175
1680663195,6.9923338,100.4784649,,3,,100.4784649,6.9923338
1680663206,6.9924792,100.4776795,,3,,100.4776795,6.9924792
1680663246,6.9925138,100.4649513,,3,,100.4649513,6.9925138
1680663265,6.9925818,100.4791041,,1,,100.4791041,6.9925818
1680663330,6.9927876,100.4648819,,3,,100.4648819,6.9927876
1680663371,6.9927827,100.4775097,,1,,100.4775097,6.9927827
1680663374,6.9928184,100.474926,,4,,100.474926,6.9928184
1680663378,6.9928422,100.4764125,,3,,100.4764125,6.9928422
1680663383,6.9927763,100.4641273,,1,,100.4641273,6.9927763
1680663388,6.9928377,100.4756351,,1,,100.4756351,6.9928377
1680663396,6.99262,100.4662032,,1,,100.4662032,6.99262
1680663402,6.9928531,100.4705829,,4,,100.4705829,6.9928531
1680663461,6.9929198,100.4648485,,3,,100.4648485,6.9929198
1680663469,6.9929301,100.4709743,,3,,100.4709743,6.9929301
1680663479,6.9928427,100.4670243,,3,,100.4670243,6.9928427
1680663483,6.9931281,100.4781418,,1,,100.4781418,6.9931281
1680663538,6.9929919,100.4657011,,1,,100.4657011,6.9929919
1680663542,6.9930491,100.4715477,,4,,100.4715477,6.9930491
1680663630,6.9932424,100.4642573,,1,,100.4642573,6.9932424
1680663694,6.9933084,100.432597,,3,,100.432597,6.9933084
1680663699,6.9933293,100.4647448,,3,,100.4647448,6.9933293
1680663706,6.993324,100.4769737,,3,,100.4769737,6.993324
1680663769,6.9934747,100.464708,,3,,100.464708,6.9934747
1680663823,6.9935867,100.4773304,,3,,100.4773304,6.9935867
1680663828,6.9935953,100.4671096,,3,,100.4671096,6.9935953
1680663833,6.9935939,100.4670545,,3,,100.4670545,6.9935939
1680663855,6.9936249,100.4661664,,3,,100.4661664,6.9936249
1680663894,6.9936911,100.4681726,,3,,100.4681726,6.9936911
1680663902,6.9937095,100.4324815,,3,,100.4324815,6.9937095
1680663909,6.9937647,100.4775276,,3,,100.4775276,6.9937647
1680663938,6.9938539,100.4760893,,3,,100.4760893,6.9938539
1680663941,6.9938347,100.4776009,,3,,100.4776009,6.9938347
1680663948,6.9939408,100.4760301,,3,,100.4760301,6.9939408
1680663954,6.9939118,100.4331702,,1,,100.4331702,6.9939118
1680663993,6.9940208,100.4318986,,3,,100.4318986,6.9940208
1680663997,6.9939842,100.4765327,,3,,100.4765327,6.9939842
1680664013,6.994081,100.4790881,,4,,100.4790881,6.994081
1680664046,6.9941291,100.4323716,,3,,100.4323716,6.9941291
1680664052,6.9941056,100.4669677,,3,,100.4669677,6.9941056
1680664058,6.9941373,100.4322493,,3,,100.4322493,6.9941373
1680664120,6.9943247,100.4330578,,1,,100.4330578,6.9943247
1680664160,6.9944862,100.461808,,1,,100.461808,6.9944862
1680664166,6.994511,100.4321327,,3,,100.4321327,6.994511
1680664171,6.9945536,100.47557,,3,,100.47557,6.9945536
1680664183,6.994588,100.4668323,,3,,100.4668323,6.994588
1680664191,6.9946248,100.4459282,,3,,100.4459282,6.9946248
1680664214,6.99465,100.462699,,3,,100.462699,6.99465
1680664228,6.9947158,100.4772399,,3,,100.4772399,6.9947158
1680664255,6.994755,100.4759298,,3,,100.4759298,6.994755
1680664277,6.994814,100.4788498,,3,,100.4788498,6.994814
1680664308,6.994953,100.4456154,,3,,100.4456154,6.994953
1680664320,6.9949958,100.4626219,,3,,100.4626219,6.9949958
1680664322,6.9950214,100.4640715,,3,,100.4640715,6.9950214
1680664324,6.9950205,100.4416099,,3,,100.4416099,6.9950205
1680664329,6.9950572,100.4765895,,3,,100.4765895,6.9950572
1680664331,6.995076,100.4422519,,1,,100.4422519,6.995076
1680664343,6.9950641,100.4654567,,3,,100.4654567,6.9950641
1680664350,6.9950784,100.4657914,,1,,100.4657914,6.9950784
1680664354,6.9951239,100.4484694,,3,,100.4484694,6.9951239
1680664357,6.995164,100.4378569,,3,,100.4378569,6.995164
1680664360,6.9951402,100.4374979,,1,,100.4374979,6.9951402
1680664362,6.9951483,100.4766056,,3,,100.4766056,6.9951483
1680664363,6.9952242,100.463929,,3,,100.463929,6.9952242
1680664366,6.9952637,100.4868474,,4,,100.4868474,6.9952637
1680664401,6.9953228,100.4771756,,3,,100.4771756,6.9953228
1680664427,6.9953752,100.4415936,,3,,100.4415936,6.9953752
1680664434,6.9954157,100.4422757,,1,,100.4422757,6.9954157
1680664436,6.9954301,100.4637731,,3,,100.4637731,6.9954301
1680664437,6.9954408,100.4775646,,4,,100.4775646,6.9954408
1680664441,6.9947799,100.4344361,,1,,100.4344361,6.9947799
1680664461,6.9955511,100.4374739,,1,,100.4374739,6.9955511
1680664464,6.9955792,100.4378429,,3,,100.4378429,6.9955792
1680664471,6.9955858,100.4653719,,3,,100.4653719,6.9955858
1680664476,6.9956568,100.4656455,,1,,100.4656455,6.9956568
1680664515,6.9957223,100.4415735,,3,,100.4415735,6.9957223
1680664521,6.9957115,100.4647444,,1,,100.4647444,6.9957115
1680664525,6.9957257,100.4792748,,3,,100.4792748,6.9957257
1680664529,6.9957029,100.4796735,,3,,100.4796735,6.9957029
1680664531,6.9957202,100.442412,,1,,100.442412,6.9957202
1680664535,6.9957699,100.4422059,,1,,100.4422059,6.9957699
1680664593,6.9959182,100.4691378,,3,,100.4691378,6.9959182
1680664603,6.9958804,100.4774545,,3,,100.4774545,6.9958804
1680664660,6.9960014,100.4374832,,1,,100.4374832,6.9960014
1680664664,6.9960334,100.4377921,,3,,100.4377921,6.9960334
1680664673,6.9960614,100.4415531,,3,,100.4415531,6.9960614
1680664722,6.9961087,100.4421839,,1,,100.4421839,6.9961087
1680664732,6.9961181,100.4858493,,1,,100.4858493,6.9961181
1680664774,6.9961153,100.4791971,,3,,100.4791971,6.9961153
1680664784,6.9961979,100.4837306,,1,,100.4837306,6.9961979
1680664795,6.9962061,100.4315018,,3,,100.4315018,6.9962061
1680664800,6.9962066,100.4512884,,3,,100.4512884,6.9962066
1680664827,6.9962284,100.4432305,,1,,100.4432305,6.9962284
1680664869,6.9963213,100.4843007,,3,,100.4843007,6.9963213
1680664903,6.9963713,100.4516773,,3,,100.4516773,6.9963713
1680664921,6.9964112,100.4784565,,3,,100.4784565,6.9964112
1680664923,6.9963854,100.4415274,,3,,100.4415274,6.9963854
1680664927,6.9964016,100.4421965,,1,,100.4421965,6.9964016
1680664939,6.9963841,100.4807575,,3,,100.4807575,6.9963841
1680664944,6.9964022,100.4511791,,3,,100.4511791,6.9964022
1680664950,6.9965633,100.437758,,3,,100.437758,6.9965633
1680664952,6.9965422,100.4374594,,1,,100.4374594,6.9965422
1680664958,6.9965423,100.4520812,,3,,100.4520812,6.9965423
1680664977,6.9965396,100.4801906,,3,,100.4801906,6.9965396
1680664987,6.996554,100.4795962,,3,,100.4795962,6.996554
1680665012,6.9967096,100.4524822,,4,,100.4524822,6.9967096
1680665041,6.9967062,100.4643735,,3,,100.4643735,6.9967062
1680665045,6.9967177,100.4823866,,3,,100.4823866,6.9967177
1680665049,6.9967175,100.4415071,,3,,100.4415071,6.9967175
1680665057,6.9967282,100.4421766,,1,,100.4421766,6.9967282
1680665108,6.9968884,100.4509829,,3,,100.4509829,6.9968884
1680665112,6.9969055,100.4853129,,3,,100.4853129,6.9969055
1680665119,6.9968548,100.4533199,,1,,100.4533199,6.9968548
1680665127,6.9969317,100.4328536,,3,,100.4328536,6.9969317
1680665131,6.9969683,100.4374753,,1,,100.4374753,6.9969683
1680665134,6.9969945,100.4377882,,3,,100.4377882,6.9969945
1680665167,6.997032,100.4414845,,3,,100.4414845,6.997032
1680665173,6.9970359,100.4832469,,1,,100.4832469,6.9970359
1680665176,6.9970537,100.4421672,,1,,100.4421672,6.9970537
1680665180,6.9970452,100.4784928,,3,,100.4784928,6.9970452
1680665186,6.9971075,100.4447993,,3,,100.4447993,6.9971075
1680665225,6.9971079,100.4863811,,3,,100.4863811,6.9971079
1680665232,6.9971621,100.4625694,,3,,100.4625694,6.9971621
1680665235,6.9971741,100.4441308,,3,,100.4441308,6.9971741
1680665239,6.9972202,100.4633336,,1,,100.4633336,6.9972202
1680665283,6.9972621,100.450832,,3,,100.450832,6.9972621
1680665289,6.9973276,100.46538,,3,,100.46538,6.9973276
1680665292,6.9973224,100.4414703,,3,,100.4414703,6.9973224
1680665294,6.9973477,100.4439573,,3,,100.4439573,6.9973477
1680665317,6.9973349,100.4421334,,1,,100.4421334,6.9973349
1680665321,6.9973646,100.4624293,,3,,100.4624293,6.9973646
1680665323,6.9973735,100.4374273,,1,,100.4374273,6.9973735
1680665325,6.9973644,100.4814858,,1,,100.4814858,6.9973644
1680665326,6.9973483,100.4797389,,3,,100.4797389,6.9973483
1680665328,6.9974078,100.4377797,,3,,100.4377797,6.9974078
1680665338,6.9974461,100.4821039,,3,,100.4821039,6.9974461
1680665363,6.9975073,100.4624178,,3,,100.4624178,6.9975073
1680665365,6.9974719,100.4635076,,1,,100.4635076,6.9974719
1680665366,6.9974915,100.4862973,,3,,100.4862973,6.9974915
1680665406,6.9975864,100.4845671,,3,,100.4845671,6.9975864
1680665414,6.9976193,100.4850319,,3,,100.4850319,6.9976193
1680665423,6.9976349,100.4414696,,3,,100.4414696,6.9976349
1680665425,6.9976495,100.4421276,,1,,100.4421276,6.9976495
1680665449,6.9977055,100.4808104,,1,,100.4808104,6.9977055
1680665452,6.9976988,100.4651751,,3,,100.4651751,6.9976988
1680665460,6.9978063,100.4374499,,1,,100.4374499,6.9978063
1680665463,6.9978384,100.4377718,,3,,100.4377718,6.9978384
1680665465,6.9978539,100.4862257,,3,,100.4862257,6.9978539
1680665468,6.9978755,100.4555803,,4,,100.4555803,6.9978755
1680665488,6.9979132,100.4649967,,3,,100.4649967,6.9979132
1680665498,6.9979424,100.441473,,3,,100.441473,6.9979424
1680665500,6.9979535,100.4420717,,1,,100.4420717,6.9979535
1680665502,6.9979715,100.4348078,,3,,100.4348078,6.9979715
1680665504,6.9980182,100.4674771,,3,,100.4674771,6.9980182
1680665507,6.998029,100.4640718,,1,,100.4640718,6.998029
1680665529,6.9980384,100.4661392,,4,,100.4661392,6.9980384
1680665531,6.9980668,100.4538,,3,,100.4538,6.9980668
1680665539,6.9981393,100.4649497,,3,,100.4649497,6.9981393
1680665542,6.9981756,100.4618682,,3,,100.4618682,6.9981756
1680665547,6.9981924,100.4541824,,3,,100.4541824,6.9981924
1680665554,6.9981959,100.4351788,,3,,100.4351788,6.9981959
1680665586,6.9982341,100.4795858,,4,,100.4795858,6.9982341
1680665604,6.9983093,100.4553524,,3,,100.4553524,6.9983093
1680665612,6.9983554,100.4541191,,3,,100.4541191,6.9983554
1680665621,6.9983859,100.4861273,,3,,100.4861273,6.9983859
1680665626,6.9983846,100.4647489,,3,,100.4647489,6.9983846
1680665647,6.9984527,100.4359952,,3,,100.4359952,6.9984527
1680665649,6.9984476,100.4363496,,3,,100.4363496,6.9984476
1680665652,6.998459,100.4433562,,3,,100.4433562,6.998459
1680665659,6.9984898,100.4368613,,3,,100.4368613,6.9984898
1680665664,6.9984808,100.4372401,,3,,100.4372401,6.9984808
1680665667,6.9984895,100.4545215,,3,,100.4545215,6.9984895
1680665670,6.9985129,100.4376234,,3,,100.4376234,6.9985129
1680665672,6.9985,100.4381304,,3,,100.4381304,6.9985
1680665692,6.9985938,100.4659172,,3,,100.4659172,6.9985938
1680665696,6.9986496,100.4549786,,3,,100.4549786,6.9986496
1680665698,6.9987103,100.4504803,,3,,100.4504803,6.9987103
1680665701,6.9987071,100.4551434,,3,,100.4551434,6.9987071
1680665708,6.9987815,100.4567735,,3,,100.4567735,6.9987815
1680665730,6.998801,100.450832,,3,,100.450832,6.998801
1680665734,6.9988214,100.4614213,,3,,100.4614213,6.9988214
1680665741,6.9989128,100.4826697,,1,,100.4826697,6.9989128
1680665743,6.9989297,100.4512774,,3,,100.4512774,6.9989297
1680665746,6.9990248,100.4621847,,3,,100.4621847,6.9990248
1680665753,6.9990898,100.4566947,,3,,100.4566947,6.9990898
1680665755,6.9990706,100.4644624,,4,,100.4644624,6.9990706
1680665792,6.999079,100.4767315,,3,,100.4767315,6.999079
1680665799,6.999164,100.452058,,4,,100.452058,6.999164
1680665803,6.9992014,100.4548665,,3,,100.4548665,6.9992014
1680665806,6.9992145,100.4777881,,1,,100.4777881,6.9992145
1680665809,6.9992439,100.452349,,3,,100.452349,6.9992439
1680665813,6.9992335,100.4496866,,3,,100.4496866,6.9992335
1680665816,6.9992825,100.452459,,3,,100.452459,6.9992825
1680665819,6.9992786,100.4553293,,3,,100.4553293,6.9992786
1680665842,6.9993324,100.4642554,,3,,100.4642554,6.9993324
1680665847,6.9993877,100.4667165,,1,,100.4667165,6.9993877
1680665851,6.999398,100.4528745,,3,,100.4528745,6.999398
1680665856,6.9993767,100.4559178,,1,,100.4559178,6.9993767
1680665859,6.9993848,100.4496259,,3,,100.4496259,6.9993848
1680665861,6.9993858,100.4620316,,3,,100.4620316,6.9993858
1680665863,6.9993862,100.4770858,,1,,100.4770858,6.9993862
1680665890,6.9994797,100.4502416,,3,,100.4502416,6.9994797
1680665894,6.9994879,100.4532783,,4,,100.4532783,6.9994879
1680665898,6.9995584,100.4655728,,4,,100.4655728,6.9995584
1680665900,6.9996319,100.4536507,,4,,100.4536507,6.9996319
1680665902,6.99962,100.464173,,3,,100.464173,6.99962
1680665904,6.9996463,100.4626167,,3,,100.4626167,6.9996463
1680665909,6.9996946,100.4552705,,3,,100.4552705,6.9996946
1680665916,6.99974,100.4761732,,3,,100.4761732,6.99974
1680665941,6.9997423,100.4640405,,3,,100.4640405,6.9997423
1680665943,6.9997532,100.4850079,,1,,100.4850079,6.9997532
1680665945,6.9997696,100.4660832,,1,,100.4660832,6.9997696
1680665947,6.9997808,100.4556153,,1,,100.4556153,6.9997808
1680665956,6.9998081,100.4618524,,1,,100.4618524,6.9998081
1680665960,6.9998393,100.4510466,,3,,100.4510466,6.9998393
1680665989,6.9999264,100.485261,,1,,100.485261,6.9999264
1680665991,6.9999391,100.4576298,,3,,100.4576298,6.9999391
1680665995,6.9999486,100.4547146,,3,,100.4547146,6.9999486
1680666000,6.9999805,100.4559303,,1,,100.4559303,6.9999805
1680666003,6.9999947,100.4509836,,3,,100.4509836,6.9999947
1680666007,6.9999985,100.4853657,,3,,100.4853657,6.9999985
1680666013,7.0000323,100.4798053,,3,,100.4798053,7.0000323
1680666017,7.0000452,100.4550042,,3,,100.4550042,7.0000452
1680666022,7.000015,100.4585615,,3,,100.4585615,7.000015
1680666026,7.0000884,100.4758965,,3,,100.4758965,7.0000884
1680666042,7.0000887,100.4605445,,3,,100.4605445,7.0000887
1680666046,7.0000808,100.4653871,,4,,100.4653871,7.0000808
1680666050,7.0001227,100.4564284,,3,,100.4564284,7.0001227
1680666061,7.0001482,100.4764504,,1,,100.4764504,7.0001482
1680666065,7.0001695,100.4638826,,3,,100.4638826,7.0001695
1680666068,7.0002111,100.4514631,,3,,100.4514631,7.0002111
1680666075,7.0002475,100.4519721,,3,,100.4519721,7.0002475
1680666077,7.0002917,100.4584363,,3,,100.4584363,7.0002917
1680666094,7.0003016,100.4857903,,3,,100.4857903,7.0003016
1680666097,7.000353,100.4662015,,3,,100.4662015,7.000353
1680666111,7.000394,100.4847076,,3,,100.4847076,7.000394
1680666115,7.0004163,100.4727931,,3,,100.4727931,7.0004163
1680666119,7.0004484,100.4757767,,3,,100.4757767,7.0004484
1680666125,7.0004877,100.4575146,,3,,100.4575146,7.0004877
1680666126,7.0004931,100.4764113,,1,,100.4764113,7.0004931
1680666143,7.0005374,100.4850897,,3,,100.4850897,7.0005374
1680666149,7.0005584,100.4652064,,4,,100.4652064,7.0005584
1680666157,7.0005975,100.4636416,,3,,100.4636416,7.0005975
1680666167,7.0007039,100.4525363,,3,,100.4525363,7.0007039
1680666173,7.0007379,100.4855822,,3,,100.4855822,7.0007379
1680666175,7.0008006,100.4531947,,3,,100.4531947,7.0008006
1680666178,7.0007854,100.4659787,,3,,100.4659787,7.0007854
1680666205,7.0008556,100.4528984,,3,,100.4528984,7.0008556
1680666209,7.0008422,100.4582262,,3,,100.4582262,7.0008422
1680666212,7.0008758,100.4620871,,3,,100.4620871,7.0008758
1680666214,7.0008871,100.4572951,,3,,100.4572951,7.0008871
1680666217,7.0008943,100.454685,,3,,100.454685,7.0008943
1680666220,7.0009126,100.464671,,1,,100.464671,7.0009126
1680666259,7.0009787,100.4549803,,3,,100.4549803,7.0009787
1680666264,7.0010562,100.4500416,,1,,100.4500416,7.0010562
1680666280,7.0010862,100.4534112,traffic_signals,3,,100.4534112,7.0010862
1680666287,7.0011388,100.4556912,,3,,100.4556912,7.0011388
1680666294,7.0011606,100.47782,,1,,100.47782,7.0011606
1680666316,7.0012038,100.4666017,,3,,100.4666017,7.0012038
1680666318,7.0012338,100.463232,,4,,100.463232,7.0012338
1680666322,7.0012381,100.4756954,,3,,100.4756954,7.0012381
1680666326,7.0012674,100.459729,,3,,100.459729,7.0012674
1680666335,7.0012616,100.4580711,,4,,100.4580711,7.0012616
1680666340,7.0013487,100.4526945,,3,,100.4526945,7.0013487
1680666351,7.0013765,100.4508196,,3,,100.4508196,7.0013765
1680666356,7.0013706,100.461473,,1,,100.461473,7.0013706
1680666371,7.001379,100.4545028,,3,,100.4545028,7.001379
1680666377,7.0015856,100.4655867,,1,,100.4655867,7.0015856
1680666399,7.0015114,100.454383,,3,,100.454383,7.0015114
1680666408,7.0016143,100.4568955,,3,,100.4568955,7.0016143
1680666449,7.0016693,100.4534319,,1,,100.4534319,7.0016693
1680666453,7.0016621,100.4625404,,1,,100.4625404,7.0016621
1680666455,7.0016982,100.4647483,,4,,100.4647483,7.0016982
1680666459,7.0017171,100.454872,,3,,100.454872,7.0017171
1680666461,7.0017241,100.475642,,3,,100.475642,7.0017241
1680666463,7.0017578,100.4807566,,4,,100.4807566,7.0017578
1680666468,7.0017505,100.4731549,,3,,100.4731549,7.0017505
1680666516,7.0018228,100.462925,,3,,100.462925,7.0018228
1680666527,7.001841,100.4593275,,4,,100.4593275,7.001841
1680666529,7.0018842,100.4688589,,3,,100.4688589,7.0018842
1680666531,7.0019911,100.4577821,,3,,100.4577821,7.0019911
1680666534,7.0018779,100.4772722,,1,,100.4772722,7.0018779
1680666546,7.0018998,100.4723161,,3,,100.4723161,7.0018998
1680666603,7.0019703,100.4543274,,3,,100.4543274,7.0019703
1680666614,7.0019958,100.4611755,,3,,100.4611755,7.0019958
1680666620,7.0020215,100.4657532,,3,,100.4657532,7.0020215
1680666678,7.0021315,100.4614481,,4,,100.4614481,7.0021315
1680666683,7.0020769,100.4782878,,1,,100.4782878,7.0020769
1680666686,7.0021455,100.475596,,4,,100.475596,7.0021455
1680666699,7.0022112,100.4770978,,1,,100.4770978,7.0022112
1680666711,7.0022019,100.4663138,,3,,100.4663138,7.0022019
1680666716,7.0022266,100.4806151,,1,,100.4806151,7.0022266
1680666752,7.0022828,100.4565282,,3,,100.4565282,7.0022828
1680666763,7.0023857,100.4605612,,1,,100.4605612,7.0023857
1680666768,7.0024119,100.4644618,,3,,100.4644618,7.0024119
1680666772,7.0024458,100.4536241,,3,,100.4536241,7.0024458
1680666775,7.0025363,100.4802152,,3,,100.4802152,7.0025363
1680666780,7.0025517,100.4518131,,3,,100.4518131,7.0025517
1680666786,7.002537,100.4625421,,3,,100.4625421,7.002537
1680666789,7.0025589,100.4770867,,1,,100.4770867,7.0025589
1680666821,7.0026132,100.464381,,3,,100.464381,7.0026132
1680666823,7.0026152,100.4765776,,1,,100.4765776,7.0026152
1680666824,7.0026235,100.4542724,,3,,100.4542724,7.0026235
1680666827,7.0026311,100.4812195,,3,,100.4812195,7.0026311
1680666829,7.0026917,100.4522097,,3,,100.4522097,7.0026917
1680666830,7.0026868,100.4611759,,3,,100.4611759,7.0026868
1680666869,7.0027183,100.45748,,3,,100.45748,7.0027183
1680666883,7.0027429,100.4547075,,3,,100.4547075,7.0027429
1680666887,7.0027057,100.4666256,,3,,100.4666256,7.0027057
1680666891,7.0027569,100.4820085,,3,,100.4820085,7.0027569
1680666898,7.0028462,100.4526489,,3,,100.4526489,7.0028462
1680666900,7.0028232,100.4574145,,3,,100.4574145,7.0028232
1680666903,7.0028122,100.4643011,,3,,100.4643011,7.0028122
1680666946,7.0028763,100.46108,,3,,100.46108,7.0028763
1680666950,7.0029456,100.4755105,,3,,100.4755105,7.0029456
1680666954,7.0017217,100.4667523,,1,,100.4667523,7.0017217
1680666964,7.0029732,100.4530042,,3,,100.4530042,7.0029732
1680667029,7.0029974,100.4761107,,3,,100.4761107,7.0029974
1680667034,7.003043,100.4765766,,1,,100.4765766,7.003043
1680667044,7.0030457,100.4532118,,3,,100.4532118,7.0030457
1680667068,7.003084,100.4656598,,3,,100.4656598,7.003084
1680667079,7.0030706,100.481183,,4,,100.481183,7.0030706
1680667083,7.003088,100.4808165,,1,,100.4808165,7.003088
1680667090,7.003088,100.4816163,,1,,100.4816163,7.003088
1680667132,7.0031661,100.4622048,,3,,100.4622048,7.0031661
1680667143,7.0032685,100.4583528,,3,,100.4583528,7.0032685
1680667158,7.0032927,100.4815871,,1,,100.4815871,7.0032927
1680667164,7.0033189,100.481183,,3,,100.481183,7.0033189
1680667171,7.0033223,100.4621211,,3,,100.4621211,7.0033223
1680667176,7.0033449,100.4808398,,1,,100.4808398,7.0033449
1680667181,7.0033453,100.4770236,,3,,100.4770236,7.0033453
1680667186,7.0042148,100.4616435,,3,,100.4616435,7.0042148
1680667230,7.0034159,100.4559427,,3,,100.4559427,7.0034159
1680667233,7.0034672,100.478268,,3,,100.478268,7.0034672
1680667255,7.0035716,100.4588738,,3,,100.4588738,7.0035716
1680667329,7.0037198,100.4557758,,3,,100.4557758,7.0037198
1680667348,7.003874,100.4638677,,4,,100.4638677,7.003874
1680667364,7.0039583,100.458511,,3,,100.458511,7.0039583
1680667409,7.0039571,100.4562083,,3,,100.4562083,7.0039571
1680667413,7.0039916,100.4842076,,3,,100.4842076,7.0039916
1680667422,7.0040043,100.4664738,,3,,100.4664738,7.0040043
1680667426,7.0040131,100.4628205,,1,,100.4628205,7.0040131
1680667434,7.0040657,100.4845811,,3,,100.4845811,7.0040657
1680667445,7.0044175,100.4824126,,1,,100.4824126,7.0044175
1680667489,7.0041594,100.4658091,,1,,100.4658091,7.0041594
1680667509,7.0042541,100.4793799,,1,,100.4793799,7.0042541
1680667513,7.0043159,100.4649584,,3,,100.4649584,7.0043159
1680667518,7.0043284,100.4841374,,1,,100.4841374,7.0043284
1680667571,7.0044336,100.4652369,,3,,100.4652369,7.0044336
1680667576,7.0044197,100.4603266,,3,,100.4603266,7.0044197
1680667594,7.0045003,100.4566991,,3,,100.4566991,7.0045003
1680667676,7.0046769,100.4842136,,1,,100.4842136,7.0046769
1680667686,7.004748,100.483561,,3,,100.483561,7.004748
1680667730,7.004813,100.4804894,,3,,100.4804894,7.004813
1680667739,7.004868,100.4647599,,3,,100.4647599,7.004868
1680667744,7.0048476,100.4632303,,3,,100.4632303,7.0048476
1680667753,7.0048644,100.456508,,3,,100.456508,7.0048644
1680667759,7.0048757,100.4570077,,4,,100.4570077,7.0048757
1680667763,7.0049236,100.4660335,,1,,100.4660335,7.0049236
1680667808,7.0050346,100.4644686,,3,,100.4644686,7.0050346
1680667816,7.005106,100.4563812,,3,,100.4563812,7.005106
1680667821,7.0051221,100.4646826,,3,,100.4646826,7.0051221
1680667832,7.0051387,100.4567329,,3,,100.4567329,7.0051387
1680667875,7.0052271,100.4562769,,3,,100.4562769,7.0052271
1680667879,7.00523,100.4840759,,3,,100.4840759,7.00523
1680667886,7.0052886,100.4651176,,3,,100.4651176,7.0052886
1680667891,7.0053151,100.4548713,,3,,100.4548713,7.0053151
1680667904,7.0053457,100.4642895,,3,,100.4642895,7.0053457
1680667941,7.0053874,100.4643597,,3,,100.4643597,7.0053874
1680667974,7.00548,100.4646366,,1,,100.4646366,7.00548
1680668031,7.0056715,100.4559298,,3,,100.4559298,7.0056715
1680668037,7.0059253,100.4658808,,3,,100.4658808,7.0059253
1680668058,7.0058399,100.4654922,,3,,100.4654922,7.0058399
1680668117,7.0059194,100.4567019,,3,,100.4567019,7.0059194
1680668123,7.0058768,100.4624446,,3,,100.4624446,7.0058768
1680668223,7.0137995,100.4820937,,3,,100.4820937,7.0137995
1680668226,7.0138198,100.4819861,,3,,100.4819861,7.0138198
1680668239,7.0161927,100.4823996,,4,,100.4823996,7.0161927
1858126165,7.0049207,100.4677213,,3,,100.4677213,7.0049207
1858126166,7.0050088,100.4684315,,3,,100.4684315,7.0050088
1966386254,7.0062913,100.4723468,,4,,100.4723468,7.0062913
1966399241,7.0086385,100.4737868,,3,,100.4737868,7.0086385
1966399248,7.0086758,100.4742638,,4,,100.4742638,7.0086758
1966404349,7.0080445,100.4765438,,4,,100.4765438,7.0080445
1966412828,7.0019787,100.4711756,,4,,100.4711756,7.0019787
2052489649,7.0056495,100.4738292,,3,,100.4738292,7.0056495
2052497441,7.008799,100.471862,,3,,100.471862,7.008799
2052522376,7.0084964,100.4701957,,3,,100.4701957,7.0084964
2052529358,7.0173736,100.4667451,,4,,100.4667451,7.0173736
2052547073,7.0044641,100.4735222,,3,,100.4735222,7.0044641
2052547074,7.0036271,100.4716016,traffic_signals,4,,100.4716016,7.0036271
2052547075,7.0038031,100.4735586,,4,,100.4735586,7.0038031
2406954571,7.0087127,100.4878101,,4,,100.4878101,7.0087127
2406954573,7.0088071,100.4878141,,4,,100.4878141,7.0088071
2406954575,7.0087947,100.4852537,traffic_signals,4,,100.4852537,7.0087947
2406954577,7.0088921,100.4852547,traffic_signals,4,,100.4852547,7.0088921
2406954578,7.0089311,100.4812836,,4,,100.4812836,7.0089311
2406954579,7.0089478,100.4811765,,3,,100.4811765,7.0089478
2406954580,7.0090399,100.4813022,,4,,100.4813022,7.0090399
2504518235,6.9988089,100.4430397,,3,,100.4430397,6.9988089
2504518238,6.9986659,100.4453144,,1,,100.4453144,6.9986659
2504518243,6.9987941,100.44341,,3,,100.44341,6.9987941
2505175779,6.9926034,100.4855766,,3,,100.4855766,6.9926034
2505175782,6.9972043,100.4333496,,3,,100.4333496,6.9972043
2505175783,6.997057,100.4327465,,4,,100.4327465,6.997057
2505175788,6.9976254,100.4344021,,3,,100.4344021,6.9976254
2505175789,6.9976716,100.4344876,,3,,100.4344876,6.9976716
2505175790,6.9977937,100.4344303,,3,,100.4344303,6.9977937
2505175791,6.9978463,100.4348624,,4,,100.4348624,6.9978463
2505175792,6.9979877,100.4758931,,3,,100.4758931,6.9979877
2505175794,6.9980757,100.4352349,,4,,100.4352349,6.9980757
2505175795,6.9981727,100.4759138,,4,,100.4759138,6.9981727
2505175797,6.9982352,100.4356762,,3,,100.4356762,6.9982352
2505175798,6.9983329,100.4360271,,4,,100.4360271,6.9983329
2505175799,6.9983423,100.4363586,,4,,100.4363586,6.9983423
2505175801,6.9983138,100.4348887,,4,,100.4348887,6.9983138
2505175802,6.9983757,100.4376278,,4,,100.4376278,6.9983757
2505175803,6.9983543,100.4368635,,4,,100.4368635,6.9983543
2505175804,6.9983604,100.4372437,,4,,100.4372437,6.9983604
2505175805,6.9983847,100.4381343,,4,,100.4381343,6.9983847
2505175807,6.9984447,100.4414813,,3,,100.4414813,6.9984447
2505175810,6.9984988,100.4352508,,3,,100.4352508,6.9984988
2505175811,6.998571,100.4414718,,3,,100.4414718,6.998571
2505175812,6.9985391,100.439041,,3,,100.439041,6.9985391
2505175814,6.9986408,100.4433909,,3,,100.4433909,6.9986408
2505175820,6.9986905,100.4358865,,3,,100.4358865,6.9986905
2505175822,6.9987327,100.4390213,,3,,100.4390213,6.9987327
2505175823,6.9987158,100.4362567,,3,,100.4362567,6.9987158
2505175829,6.9988466,100.4389881,,3,,100.4389881,6.9988466
2505176020,7.0052277,100.481981,,3,,100.481981,7.0052277
2505176027,7.005416,100.4840329,,3,,100.4840329,7.005416
2505176086,7.0064575,100.4848887,,3,,100.4848887,7.0064575
2505176116,7.0066162,100.4636817,,3,,100.4636817,7.0066162
2505176125,7.0067235,100.4636627,,3,,100.4636627,7.0067235
2505176169,7.0073582,100.4810194,,3,,100.4810194,7.0073582
2505176175,7.0079842,100.4811238,,3,,100.4811238,7.0079842
2505176214,7.008485,100.4938745,,4,,100.4938745,7.008485
2505176227,7.0085686,100.4938961,,4,,100.4938961,7.0085686
2505176233,7.0085871,100.4937663,,4,,100.4937663,7.0085871
2505176258,7.0092345,100.4813323,,4,,100.4813323,7.0092345
2505176265,7.0092202,100.4814688,,3,,100.4814688,7.0092202
2505176284,7.0094216,100.4836684,,3,,100.4836684,7.0094216
2505176348,7.0103791,100.4878815,,3,,100.4878815,7.0103791
2505176360,7.0104409,100.4853091,,3,,100.4853091,7.0104409
2505176388,7.0112538,100.481793,,4,,100.481793,7.0112538
2505176422,7.0112676,100.4816714,,4,,100.4816714,7.0112676
2505176434,7.0112821,100.4815644,,3,,100.4815644,7.0112821
2505176447,7.0112796,100.4944142,,4,,100.4944142,7.0112796
2505176459,7.0112901,100.4942998,,3,,100.4942998,7.0112901
2505176470,7.0114505,100.4852841,,3,,100.4852841,7.0114505
2505176494,7.0117036,100.4817441,,3,,100.4817441,7.0117036
2505176514,7.0118889,100.481775,,3,,100.481775,7.0118889
2505176598,7.0123906,100.4852601,,3,,100.4852601,7.0123906
2505176628,7.0125683,100.4879123,,3,,100.4879123,7.0125683
2505176686,7.0127513,100.4852434,,3,,100.4852434,7.0127513
2505176697,7.0127754,100.4794044,,3,,100.4794044,7.0127754
2505176734,7.0131488,100.4833918,,3,,100.4833918,7.0131488
2505176747,7.0131699,100.4829596,,1,,100.4829596,7.0131699
2505176758,7.0132218,100.494872,,3,,100.494872,7.0132218
2505176923,7.0147347,100.4728718,,3,,100.4728718,7.0147347
2505176945,7.0148643,100.4728066,,3,,100.4728066,7.0148643
2505176964,7.0150754,100.4956558,,3,,100.4956558,7.0150754
2505176969,7.0151149,100.49556,,3,,100.49556,7.0151149
2505176975,7.0151633,100.485158,,3,,100.485158,7.0151633
2505176979,7.0151844,100.4776001,,2,,100.4776001,7.0151844
2505176985,7.0153783,100.482357,,3,,100.482357,7.0153783
2505177021,7.0157936,100.475041,,3,,100.475041,7.0157936
2505177070,7.015923,100.4749804,,3,,100.4749804,7.015923
2505177118,7.0159863,100.4773535,,4,,100.4773535,7.0159863
2505177293,7.0166109,100.4826073,,4,,100.4826073,7.0166109
2505177482,7.0183191,100.4973222,,4,,100.4973222,7.0183191
2505177493,7.018338,100.4972146,,3,,100.4972146,7.018338
2505177499,7.0183988,100.4817328,,3,,100.4817328,7.0183988
2505177521,7.018776,100.4843389,,3,,100.4843389,7.018776
2505177544,7.0190238,100.4864569,,4,,100.4864569,7.0190238
2505177555,7.0192568,100.4897079,,3,,100.4897079,7.0192568
2505177583,7.0194964,100.4940909,,3,,100.4940909,7.0194964
2505177589,7.0195186,100.491756,,3,,100.491756,7.0195186
2505177598,7.0202488,100.4839403,,3,,100.4839403,7.0202488
2505177601,7.020667,100.498405,,3,,100.498405,7.020667
2505177602,7.0207043,100.4983191,,4,,100.4983191,7.0207043
2505177627,7.0210048,100.483672,,3,,100.483672,7.0210048
2505177641,7.0214515,100.4836655,,3,,100.4836655,7.0214515
2505177648,7.0218314,100.4989898,,3,,100.4989898,7.0218314
2505177650,7.0218771,100.4988971,,3,,100.4988971,7.0218771
2505177657,7.0220661,100.493456,,4,,100.493456,7.0220661
2505177678,7.023801,100.4833777,,3,,100.4833777,7.023801
2505177693,7.0243159,100.5001722,,3,,100.5001722,7.0243159
2505177701,7.0245708,100.4828618,,3,,100.4828618,7.0245708
2505177708,7.0251236,100.481771,,3,,100.481771,7.0251236
2505177713,7.0253549,100.4813891,,3,,100.4813891,7.0253549
2505177759,7.0283783,100.4698496,,3,,100.4698496,7.0283783
2505177835,7.0301948,100.5021321,,4,,100.5021321,7.0301948
2505177837,7.0302537,100.5014111,,4,,100.5014111,7.0302537
2505177940,7.0372813,100.5024837,,3,,100.5024837,7.0372813
2505178056,7.0431936,100.5036289,,3,,100.5036289,7.0431936
2506085047,6.9955259,100.4309798,,3,,100.4309798,6.9955259
2506085058,6.9955672,100.4308481,,3,,100.4308481,6.9955672
2506085194,6.9962481,100.4312518,,3,,100.4312518,6.9962481
2506085475,7.0034807,100.4784093,,3,,100.4784093,7.0034807
2506085476,7.0035052,100.4787201,,3,,100.4787201,7.0035052
2506085486,7.0041766,100.4787079,,1,,100.4787079,7.0041766
2506085487,7.0041916,100.4780609,,1,,100.4780609,7.0041916
2506085490,7.0042409,100.4560814,,1,,100.4560814,7.0042409
2506085493,7.0043055,100.4780565,,3,,100.4780565,7.0043055
2506085496,7.0044432,100.4732391,,3,,100.4732391,7.0044432
2506085499,7.0044924,100.473691,,3,,100.473691,7.0044924
2506085508,7.004614,100.4779563,,3,,100.4779563,7.004614
2506085525,7.0050442,100.4794879,,3,,100.4794879,7.0050442
2506085555,7.0057239,100.4781878,,3,,100.4781878,7.0057239
2506085572,7.0057686,100.4562321,,3,,100.4562321,7.0057686
2506085573,7.0057726,100.4550858,,1,,100.4550858,7.0057726
2506085584,7.0058752,100.4556709,,1,,100.4556709,7.0058752
2506085585,7.0058885,100.4553321,,1,,100.4553321,7.0058885
2506085595,7.006009,100.4560261,,3,,100.4560261,7.006009
2506085599,7.0060634,100.4544719,,3,,100.4544719,7.0060634
2506085601,7.0052431,100.4581866,,1,,100.4581866,7.0052431
2506085618,7.0062944,100.4548252,,4,,100.4548252,7.0062944
2506085628,7.0063903,100.4728006,,3,,100.4728006,7.0063903
2506085629,7.0064157,100.4554064,,3,,100.4554064,7.0064157
2506085631,7.0064172,100.4782496,,4,,100.4782496,7.0064172
2506085632,7.0064455,100.4550565,,4,,100.4550565,7.0064455
2506085633,7.0064495,100.4547383,,1,,100.4547383,7.0064495
2506085638,7.0064954,100.4556061,,3,,100.4556061,7.0064954
2506085642,7.0065049,100.4782574,,2,,100.4782574,7.0065049
2506085647,7.0065066,100.4731951,,3,,100.4731951,7.0065066
2506085648,7.0065363,100.4631769,,3,,100.4631769,7.0065363
2506085653,7.0065764,100.4587117,,3,,100.4587117,7.0065764
2506085656,7.0065987,100.4552907,,4,,100.4552907,7.0065987
2506085663,7.0066297,100.4549484,,1,,100.4549484,7.0066297
2506085670,7.0066415,100.4716838,,1,,100.4716838,7.0066415
2506085674,7.0066735,100.4541493,,3,,100.4541493,7.0066735
2506085677,7.0067308,100.4591577,,3,,100.4591577,7.0067308
2506085680,7.0067485,100.4555228,,3,,100.4555228,7.0067485
2506085684,7.00679,100.460309,,3,,100.460309,7.00679
2506085685,7.0068124,100.4551532,,1,,100.4551532,7.0068124
2506085690,7.0067946,100.4740473,,4,,100.4740473,7.0067946
2506085692,7.0068518,100.458547,,1,,100.458547,7.0068518
2506085694,7.0068923,100.4660575,,3,,100.4660575,7.0068923
2506085696,7.0069029,100.4557622,,3,,100.4557622,7.0069029
2506085716,7.0069634,100.4690488,,3,,100.4690488,7.0069634
2506085730,7.0069797,100.4553814,,1,,100.4553814,7.0069797
2506085743,7.0070111,100.465446,,3,,100.465446,7.0070111
2506085748,7.0070241,100.4539658,,3,,100.4539658,7.0070241
2506085774,7.0070562,100.4559997,,3,,100.4559997,7.0070562
2506085784,7.0070669,100.4697616,,4,,100.4697616,7.0070669
2506085805,7.0071389,100.4673093,,3,,100.4673093,7.0071389
2506085808,7.0071727,100.4555914,,1,,100.4555914,7.0071727
2506085813,7.0072013,100.4562247,,3,,100.4562247,7.0072013
2506085819,7.0072681,100.4681243,,3,,100.4681243,7.0072681
2506085820,7.007276,100.4585344,,1,,100.4585344,7.007276
2506085821,7.0072854,100.4673102,,3,,100.4673102,7.0072854
2506085824,7.0072958,100.4588758,,1,,100.4588758,7.0072958
2506085829,7.0073314,100.4629764,,4,,100.4629764,7.0073314
2506085831,7.0073328,100.4564284,,3,,100.4564284,7.0073328
2506085849,7.0073887,100.4715142,,4,,100.4715142,7.0073887
2506085860,7.0073889,100.4557911,,1,,100.4557911,7.0073889
2506085878,7.0073984,100.4680895,,3,,100.4680895,7.0073984
2506085924,7.0074737,100.4566468,,3,,100.4566468,7.0074737
2506085930,7.0074741,100.4636488,,1,,100.4636488,7.0074741
2506085984,7.0075536,100.4560167,,1,,100.4560167,7.0075536
2506085990,7.0075548,100.46392,,3,,100.46392,7.0075548
2506086027,7.0077562,100.4547327,,1,,100.4547327,7.0077562
2506086032,7.0076358,100.4598827,,4,,100.4598827,7.0076358
2506086038,7.0076537,100.4569221,,3,,100.4569221,7.0076537
2506086085,7.0076823,100.4562059,,1,,100.4562059,7.0076823
2506086108,7.0078576,100.4589668,,1,,100.4589668,7.0078576
2506086133,7.0077537,100.4584985,,3,,100.4584985,7.0077537
2506086148,7.0078594,100.4576493,,3,,100.4576493,7.0078594
2506086151,7.0081425,100.4737477,,1,,100.4737477,7.0081425
2506086154,7.0078802,100.4579619,,1,,100.4579619,7.0078802
2506086156,7.0079407,100.459683,,3,,100.459683,7.0079407
2506086159,7.0079517,100.4628208,,3,,100.4628208,7.0079517
2506086161,7.007975,100.4588848,,3,,100.4588848,7.007975
2506086175,7.0081361,100.465725,,1,,100.465725,7.0081361
2506086181,7.0080839,100.4713155,,3,,100.4713155,7.0080839
2506086294,7.0082955,100.457229,,3,,100.457229,7.0082955
2506086300,7.0083038,100.4594975,,3,,100.4594975,7.0083038
2506086353,7.0083676,100.4575065,,3,,100.4575065,7.0083676
2506086358,7.0083751,100.4650267,,3,,100.4650267,7.0083751
2506086421,7.0084302,100.4656925,,3,,100.4656925,7.0084302
2506086487,7.0085311,100.4564392,,1,,100.4564392,7.0085311
2506086743,7.0086851,100.4712546,,3,,100.4712546,7.0086851
2506086755,7.008691,100.4592997,,3,,100.4592997,7.008691
2506086795,7.0087117,100.4747225,,3,,100.4747225,7.0087117
2506086807,7.0087235,100.4625514,,3,,100.4625514,7.0087235
2506086831,7.0087546,100.4751959,,4,,100.4751959,7.0087546
2506086906,7.0087884,100.4678755,,4,,100.4678755,7.0087884
2506087009,7.0089085,100.4656309,,3,,100.4656309,7.0089085
2506087028,7.0089162,100.4695471,,3,,100.4695471,7.0089162
2506087039,7.0089645,100.4569368,,3,,100.4569368,7.0089645
2506087114,7.0089896,100.4694096,,3,,100.4694096,7.0089896
2506087126,7.0089865,100.4614044,,3,,100.4614044,7.0089865
2506087136,7.0090881,100.478884,,4,,100.478884,7.0090881
2506087161,7.0090438,100.4662496,,3,,100.4662496,7.0090438
2506087173,7.0090955,100.4591349,,3,,100.4591349,7.0090955
2506087252,7.0091751,100.4708068,,1,,100.4708068,7.0091751
2506087282,7.0091978,100.4617864,,3,,100.4617864,7.0091978
2506087304,7.0092343,100.4711429,,3,,100.4711429,7.0092343
2506087366,7.0093813,100.4655717,,3,,100.4655717,7.0093813
2506087372,7.009392,100.4621102,,3,,100.4621102,7.009392
2506087402,7.0094521,100.4622348,,3,,100.4622348,7.0094521
2506087432,7.0095067,100.4730603,,3,,100.4730603,7.0095067
2506087438,7.009497,100.4661907,,3,,100.4661907,7.009497
2506087462,7.0095558,100.4700054,,3,,100.4700054,7.0095558
2506087487,7.0095935,100.4696179,,3,,100.4696179,7.0095935
2506087509,7.0095374,100.4697662,,3,,100.4697662,7.0095374
2506087522,7.009643,100.4705138,,3,,100.4705138,7.009643
2506087544,7.0096594,100.464622,,3,,100.464622,7.0096594
2506087550,7.0096675,100.4765217,,3,,100.4765217,7.0096675
2506087556,7.0096884,100.4627056,,3,,100.4627056,7.0096884
2506087563,7.0097094,100.4710568,,3,,100.4710568,7.0097094
2506087592,7.0097025,100.4756106,,1,,100.4756106,7.0097025
2506087606,7.0097804,100.4650659,,3,,100.4650659,7.0097804
2506087665,7.0098566,100.4655079,,4,,100.4655079,7.0098566
2506087677,7.0099535,100.4606442,,4,,100.4606442,7.0099535
2506087691,7.0099915,100.4615157,,1,,100.4615157,7.0099915
2506087703,7.0099681,100.4661455,,3,,100.4661455,7.0099681
2506087709,7.0100312,100.469925,,3,,100.469925,7.0100312
2506087772,7.0101143,100.4698017,,3,,100.4698017,7.0101143
2506087810,7.0101382,100.4716751,,3,,100.4716751,7.0101382
2506087819,7.0101705,100.4644701,,3,,100.4644701,7.0101705
2506087832,7.0101636,100.4677243,,3,,100.4677243,7.0101636
2506087863,7.010224,100.4723732,,4,,100.4723732,7.010224
2506087889,7.0102799,100.4730689,,3,,100.4730689,7.0102799
2506087900,7.0103027,100.4618622,,3,,100.4618622,7.0103027
2506087925,7.0103679,100.460569,,3,,100.460569,7.0103679
2506087955,7.0104991,100.4724048,,3,,100.4724048,7.0104991
2506087956,7.0104221,100.4643948,,3,,100.4643948,7.0104221
2506087957,7.0104847,100.4807211,,1,,100.4807211,7.0104847
2506087960,7.0105232,100.4649563,,3,,100.4649563,7.0105232
2506087962,7.0105371,100.4757566,,3,,100.4757566,7.0105371
2506087963,7.010553,100.4554353,,3,,100.4554353,7.010553
2506087968,7.0105356,100.4730642,,3,,100.4730642,7.0105356
2506087987,7.010682,100.4710191,,4,,100.4710191,7.010682
2506088001,7.0107428,100.4604923,,4,,100.4604923,7.0107428
2506088002,7.0107692,100.4748007,,3,,100.4748007,7.0107692
2506088009,7.0107486,100.4764645,,3,,100.4764645,7.0107486
2506088011,7.010864,100.4807645,,1,,100.4807645,7.010864
2506088012,7.0108255,100.4668343,,3,,100.4668343,7.0108255
2506088013,7.0108759,100.4642751,,3,,100.4642751,7.0108759
2506088014,7.0108827,100.4649157,,3,,100.4649157,7.0108827
2506088019,7.0109203,100.4779965,,3,,100.4779965,7.0109203
2506088023,7.0109252,100.4799006,,3,,100.4799006,7.0109252
2506088024,7.0109563,100.4742706,,5,,100.4742706,7.0109563
2506088039,7.0110002,100.4729942,,3,,100.4729942,7.0110002
2506088067,7.0109664,100.4554563,,3,,100.4554563,7.0109664
2506088084,7.0110406,100.4738246,,3,,100.4738246,7.0110406
2506088160,7.0112082,100.4604596,,3,,100.4604596,7.0112082
2506088197,7.0112772,100.4659606,,3,,100.4659606,7.0112772
2506088217,7.0112816,100.4653333,,4,,100.4653333,7.0112816
2506088227,7.0112957,100.4667479,,3,,100.4667479,7.0112957
2506088232,7.0112955,100.4648481,,4,,100.4648481,7.0112955
2506088242,7.0114115,100.4603406,,1,,100.4603406,7.0114115
2506088243,7.011333,100.4742789,,3,,100.4742789,7.011333
2506088247,7.0114527,100.4607891,,1,,100.4607891,7.0114527
2506088249,7.0114835,100.4599309,,1,,100.4599309,7.0114835
2506088265,7.0115541,100.4810311,,1,,100.4810311,7.0115541
2506088273,7.0116181,100.4772728,,3,,100.4772728,7.0116181
2506088274,7.011634,100.4799488,,3,,100.4799488,7.011634
2506088278,7.0116761,100.4550528,,3,,100.4550528,7.0116761
2506088280,7.0116869,100.4768154,,3,,100.4768154,7.0116869
2506088308,7.011725,100.4652793,,4,,100.4652793,7.011725
2506088310,7.0117244,100.4603437,,3,,100.4603437,7.0117244
2506088311,7.011728,100.460758,,3,,100.460758,7.011728
2506088316,7.0117401,100.4647584,,4,,100.4647584,7.0117401
2506088321,7.0117317,100.459933,,3,,100.459933,7.0117317
2506088333,7.0117328,100.4659026,,3,,100.4659026,7.0117328
2506088404,7.0117912,100.4788701,,3,,100.4788701,7.0117912
2506088476,7.0116469,100.4714697,,1,,100.4714697,7.0116469
2506088483,7.011885,100.4625578,,3,,100.4625578,7.011885
2506088491,7.0119357,100.4720861,,3,,100.4720861,7.0119357
2506088492,7.0119695,100.4785078,,3,,100.4785078,7.0119695
2506088507,7.0120768,100.4807712,,1,,100.4807712,7.0120768
2506088509,7.0120283,100.4780766,,3,,100.4780766,7.0120283
2506088518,7.0120803,100.4777187,,3,,100.4777187,7.0120803
2506088527,7.0121227,100.4575171,,3,,100.4575171,7.0121227
2506088528,7.0121179,100.4799702,,3,,100.4799702,7.0121179
2506088529,7.0121213,100.477357,,3,,100.477357,7.0121213
2506088533,7.012144,100.4540928,,3,,100.4540928,7.012144
2506088535,7.0122135,100.4651814,,4,,100.4651814,7.0122135
2506088538,7.0126102,100.4613714,,3,,100.4613714,7.0126102
2506088559,7.0121803,100.4658326,,3,,100.4658326,7.0121803
2506088592,7.0122045,100.4666081,,3,,100.4666081,7.0122045
2506088612,7.0122013,100.4769031,,4,,100.4769031,7.0122013
2506088640,7.0122473,100.4674512,,3,,100.4674512,7.0122473
2506088695,7.012266,100.4811774,,1,,100.4811774,7.012266
2506088715,7.0122966,100.4764419,,3,,100.4764419,7.0122966
2506088728,7.0123086,100.4625382,,4,,100.4625382,7.0123086
2506088737,7.012349,100.4574864,,3,,100.4574864,7.012349
2506088760,7.0124939,100.4646506,,4,,100.4646506,7.0124939
2506088770,7.0125836,100.465129,,4,,100.465129,7.0125836
2506088773,7.0126175,100.4665786,,2,,100.4665786,7.0126175
2506088792,7.0126793,100.4673857,,4,,100.4673857,7.0126793
2506088793,7.012675,100.4603386,,3,,100.4603386,7.012675
2506088794,7.0125742,100.4657992,,3,,100.4657992,7.0125742
2506088924,7.0127888,100.4624359,,4,,100.4624359,7.0127888
2506088938,7.0128083,100.47254,,3,,100.47254,7.0128083
2506088984,7.0129171,100.46131,,1,,100.46131,7.0129171
2506089004,7.0129325,100.4610838,,3,,100.4610838,7.0129325
2506089017,7.0129239,100.4615629,,1,,100.4615629,7.0129239
2506089058,7.0130105,100.4725884,,3,,100.4725884,7.0130105
2506089065,7.0129884,100.4603544,,3,,100.4603544,7.0129884
2506089259,7.0132297,100.4624145,,3,,100.4624145,7.0132297
2506089309,7.0132406,100.4766265,,3,,100.4766265,7.0132406
2506089421,7.0133529,100.456848,,3,,100.456848,7.0133529
2506089434,7.0133384,100.4581068,,3,,100.4581068,7.0133384
2506089448,7.0133279,100.4615914,,3,,100.4615914,7.0133279
2506089487,7.0133704,100.4726747,,3,,100.4726747,7.0133704
2506089493,7.0133799,100.4650755,,4,,100.4650755,7.0133799
2506089505,7.0133875,100.4623781,,3,,100.4623781,7.0133875
2506089545,7.0134396,100.4778672,,3,,100.4778672,7.0134396
2506089600,7.0135431,100.4773766,,3,,100.4773766,7.0135431
2506089700,7.013714,100.4615785,,3,,100.4615785,7.013714
2506089779,7.0137578,100.4764742,,4,,100.4764742,7.0137578
2506089837,7.0137938,100.4596452,,1,,100.4596452,7.0137938
2506089869,7.0137953,100.4623219,,4,,100.4623219,7.0137953
2506089879,7.0138255,100.4586471,,1,,100.4586471,7.0138255
2506089901,7.013871,100.4800334,,3,,100.4800334,7.013871
2506089928,7.0138519,100.4566943,,3,,100.4566943,7.0138519
2506089950,7.0138588,100.4581242,,3,,100.4581242,7.0138588
2506090056,7.0139929,100.4575436,,1,,100.4575436,7.0139929
2506090094,7.0140496,100.4581305,,1,,100.4581305,7.0140496
2506090112,7.0140511,100.465584,,3,,100.465584,7.0140511
2506090118,7.0140452,100.4720768,,4,,100.4720768,7.0140452
2506090178,7.0141834,100.4558685,,4,,100.4558685,7.0141834
2506090214,7.0142647,100.4563778,,3,,100.4563778,7.0142647
2506090288,7.0142814,100.4622365,,4,,100.4622365,7.0142814
2506090385,7.0143488,100.478608,,1,,100.478608,7.0143488
2506090391,7.0144201,100.453203,,1,,100.453203,7.0144201
2506090451,7.014354,100.4781308,,1,,100.4781308,7.014354
2506090475,7.0144845,100.4655294,,3,,100.4655294,7.0144845
2506090533,7.0145586,100.4758831,,3,,100.4758831,7.0145586
2506090575,7.0146123,100.4762923,,3,,100.4762923,7.0146123
2506090627,7.014782,100.4621754,,4,,100.4621754,7.014782
2506090659,7.0148474,100.4561815,,3,,100.4561815,7.0148474
2506090706,7.014922,100.4532678,,1,,100.4532678,7.014922
2506090768,7.0149981,100.4654647,,3,,100.4654647,7.0149981
2506090779,7.0149931,100.4771709,,3,,100.4771709,7.0149931
2506090791,7.0150581,100.4539724,,3,,100.4539724,7.0150581
2506090909,7.0151262,100.4807883,,3,,100.4807883,7.0151262
2506090932,7.0151505,100.4775227,,3,,100.4775227,7.0151505
2506090951,7.015215,100.4621103,,4,,100.4621103,7.015215
2506090979,7.0152419,100.4795427,,3,,100.4795427,7.0152419
2506090996,7.0152468,100.4599393,,1,,100.4599393,7.0152468
2506091008,7.0153259,100.4634389,,1,,100.4634389,7.0153259
2506091049,7.0153864,100.4654092,,3,,100.4654092,7.0153864
2506091066,7.0154135,100.4539567,,4,,100.4539567,7.0154135
2506091104,7.0155629,100.4620586,,3,,100.4620586,7.0155629
2506091129,7.0157295,100.4570727,,1,,100.4570727,7.0157295
2506091140,7.0156539,100.4620519,,3,,100.4620519,7.0156539
2506091180,7.0158396,100.4653465,,3,,100.4653465,7.0158396
2506091198,7.015905,100.4539374,,4,,100.4539374,7.015905
2506091210,7.0159556,100.455595,,3,,100.455595,7.0159556
2506091253,7.0159996,100.4620071,,4,,100.4620071,7.0159996
2506091259,7.0160247,100.4554596,,3,,100.4554596,7.0160247
2506091313,7.0161353,100.4796074,,4,,100.4796074,7.0161353
2506091323,7.0161444,100.4527362,,1,,100.4527362,7.0161444
2506091400,7.0162742,100.4652881,,3,,100.4652881,7.0162742
2506091424,7.0163405,100.4539181,,4,,100.4539181,7.0163405
2506091462,7.0164122,100.4554044,,3,,100.4554044,7.0164122
2506091478,7.01641,100.4619553,,4,,100.4619553,7.01641
2506091484,7.0164503,100.4553062,,3,,100.4553062,7.0164503
2506091606,7.0166075,100.4647509,,1,,100.4647509,7.0166075
2506091676,7.0168136,100.4552478,,3,,100.4552478,7.0168136
2506091732,7.0168106,100.4619127,,4,,100.4619127,7.0168106
2506091938,7.0170851,100.4652573,,2,,100.4652573,7.0170851
2506091993,7.0171378,100.4538849,,3,,100.4538849,7.0171378
2506092032,7.0171833,100.4552451,,3,,100.4552451,7.0171833
2506092132,7.017234,100.4618576,,4,,100.4618576,7.017234
2506092168,7.017234,100.465979,,3,,100.465979,7.017234
2506092173,7.0172916,100.4662906,,3,,100.4662906,7.0172916
2506092231,7.0174436,100.4651355,,3,,100.4651355,7.0174436
2506092271,7.0175106,100.4538694,,3,,100.4538694,7.0175106
2506092289,7.0175348,100.4627328,,1,,100.4627328,7.0175348
2506092313,7.0175802,100.4686817,,3,,100.4686817,7.0175802
2506092371,7.0176251,100.4626131,,1,,100.4626131,7.0176251
2506092381,7.0176491,100.4618102,,4,,100.4618102,7.0176491
2506092468,7.0177397,100.4661662,,1,,100.4661662,7.0177397
2506092511,7.0177706,100.4650883,,3,,100.4650883,7.0177706
2506092529,7.0178177,100.4666829,,3,,100.4666829,7.0178177
2506092538,7.0178712,100.4530941,,1,,100.4530941,7.0178712
2506092651,7.0179716,100.4553381,,3,,100.4553381,7.0179716
2506092702,7.0180284,100.4617716,,4,,100.4617716,7.0180284
2506092749,7.0180333,100.4565623,,1,,100.4565623,7.0180333
2506092784,7.0180303,100.4593748,,1,,100.4593748,7.0180303
2506092806,7.0181403,100.4553372,,3,,100.4553372,7.0181403
2506092813,7.0181248,100.4650167,,3,,100.4650167,7.0181248
2506092823,7.0181517,100.4552684,,3,,100.4552684,7.0181517
2506092890,7.0182549,100.4693481,,1,,100.4693481,7.0182549
2506092910,7.0186167,100.4659641,,1,,100.4659641,7.0186167
2506092942,7.0183447,100.4626506,,1,,100.4626506,7.0183447
2506092950,7.0183501,100.4707108,,4,,100.4707108,7.0183501
2506092971,7.0185713,100.4700575,,3,,100.4700575,7.0185713
2506092981,7.0184141,100.4553391,,3,,100.4553391,7.0184141
2506092991,7.0184194,100.4617101,,4,,100.4617101,7.0184194
2506093012,7.0184141,100.4626104,,1,,100.4626104,7.0184141
2506093133,7.0185421,100.4648961,,3,,100.4648961,7.0185421
2506093175,7.0185956,100.4552756,,3,,100.4552756,7.0185956
2506093218,7.018632,100.4693576,,3,,100.4693576,7.018632
2506093282,7.018681,100.4525441,,1,,100.4525441,7.018681
2506093285,7.0187084,100.4538195,,3,,100.4538195,7.0187084
2506093340,7.0187556,100.4659308,,3,,100.4659308,7.0187556
2506093364,7.0188063,100.461671,,4,,100.461671,7.0188063
2506093411,7.0188402,100.4665686,,4,,100.4665686,7.0188402
2506093457,7.0188746,100.4693637,,3,,100.4693637,7.0188746
2506093541,7.0189632,100.4647816,,3,,100.4647816,7.0189632
2506093626,7.0191126,100.4538302,,4,,100.4538302,7.0191126
2506093636,7.0191307,100.4525486,,1,,100.4525486,7.0191307
2506093665,7.019178,100.4552761,,3,,100.4552761,7.019178
2506093692,7.0191848,100.4553578,,3,,100.4553578,7.0191848
2506093710,7.0191762,100.4658231,,1,,100.4658231,7.0191762
2506093720,7.0192121,100.4616059,,4,,100.4616059,7.0192121
2506093785,7.0192657,100.4693736,,3,,100.4693736,7.0192657
2506093792,7.0192356,100.4665175,,4,,100.4665175,7.0192356
2506093835,7.0193015,100.4686978,,3,,100.4686978,7.0193015
2506093860,7.0193567,100.4680463,,4,,100.4680463,7.0193567
2506093889,7.0194039,100.4645706,,3,,100.4645706,7.0194039
2506093920,7.019526,100.4526662,,1,,100.4526662,7.019526
2506093940,7.0195205,100.4538078,,4,,100.4538078,7.0195205
2506093960,7.019586,100.4552741,,3,,100.4552741,7.019586
2506093992,7.0195925,100.4615745,,4,,100.4615745,7.0195925
2506094041,7.0196398,100.4600459,,3,,100.4600459,7.0196398
2506094058,7.0196411,100.4705733,,3,,100.4705733,7.0196411
2506094067,7.0196484,100.4664613,,3,,100.4664613,7.0196484
2506094095,7.0196672,100.4699881,,3,,100.4699881,7.0196672
2506094104,7.0197128,100.4693848,,3,,100.4693848,7.0197128
2506094157,7.0197492,100.468712,,3,,100.468712,7.0197492
2506094185,7.0197735,100.4680601,,3,,100.4680601,7.0197735
2506094255,7.019921,100.4537812,,4,,100.4537812,7.019921
2506094266,7.0199223,100.4527077,,1,,100.4527077,7.0199223
2506094313,7.0199556,100.4643233,,3,,100.4643233,7.0199556
2506094321,7.0199402,100.4544626,,1,,100.4544626,7.0199402
2506094348,7.0199683,100.465713,,1,,100.465713,7.0199683
2506094395,7.0199892,100.4553536,,3,,100.4553536,7.0199892
2506094426,7.0200575,100.470524,,3,,100.470524,7.0200575
2506094456,7.0200076,100.4615385,,4,,100.4615385,7.0200076
2506094477,7.0200402,100.4600202,,4,,100.4600202,7.0200402
2506094539,7.02006,100.4664098,,3,,100.4664098,7.02006
2506094588,7.0200852,100.4672022,,1,,100.4672022,7.0200852
2506094693,7.0201608,100.4642132,,3,,100.4642132,7.0201608
2506094703,7.0202051,100.4688833,,3,,100.4688833,7.0202051
2506094809,7.0203248,100.4542402,,1,,100.4542402,7.0203248
2506094849,7.020312,100.4656123,,1,,100.4656123,7.020312
2506094858,7.0203482,100.4553553,,3,,100.4553553,7.0203482
2506094885,7.0203443,100.4552839,,3,,100.4552839,7.0203443
2506094921,7.0203846,100.4568108,,1,,100.4568108,7.0203846
2506094931,7.020403,100.466367,,3,,100.466367,7.020403
2506094940,7.0203994,100.461518,,3,,100.461518,7.0203994
2506095007,7.0204149,100.4600249,,4,,100.4600249,7.0204149
2506095101,7.0204935,100.4528876,,1,,100.4528876,7.0204935
2506095129,7.0205083,100.4537601,,3,,100.4537601,7.0205083
2506095199,7.0205096,100.4674197,,1,,100.4674197,7.0205096
2506095253,7.0205482,100.4640018,,3,,100.4640018,7.0205482
2506095493,7.0207955,100.4663142,,3,,100.4663142,7.0207955
2506095520,7.0207987,100.4599994,,4,,100.4599994,7.0207987
2506095568,7.0208595,100.4552592,,4,,100.4552592,7.0208595
2506095596,7.0208983,100.4637772,,3,,100.4637772,7.0208983
2506095614,7.0208743,100.4537538,,4,,100.4537538,7.0208743
2506095652,7.0209352,100.4680625,,1,,100.4680625,7.0209352
2506095662,7.0209573,100.4552601,,4,,100.4552601,7.0209573
2506095681,7.0209556,100.455354,,4,,100.455354,7.0209556
2506095755,7.0210856,100.4655209,,1,,100.4655209,7.0210856
2506095768,7.021169,100.4537351,,3,,100.4537351,7.021169
2506095776,7.0211721,100.466265,,4,,100.466265,7.0211721
2506095879,7.0212474,100.4552561,,3,,100.4552561,7.0212474
2506095898,7.0212201,100.4539582,,3,,100.4539582,7.0212201
2506095945,7.0212994,100.4599933,,3,,100.4599933,7.0212994
2506095966,7.0213331,100.4680835,,1,,100.4680835,7.0213331
2506096006,7.0213195,100.459093,,3,,100.459093,7.0213195
2506096016,7.0213667,100.4605435,,3,,100.4605435,7.0213667
2506096044,7.021437,100.4599643,,3,,100.4599643,7.021437
2506096119,7.0215047,100.4528201,,1,,100.4528201,7.0215047
2506096128,7.0215054,100.4605159,,3,,100.4605159,7.0215054
2506096155,7.0215425,100.4537112,,3,,100.4537112,7.0215425
2506096175,7.0215382,100.4654897,,1,,100.4654897,7.0215382
2506096208,7.0215919,100.4662084,,3,,100.4662084,7.0215919
2506096242,7.0215794,100.4578913,,1,,100.4578913,7.0215794
2506096273,7.0216902,100.463228,,3,,100.463228,7.0216902
2506096291,7.0216798,100.4690141,,3,,100.4690141,7.0216798
2506096310,7.0217454,100.4683243,,4,,100.4683243,7.0217454
2506096350,7.0218804,100.4521693,,1,,100.4521693,7.0218804
2506096359,7.021884,100.4536885,,3,,100.4536885,7.021884
2506096486,7.0220838,100.4521978,,1,,100.4521978,7.0220838
2506096496,7.022112,100.4536793,,4,,100.4536793,7.022112
2506096623,7.0223443,100.4660877,,4,,100.4660877,7.0223443
2506096642,7.0223355,100.4553738,,3,,100.4553738,7.0223355
2506096652,7.0223514,100.4547337,,1,,100.4547337,7.0223514
2506096670,7.022352,100.4538234,,3,,100.4538234,7.022352
2506096706,7.0223842,100.4580413,,1,,100.4580413,7.0223842
2506096763,7.0224011,100.4625468,,3,,100.4625468,7.0224011
2506096917,7.0225685,100.4507037,,1,,100.4507037,7.0225685
2506097017,7.0227819,100.4582771,,3,,100.4582771,7.0227819
2506097046,7.0227728,100.4572524,,3,,100.4572524,7.0227728
2506097061,7.0227744,100.4569,,3,,100.4569,7.0227744
2506097080,7.0227787,100.4565513,,3,,100.4565513,7.0227787
2506097089,7.0227698,100.4562043,,3,,100.4562043,7.0227698
2506097241,7.0230041,100.4572502,,3,,100.4572502,7.0230041
2506097254,7.0229929,100.4582819,,3,,100.4582819,7.0229929
2506097270,7.0230071,100.459333,,1,,100.459333,7.0230071
2506097286,7.0230454,100.4536414,,3,,100.4536414,7.0230454
2506097382,7.0231396,100.4562129,,1,,100.4562129,7.0231396
2506097412,7.0231505,100.4565427,,1,,100.4565427,7.0231505
2506097427,7.0231637,100.4568969,,1,,100.4568969,7.0231637
2506097442,7.0231931,100.4572512,,1,,100.4572512,7.0231931
2506097599,7.0234467,100.4536251,,3,,100.4536251,7.0234467
2506097843,7.0236689,100.4508836,,3,,100.4508836,7.0236689
2506097885,7.0236925,100.4513238,,3,,100.4513238,7.0236925
2506097914,7.0237304,100.4550987,,3,,100.4550987,7.0237304
2506097928,7.0237544,100.4518225,,1,,100.4518225,7.0237544
2506098044,7.023834,100.4588695,,1,,100.4588695,7.023834
2506098110,7.023864,100.455281,,3,,100.455281,7.023864
2506098142,7.0238561,100.4553408,,3,,100.4553408,7.0238561
2506098193,7.0238653,100.4553582,,3,,100.4553582,7.0238653
2506098205,7.0239281,100.4536056,,3,,100.4536056,7.0239281
2506098237,7.0239269,100.4553881,,3,,100.4553881,7.0239269
2506098255,7.0239217,100.4552429,,3,,100.4552429,7.0239217
2506098284,7.0239674,100.4552577,,3,,100.4552577,7.0239674
2506098307,7.0239827,100.4552736,,3,,100.4552736,7.0239827
2506098392,7.0241174,100.4554338,,3,,100.4554338,7.0241174
2506098431,7.0242289,100.4538848,,1,,100.4538848,7.0242289
2506098502,7.0244342,100.4592471,,3,,100.4592471,7.0244342
2506098523,7.0244519,100.4535843,,4,,100.4535843,7.0244519
2506098579,7.0245245,100.4514755,,3,,100.4514755,7.0245245
2506098611,7.0246083,100.451061,,3,,100.451061,7.0246083
2506098663,7.024663,100.4755813,,3,,100.4755813,7.024663
2506098773,7.0248566,100.4562605,,3,,100.4562605,7.0248566
2506098804,7.0248372,100.4535687,,3,,100.4535687,7.0248372
2506098847,7.0248681,100.4516685,,4,,100.4516685,7.0248681
2506098911,7.0250755,100.4513165,,3,,100.4513165,7.0250755
2506099230,7.0253678,100.4572471,,3,,100.4572471,7.0253678
2506099262,7.0254173,100.4535452,,3,,100.4535452,7.0254173
2506099316,7.0254431,100.4529607,,1,,100.4529607,7.0254431
2506099593,7.0257921,100.45353,,3,,100.45353,7.0257921
2506099672,7.025874,100.4659949,,4,,100.4659949,7.025874
2506099740,7.0259603,100.4523228,,1,,100.4523228,7.0259603
2506100018,7.0263655,100.4549737,,1,,100.4549737,7.0263655
2506100210,7.0265344,100.4534999,,3,,100.4534999,7.0265344
2506100657,7.0268823,100.4534858,,3,,100.4534858,7.0268823
2506100800,7.0269729,100.4528163,,1,,100.4528163,7.0269729
2506101208,7.0273322,100.4534675,,3,,100.4534675,7.0273322
2506101627,7.0278086,100.4764813,,3,,100.4764813,7.0278086
2506101952,7.0283237,100.4765754,,4,,100.4765754,7.0283237
2506102001,7.0284204,100.4771245,,3,,100.4771245,7.0284204
2506102050,7.0284934,100.4766075,,3,,100.4766075,7.0284934
2506102117,7.0285655,100.4819941,,4,,100.4819941,7.0285655
2506102795,7.0301283,100.4769172,,3,,100.4769172,7.0301283
2506103269,7.0308675,100.4769932,,3,,100.4769932,7.0308675
2506103891,7.0320328,100.4768383,,3,,100.4768383,7.0320328
2506104118,7.0327379,100.476737,,4,,100.476737,7.0327379
2506106689,7.0407464,100.5016846,,3,,100.5016846,7.0407464
2506106694,7.0409084,100.5033312,,3,,100.5033312,7.0409084
2507400591,7.0048863,100.4807529,,4,,100.4807529,7.0048863
2507400593,7.0051391,100.4808031,,3,,100.4808031,7.0051391
2507400599,7.0054209,100.4841412,,3,,100.4841412,7.0054209
2507400604,7.0060459,100.4822272,,3,,100.4822272,7.0060459
2507400607,7.0061021,100.4848306,,3,,100.4848306,7.0061021
2507400609,7.0062024,100.4829999,,3,,100.4829999,7.0062024
2507400612,7.0062726,100.4821874,,3,,100.4821874,7.0062726
2507400614,7.0062955,100.4813157,,1,,100.4813157,7.0062955
2507400618,7.0064097,100.4821668,,3,,100.4821668,7.0064097
2507400624,7.0065665,100.482152,,1,,100.482152,7.0065665
2507400625,7.0065735,100.4830517,,1,,100.4830517,7.0065735
2507400630,7.0067137,100.4817773,,1,,100.4817773,7.0067137
2507400638,7.0067511,100.4810494,,4,,100.4810494,7.0067511
2507400639,7.0067613,100.4809199,,3,,100.4809199,7.0067613
2507400647,7.0071263,100.4858574,,3,,100.4858574,7.0071263
2507400648,7.0072124,100.4867961,,1,,100.4867961,7.0072124
2507400649,7.0075007,100.4845654,,3,,100.4845654,7.0075007
2507400651,7.0076728,100.4858801,,3,,100.4858801,7.0076728
2507400652,7.0077357,100.4878787,,3,,100.4878787,7.0077357
2507400655,7.0081196,100.4858401,,3,,100.4858401,7.0081196
2507400664,7.0081731,100.4865471,,1,,100.4865471,7.0081731
2507400671,7.0082004,100.4851551,,3,,100.4851551,7.0082004
2507400677,7.0088112,100.4847675,,3,,100.4847675,7.0088112
2507400682,7.0093185,100.4862502,,1,,100.4862502,7.0093185
2507400685,7.0098317,100.4862249,,4,,100.4862249,7.0098317
2507400688,7.0098712,100.4878597,,3,,100.4878597,7.0098712
2507400689,7.0099696,100.4815863,,4,,100.4815863,7.0099696
2507400690,7.0099721,100.4814553,,3,,100.4814553,7.0099721
2507400695,7.0103875,100.4843733,,3,,100.4843733,7.0103875
2507400696,7.0105513,100.4816799,,4,,100.4816799,7.0105513
2507400698,7.010559,100.4815532,,3,,100.4815532,7.010559
2507400701,7.0106043,100.4833385,,3,,100.4833385,7.0106043
2507400702,7.0106707,100.4843638,,1,,100.4843638,7.0106707
2507400704,7.0108411,100.4843392,,1,,100.4843392,7.0108411
2507400706,7.0108979,100.4861777,,3,,100.4861777,7.0108979
2507400707,7.0109072,100.4878889,,3,,100.4878889,7.0109072
2507400708,7.0110181,100.485303,,3,,100.485303,7.0110181
2507400710,7.0112947,100.4878944,,3,,100.4878944,7.0112947
2507400711,7.0113144,100.4861607,,3,,100.4861607,7.0113144
2507400715,7.0116942,100.4879,,3,,100.4879,7.0116942
2507400716,7.0117126,100.486155,,3,,100.486155,7.0117126
2507400717,7.011699,100.4843382,,1,,100.4843382,7.011699
2507400720,7.0118588,100.4852694,,3,,100.4852694,7.0118588
2507400724,7.0120357,100.4890648,,1,,100.4890648,7.0120357
2507400734,7.0124047,100.4898703,,1,,100.4898703,7.0124047
2507400739,7.0128199,100.4888321,,3,,100.4888321,7.0128199
2507400740,7.0128602,100.4879231,,3,,100.4879231,7.0128602
2507400741,7.0128891,100.4874736,,3,,100.4874736,7.0128891
2507400742,7.0128976,100.4827128,,1,,100.4827128,7.0128976
2507400744,7.0129182,100.4870218,,1,,100.4870218,7.0129182
2507400748,7.013029,100.4818547,,3,,100.4818547,7.013029
2507400749,7.0130146,100.4896912,,3,,100.4896912,7.0130146
2507400750,7.0130469,100.486111,,3,,100.486111,7.0130469
2507400752,7.0131585,100.4810528,,1,,100.4810528,7.0131585
2507400753,7.0131212,100.4868502,,1,,100.4868502,7.0131212
2507400764,7.0132626,100.4874989,,1,,100.4874989,7.0132626
2507400767,7.0132493,100.4905238,,3,,100.4905238,7.0132493
2507400768,7.0133202,100.4897137,,1,,100.4897137,7.0133202
2507400769,7.0133358,100.4746463,,3,,100.4746463,7.0133358
2507400771,7.0134858,100.4913901,,3,,100.4913901,7.0134858
2507400772,7.0135753,100.4735914,,3,,100.4735914,7.0135753
2507400773,7.0136879,100.4826451,,3,,100.4826451,7.0136879
2507400774,7.0136929,100.4921682,,3,,100.4921682,7.0136929
2507400776,7.0138148,100.492578,,3,,100.492578,7.0138148
2507400778,7.0138793,100.486722,,3,,100.486722,7.0138793
2507400782,7.0140632,100.4833494,,3,,100.4833494,7.0140632
2507400783,7.0140651,100.4837621,,1,,100.4837621,7.0140651
2507400785,7.0140842,100.4894704,,3,,100.4894704,7.0140842
2507400787,7.0140987,100.4904402,,3,,100.4904402,7.0140987
2507400788,7.0141087,100.486024,,1,,100.486024,7.0141087
2507400789,7.0141234,100.4867123,,3,,100.4867123,7.0141234
2507400790,7.0141978,100.4843733,,1,,100.4843733,7.0141978
2507400792,7.0142835,100.4748006,,3,,100.4748006,7.0142835
2507400793,7.0142828,100.4912275,,3,,100.4912275,7.0142828
2507400795,7.0143653,100.4894005,,3,,100.4894005,7.0143653
2507400796,7.0143495,100.4851811,,3,,100.4851811,7.0143495
2507400797,7.0143683,100.4867046,,3,,100.4867046,7.0143683
2507400798,7.0143832,100.4872118,,1,,100.4872118,7.0143832
2507400800,7.0144979,100.4833681,,3,,100.4833681,7.0144979
2507400801,7.014528,100.4904178,,3,,100.4904178,7.014528
2507400804,7.0146003,100.4843518,,3,,100.4843518,7.0146003
2507400806,7.0146539,100.4904095,,3,,100.4904095,7.0146539
2507400807,7.0146709,100.4851657,,3,,100.4851657,7.0146709
2507400809,7.0147299,100.4893028,,3,,100.4893028,7.0147299
2507400813,7.0149391,100.4879587,,3,,100.4879587,7.0149391
2507400815,7.0149195,100.4904048,,3,,100.4904048,7.0149195
2507400816,7.0149139,100.4851711,,3,,100.4851711,7.0149139
2507400819,7.0150322,100.4879672,,3,,100.4879672,7.0150322
2507400821,7.0150444,100.4903581,,3,,100.4903581,7.0150444
2507400825,7.0151252,100.4892362,,4,,100.4892362,7.0151252
2507400837,7.015206,100.4844766,,3,,100.4844766,7.015206
2507400842,7.01524,100.4833896,,3,,100.4833896,7.01524
2507400844,7.0153152,100.4907112,,1,,100.4907112,7.0153152
2507400845,7.0152917,100.4829427,,3,,100.4829427,7.0152917
2507400846,7.0153361,100.4918599,,3,,100.4918599,7.0153361
2507400847,7.0153635,100.4824872,,4,,100.4824872,7.0153635
2507400849,7.015387,100.4889534,,1,,100.4889534,7.015387
2507400850,7.0153887,100.4936481,,4,,100.4936481,7.0153887
2507400851,7.0154356,100.4795571,,3,,100.4795571,7.0154356
2507400855,7.0154978,100.4791119,,3,,100.4791119,7.0154978
2507400856,7.0154566,100.4880208,,3,,100.4880208,7.0154566
2507400860,7.0155333,100.4906893,,3,,100.4906893,7.0155333
2507400864,7.0155815,100.4901327,,3,,100.4901327,7.0155815
2507400865,7.0156245,100.4910619,,3,,100.4910619,7.0156245
2507400867,7.0160159,100.4952462,,1,,100.4952462,7.0160159
2507400868,7.015709,100.4913985,,1,,100.4913985,7.015709
2507400869,7.0157441,100.4710111,,3,,100.4710111,7.0157441
2507400871,7.0158004,100.4892273,,3,,100.4892273,7.0158004
2507400872,7.0157908,100.4906644,,3,,100.4906644,7.0157908
2507400875,7.0161399,100.4877084,,1,,100.4877084,7.0161399
2507400877,7.0159431,100.4959871,,3,,100.4959871,7.0159431
2507400878,7.0159595,100.4844742,,3,,100.4844742,7.0159595
2507400879,7.0159698,100.4754228,,3,,100.4754228,7.0159698
2507400880,7.0160467,100.4752922,,3,,100.4752922,7.0160467
2507400881,7.0160582,100.4922888,,3,,100.4922888,7.0160582
2507400882,7.0160798,100.4886095,,1,,100.4886095,7.0160798
2507400883,7.0160885,100.4802418,,3,,100.4802418,7.0160885
2507400885,7.0161071,100.4892349,,3,,100.4892349,7.0161071
2507400886,7.0160944,100.4897382,,1,,100.4897382,7.0160944
2507400888,7.016149,100.4903784,,1,,100.4903784,7.016149
2507400889,7.0161559,100.4790772,,3,,100.4790772,7.0161559
2507400890,7.016152,100.4787683,,3,,100.4787683,7.016152
2507400893,7.0161764,100.4922857,,3,,100.4922857,7.0161764
2507400894,7.0162206,100.4953172,,3,,100.4953172,7.0162206
2507400895,7.0162467,100.4899594,,1,,100.4899594,7.0162467
2507400896,7.0162589,100.4874691,,1,,100.4874691,7.0162589
2507400898,7.0163019,100.4811222,,3,,100.4811222,7.0163019
2507400899,7.0163392,100.4721965,,3,,100.4721965,7.0163392
2507400901,7.0163504,100.4932859,,3,,100.4932859,7.0163504
2507400902,7.0163907,100.4709398,,3,,100.4709398,7.0163907
2507400903,7.0163815,100.4949291,,3,,100.4949291,7.0163815
2507400904,7.0164443,100.4783255,,3,,100.4783255,7.0164443
2507400910,7.0164493,100.489241,,4,,100.489241,7.0164493
2507400915,7.0165092,100.4878257,,3,,100.4878257,7.0165092
2507400918,7.016539,100.4721286,,3,,100.4721286,7.016539
2507400919,7.0165308,100.4766086,,3,,100.4766086,7.0165308
2507400922,7.0165502,100.472598,,3,,100.472598,7.0165502
2507400924,7.0165481,100.4963014,,3,,100.4963014,7.0165481
2507400939,7.0166091,100.4818652,,3,,100.4818652,7.0166091
2507400945,7.0167403,100.4729597,,3,,100.4729597,7.0167403
2507400951,7.0167773,100.470893,,3,,100.470893,7.0167773
2507400961,7.0168303,100.4902623,,4,,100.4902623,7.0168303
2507400967,7.016843,100.4898595,,4,,100.4898595,7.016843
2507400973,7.0168584,100.4905826,,4,,100.4905826,7.0168584
2507400976,7.0168594,100.4892521,,3,,100.4892521,7.0168594
2507400977,7.0168902,100.495303,,1,,100.495303,7.0168902
2507400978,7.016913,100.4720013,,3,,100.4720013,7.016913
2507400979,7.016892,100.4909818,,3,,100.4909818,7.016892
2507400994,7.0169934,100.479275,,1,,100.479275,7.0169934
2507400996,7.0170228,100.4735108,,4,,100.4735108,7.0170228
2507400997,7.0170626,100.4801197,,1,,100.4801197,7.0170626
2507400998,7.0170934,100.4825618,,3,,100.4825618,7.0170934
2507401003,7.0171674,100.4708429,,3,,100.4708429,7.0171674
2507401008,7.017228,100.4950899,,3,,100.4950899,7.017228
2507401009,7.0172301,100.4859971,,3,,100.4859971,7.0172301
2507401010,7.0172953,100.4718713,,3,,100.4718713,7.0172953
2507401011,7.0173909,100.4780011,,3,,100.4780011,7.0173909
2507401012,7.017428,100.478351,,3,,100.478351,7.017428
2507401013,7.0176302,100.4952239,,4,,100.4952239,7.0176302
2507401016,7.0175583,100.4934562,,3,,100.4934562,7.0175583
2507401017,7.0175612,100.493776,,4,,100.493776,7.0175612
2507401018,7.0175725,100.4940319,,3,,100.4940319,7.0175725
2507401019,7.0175834,100.4928045,,3,,100.4928045,7.0175834
2507401021,7.0176144,100.4788622,,3,,100.4788622,7.0176144
2507401022,7.0176221,100.492122,,3,,100.492122,7.0176221
2507401023,7.0175871,100.4942183,,3,,100.4942183,7.0175871
2507401024,7.0176392,100.4747911,,4,,100.4747911,7.0176392
2507401027,7.0176798,100.4840329,,1,,100.4840329,7.0176798
2507401028,7.0176574,100.4968587,,3,,100.4968587,7.0176574
2507401030,7.0177318,100.4787328,,3,,100.4787328,7.0177318
2507401031,7.0177457,100.4884917,,1,,100.4884917,7.0177457
2507401034,7.0177699,100.4859612,,3,,100.4859612,7.0177699
2507401050,7.0178153,100.4793366,,3,,100.4793366,7.0178153
2507401061,7.0179421,100.4856626,,3,,100.4856626,7.0179421
2507401074,7.018012,100.4956574,,3,,100.4956574,7.018012
2507401081,7.0179964,100.4970365,,3,,100.4970365,7.0179964
2507401088,7.0181244,100.4715893,,3,,100.4715893,7.0181244
2507401095,7.0180913,100.4892127,,3,,100.4892127,7.0180913
2507401108,7.0182247,100.4730177,,3,,100.4730177,7.0182247
2507401129,7.0182902,100.4807267,,3,,100.4807267,7.0182902
2507401136,7.0182932,100.4720089,,3,,100.4720089,7.0182932
2507401149,7.018268,100.4961798,,1,,100.4961798,7.018268
2507401156,7.0182971,100.4904956,,3,,100.4904956,7.0182971
2507401162,7.0183574,100.4813016,,3,,100.4813016,7.0183574
2507401175,7.0183692,100.4952827,,3,,100.4952827,7.0183692
2507401190,7.0183919,100.4908137,,3,,100.4908137,7.0183919
2507401192,7.0184605,100.4723727,,3,,100.4723727,7.0184605
2507401202,7.0184443,100.4909843,,1,,100.4909843,7.0184443
2507401235,7.0185817,100.4821833,,3,,100.4821833,7.0185817
2507401262,7.0186018,100.4839999,,3,,100.4839999,7.0186018
2507401275,7.0187278,100.4930459,,1,,100.4930459,7.0187278
2507401286,7.0186917,100.4833441,,3,,100.4833441,7.0186917
2507401302,7.0187371,100.4851588,,3,,100.4851588,7.0187371
2507401308,7.0187323,100.4838175,,3,,100.4838175,7.0187323
2507401319,7.018753,100.4917955,,3,,100.4917955,7.018753
2507401324,7.0187852,100.4855721,,3,,100.4855721,7.0187852
2507401342,7.0188122,100.474422,,3,,100.474422,7.0188122
2507401357,7.0186393,100.4963984,,1,,100.4963984,7.0186393
2507401369,7.0190285,100.4706385,,3,,100.4706385,7.0190285
2507401381,7.0191801,100.4727368,,3,,100.4727368,7.0191801
2507401387,7.0191854,100.4891308,,3,,100.4891308,7.0191854
2507401395,7.0192823,100.4742735,,4,,100.4742735,7.0192823
2507401402,7.0193368,100.4731264,,1,,100.4731264,7.0193368
2507401416,7.0194284,100.4726458,,4,,100.4726458,7.0194284
2507401417,7.0194332,100.4930334,,3,,100.4930334,7.0194332
2507401420,7.0195416,100.4730532,,4,,100.4730532,7.0195416
2507401421,7.0195361,100.4953713,,3,,100.4953713,7.0195361
2507401424,7.0195953,100.4966099,,3,,100.4966099,7.0195953
2507401425,7.0196658,100.4750439,,3,,100.4750439,7.0196658
2507401427,7.0197127,100.4736763,,3,,100.4736763,7.0197127
2507401428,7.0197214,100.4751856,,3,,100.4751856,7.0197214
2507401430,7.0198041,100.4741163,,3,,100.4741163,7.0198041
2507401435,7.0200236,100.4730157,,3,,100.4730157,7.0200236
2507401437,7.0200456,100.4725998,,3,,100.4725998,7.0200456
2507401438,7.0200871,100.4825667,,3,,100.4825667,7.0200871
2507401439,7.0201527,100.4819119,,3,,100.4819119,7.0201527
2507401440,7.0201077,100.4799509,,1,,100.4799509,7.0201077
2507401443,7.020169,100.4832591,,3,,100.4832591,7.020169
2507401445,7.0202234,100.4837239,,3,,100.4837239,7.0202234
2507401446,7.020346,100.4735229,,1,,100.4735229,7.020346
2507401449,7.0204219,100.4725718,,3,,100.4725718,7.0204219
2507401450,7.0204623,100.4825316,,3,,100.4825316,7.0204623
2507401451,7.020499,100.4730272,,3,,100.4730272,7.020499
2507401453,7.0206495,100.4738674,,4,,100.4738674,7.0206495
2507401457,7.0207422,100.4742526,,3,,100.4742526,7.0207422
2507401459,7.0208134,100.478941,,1,,100.478941,7.0208134
2507401461,7.0208208,100.4779169,,1,,100.4779169,7.0208208
2507401462,7.0208641,100.4748431,,3,,100.4748431,7.0208641
2507401465,7.0209907,100.4784956,,1,,100.4784956,7.0209907
2507401466,7.0210126,100.4765329,,4,,100.4765329,7.0210126
2507401467,7.0210532,100.4799695,,1,,100.4799695,7.0210532
2507401468,7.0210542,100.4737461,,3,,100.4737461,7.0210542
2507401473,7.0213036,100.4824238,,4,,100.4824238,7.0213036
2507401476,7.0215675,100.4724865,,3,,100.4724865,7.0215675
2507401481,7.0216257,100.4729282,,3,,100.4729282,7.0216257
2507401482,7.021709,100.4735519,,4,,100.4735519,7.021709
2507401485,7.0217981,100.4739415,,3,,100.4739415,7.0217981
2507401488,7.0218593,100.4763217,,3,,100.4763217,7.0218593
2507401493,7.0220549,100.4778403,,3,,100.4778403,7.0220549
2507401494,7.0219895,100.4661393,,4,,100.4661393,7.0219895
2507401496,7.0219917,100.4749912,,4,,100.4749912,7.0219917
2507401497,7.0220624,100.4708022,,3,,100.4708022,7.0220624
2507401498,7.0220876,100.475415,,3,,100.475415,7.0220876
2507401501,7.0221801,100.4762416,,4,,100.4762416,7.0221801
2507401504,7.0222828,100.4718038,,3,,100.4718038,7.0222828
2507401505,7.0222902,100.4653674,,1,,100.4653674,7.0222902
2507401509,7.0223717,100.4735468,,4,,100.4735468,7.0223717
2507401512,7.022385,100.4708385,,3,,100.4708385,7.022385
2507401514,7.0224086,100.4706348,,1,,100.4706348,7.0224086
2507401515,7.0224237,100.4723574,,4,,100.4723574,7.0224237
2507401516,7.0224751,100.4718312,,3,,100.4718312,7.0224751
2507401521,7.0226318,100.4718552,,3,,100.4718552,7.0226318
2507401522,7.0226712,100.465324,,1,,100.465324,7.0226712
2507401524,7.0227505,100.466037,,4,,100.466037,7.0227505
2507401525,7.0227851,100.4747439,,3,,100.4747439,7.0227851
2507401526,7.0227967,100.4702961,,3,,100.4702961,7.0227967
2507401527,7.0228021,100.4735436,,4,,100.4735436,7.0228021
2507401530,7.022893,100.4722772,,3,,100.4722772,7.022893
2507401531,7.023048,100.4719189,,3,,100.4719189,7.023048
2507401532,7.0230895,100.4760148,,3,,100.4760148,7.0230895
2507401533,7.0230931,100.4769099,,1,,100.4769099,7.0230931
2507401535,7.0231742,100.4659755,,3,,100.4659755,7.0231742
2507401536,7.0231797,100.4762842,,3,,100.4762842,7.0231797
2507401538,7.0232162,100.4702497,,4,,100.4702497,7.0232162
2507401539,7.0232734,100.4746078,,3,,100.4746078,7.0232734
2507401540,7.0232797,100.4735528,,4,,100.4735528,7.0232797
2507401541,7.0232745,100.4765671,,3,,100.4765671,7.0232745
2507401549,7.0233449,100.4722146,,3,,100.4722146,7.0233449
2507401567,7.0233366,100.4767522,,4,,100.4767522,7.0233366
2507401570,7.0233496,100.4776437,,1,,100.4776437,7.0233496
2507401583,7.0234582,100.4721833,,3,,100.4721833,7.0234582
2507401589,7.0234618,100.4719824,,4,,100.4719824,7.0234618
2507401602,7.0235228,100.4726398,,1,,100.4726398,7.0235228
2507401608,7.0235264,100.4730921,,1,,100.4730921,7.0235264
2507401614,7.023555,100.465924,,3,,100.465924,7.023555
2507401618,7.0235858,100.4705594,,1,,100.4705594,7.0235858
2507401622,7.023624,100.4702038,,3,,100.4702038,7.023624
2507401628,7.0236408,100.4758773,,3,,100.4758773,7.0236408
2507401646,7.0236692,100.4767034,,1,,100.4767034,7.0236692
2507401659,7.0237497,100.4773414,,3,,100.4773414,7.0237497
2507401668,7.0238445,100.4721322,,3,,100.4721322,7.0238445
2507401694,7.023902,100.4721049,,3,,100.4721049,7.023902
2507401700,7.0239401,100.4706273,,1,,100.4706273,7.0239401
2507401706,7.0239169,100.4726157,,3,,100.4726157,7.0239169
2507401713,7.0239211,100.4730594,,3,,100.4730594,7.0239211
2507401718,7.0239251,100.4735329,,3,,100.4735329,7.0239251
2507401721,7.0239531,100.4658702,,3,,100.4658702,7.0239531
2507401727,7.023954,100.4776262,,1,,100.4776262,7.023954
2507401752,7.0239766,100.4720922,,3,,100.4720922,7.0239766
2507401758,7.0239872,100.475786,,3,,100.475786,7.0239872
2507401772,7.0240668,100.4705977,,1,,100.4705977,7.0240668
2507401774,7.0241069,100.4701423,,3,,100.4701423,7.0241069
2507401776,7.0241816,100.4770582,,1,,100.4770582,7.0241816
2507401779,7.0242222,100.4775141,,1,,100.4775141,7.0242222
2507401786,7.0243217,100.4720332,,3,,100.4720332,7.0243217
2507401788,7.024324,100.4735095,,3,,100.4735095,7.024324
2507401789,7.0243561,100.4658157,,3,,100.4658157,7.0243561
2507401790,7.0243703,100.477462,,1,,100.477462,7.0243703
2507401791,7.0243736,100.4770617,,4,,100.4770617,7.0243736
2507401792,7.0243834,100.4756734,,3,,100.4756734,7.0243834
2507401793,7.0244313,100.4780114,,3,,100.4780114,7.0244313
2507401794,7.0244478,100.4744715,,1,,100.4744715,7.0244478
2507401795,7.0244678,100.4720041,,3,,100.4720041,7.0244678
2507401796,7.0245394,100.4735126,,3,,100.4735126,7.0245394
2507401797,7.0245272,100.472224,,3,,100.472224,7.0245272
2507401798,7.0245317,100.4756267,,3,,100.4756267,7.0245317
2507401801,7.0245735,100.4783946,,3,,100.4783946,7.0245735
2507401803,7.0247495,100.4788056,,4,,100.4788056,7.0247495
2507401806,7.0247816,100.4770943,,3,,100.4770943,7.0247816
2507401807,7.0248093,100.4757203,,3,,100.4757203,7.0248093
2507401808,7.0248294,100.4657517,,3,,100.4657517,7.0248294
2507401809,7.0248768,100.4791868,,3,,100.4791868,7.0248768
2507401810,7.0249378,100.4734981,,3,,100.4734981,7.0249378
2507401812,7.0249364,100.4719331,,4,,100.4719331,7.0249364
2507401813,7.0249801,100.4711672,,3,,100.4711672,7.0249801
2507401815,7.0250472,100.4700284,,4,,100.4700284,7.0250472
2507401816,7.0251512,100.4778162,,3,,100.4778162,7.0251512
2507401818,7.0251585,100.4775194,,3,,100.4775194,7.0251585
2507401820,7.0252392,100.4758761,,3,,100.4758761,7.0252392
2507401822,7.0252902,100.4656894,,3,,100.4656894,7.0252902
2507401823,7.0253232,100.4718621,,3,,100.4718621,7.0253232
2507401824,7.0253312,100.471168,,4,,100.471168,7.0253312
2507401827,7.0254425,100.4790195,,1,,100.4790195,7.0254425
2507401836,7.0255073,100.4682722,,3,,100.4682722,7.0255073
2507401842,7.0255361,100.4734705,,1,,100.4734705,7.0255361
2507401849,7.0257229,100.4791995,,1,,100.4791995,7.0257229
2507401850,7.0257274,100.4699643,,3,,100.4699643,7.0257274
2507401852,7.025803,100.4785347,,4,,100.4785347,7.025803
2507401854,7.0257925,100.47386,,3,,100.47386,7.0257925
2507401856,7.0259043,100.4699387,,3,,100.4699387,7.0259043
2507401857,7.0259995,100.4752333,,4,,100.4752333,7.0259995
2507401858,7.0260191,100.471118,,3,,100.471118,7.0260191
2507401860,7.026068,100.4717274,,3,,100.4717274,7.026068
2507401861,7.0260939,100.476183,,3,,100.476183,7.0260939
2507401879,7.026225,100.4785176,,3,,100.4785176,7.026225
2507401886,7.0262396,100.4737204,,3,,100.4737204,7.0262396
2507401887,7.0263003,100.4698962,,4,,100.4698962,7.0263003
2507401890,7.0263893,100.478511,,3,,100.478511,7.0263893
2507401891,7.0263557,100.4765752,,3,,100.4765752,7.0263557
2507401892,7.0263491,100.4762246,,3,,100.4762246,7.0263491
2507401893,7.0264044,100.475134,,4,,100.475134,7.0264044
2507401906,7.0265501,100.4762833,,3,,100.4762833,7.0265501
2507401908,7.0265666,100.4803836,,3,,100.4803836,7.0265666
2507401909,7.026571,100.4802105,,3,,100.4802105,7.026571
2507401910,7.0265712,100.4774862,,1,,100.4774862,7.0265712
2507401911,7.0265419,100.4716311,,3,,100.4716311,7.0265419
2507401914,7.0265912,100.4794034,,3,,100.4794034,7.0265912
2507401915,7.0266344,100.4784957,,3,,100.4784957,7.0266344
2507401919,7.0266881,100.4736067,,3,,100.4736067,7.0266881
2507401921,7.0267341,100.4804975,,3,,100.4804975,7.0267341
2507401922,7.0267532,100.4740654,,1,,100.4740654,7.0267532
2507401923,7.0267488,100.4775367,,1,,100.4775367,7.0267488
2507401924,7.0267536,100.477993,,3,,100.477993,7.0267536
2507401926,7.0268246,100.478497,,3,,100.478497,7.0268246
2507401959,7.0269188,100.4793979,,3,,100.4793979,7.0269188
2507401965,7.0269256,100.4735384,,3,,100.4735384,7.0269256
2507401971,7.0269493,100.4804931,,3,,100.4804931,7.0269493
2507401973,7.0269558,100.480182,,3,,100.480182,7.0269558
2507401975,7.0269713,100.4793991,,3,,100.4793991,7.0269713
2507401976,7.02701,100.4785006,,3,,100.4785006,7.02701
2507401977,7.0270876,100.468509,,1,,100.468509,7.0270876
2507401979,7.0270802,100.4724379,,1,,100.4724379,7.0270802
2507401980,7.0271796,100.4749237,,3,,100.4749237,7.0271796
2507401982,7.0272498,100.4697764,,4,,100.4697764,7.0272498
2507401984,7.0273848,100.4793946,,3,,100.4793946,7.0273848
2507401985,7.0274381,100.4784932,,3,,100.4784932,7.0274381
2507401988,7.0274291,100.471471,,4,,100.471471,7.0274291
2507401990,7.0275349,100.4723601,,3,,100.4723601,7.0275349
2507401991,7.0275315,100.4764562,,3,,100.4764562,7.0275315
2507401993,7.0276335,100.4748192,,3,,100.4748192,7.0276335
2507401996,7.0276966,100.4697312,,3,,100.4697312,7.0276966
2507401998,7.0277698,100.472309,,3,,100.472309,7.0277698
2507402001,7.0279344,100.4714188,,4,,100.4714188,7.0279344
2507402003,7.0279059,100.4732351,,3,,100.4732351,7.0279059
2507402007,7.028145,100.4746764,,3,,100.4746764,7.028145
2507402008,7.0282254,100.472219,,3,,100.472219,7.0282254
2507402010,7.0283771,100.4731073,,4,,100.4731073,7.0283771
2507402012,7.0284368,100.4777182,,3,,100.4777182,7.0284368
2507402013,7.0284525,100.4781816,,3,,100.4781816,7.0284525
2507402015,7.0286276,100.4766329,,3,,100.4766329,7.0286276
2507402016,7.0286281,100.4745504,,3,,100.4745504,7.0286281
2507402023,7.0286694,100.4799923,,1,,100.4799923,7.0286694
2507402029,7.0288156,100.4766685,,3,,100.4766685,7.0288156
2507402036,7.0290556,100.476714,,3,,100.476714,7.0290556
2507402037,7.0290379,100.4753539,,1,,100.4753539,7.0290379
2507402038,7.0291409,100.4790164,,1,,100.4790164,7.0291409
2507402041,7.0292588,100.4767563,,3,,100.4767563,7.0292588
2507402046,7.029471,100.4767997,,4,,100.4767997,7.029471
2507402050,7.0295785,100.4801661,,3,,100.4801661,7.0295785
2507402054,7.0296618,100.4742856,,3,,100.4742856,7.0296618
2507402055,7.0296945,100.4719881,,3,,100.4719881,7.0296945
2507402056,7.0297662,100.4802634,,3,,100.4802634,7.0297662
2507402062,7.0301476,100.4807813,,3,,100.4807813,7.0301476
2507402068,7.0304318,100.4769713,,3,,100.4769713,7.0304318
2507402069,7.0304891,100.4740656,,3,,100.4740656,7.0304891
2507402070,7.0307618,100.4769943,,3,,100.4769943,7.0307618
2507402073,7.030893,100.4801524,,3,,100.4801524,7.030893
2507402076,7.0311811,100.4769477,,3,,100.4769477,7.0311811
2507402077,7.0312002,100.4743298,,3,,100.4743298,7.0312002
2507402080,7.0313095,100.4769312,,3,,100.4769312,7.0313095
2507402081,7.0313857,100.4797801,,3,,100.4797801,7.0313857
2507402082,7.0314497,100.4763108,,1,,100.4763108,7.0314497
2507402084,7.031505,100.4760289,,1,,100.4760289,7.031505
2507402085,7.0315422,100.4769013,,3,,100.4769013,7.0315422
2507402091,7.0319485,100.4794684,,3,,100.4794684,7.0319485
2507402097,7.0323662,100.4761706,,3,,100.4761706,7.0323662
2507402102,7.0325912,100.4767604,,3,,100.4767604,7.0325912
2507402105,7.0325176,100.4785544,,3,,100.4785544,7.0325176
2507402110,7.0329895,100.4785262,,3,,100.4785262,7.0329895
2507402128,7.0336402,100.4789251,,3,,100.4789251,7.0336402
2507402157,7.0342111,100.479354,,3,,100.479354,7.0342111
2508579987,7.014,100.4887793,,3,,100.4887793,7.014
2508580006,7.0144012,100.4879065,,3,,100.4879065,7.0144012
2508580009,7.0144379,100.4887608,,3,,100.4887608,7.0144379
2508580023,7.0147243,100.4887482,,1,,100.4887482,7.0147243
2508580170,7.0167621,100.4886977,,1,,100.4886977,7.0167621
2508580200,7.0168492,100.4872022,,1,,100.4872022,7.0168492
2508580222,7.0171553,100.4887164,,3,,100.4887164,7.0171553
2508580226,7.0171527,100.4892415,,3,,100.4892415,7.0171527
2508580247,7.0173553,100.4987862,,3,,100.4987862,7.0173553
2508580283,7.0175841,100.4875023,,1,,100.4875023,7.0175841
2508580317,7.0177614,100.486878,,3,,100.486878,7.0177614
2508580336,7.0179798,100.4875637,,1,,100.4875637,7.0179798
2508580342,7.017985,100.4989437,,3,,100.4989437,7.017985
2508580358,7.018132,100.4869875,,3,,100.4869875,7.018132
2508580463,7.018939,100.4869875,,3,,100.4869875,7.018939
2508580610,7.0195293,100.4921809,,3,,100.4921809,7.0195293
2508580613,7.0195295,100.4923539,,3,,100.4923539,7.0195295
2508580665,7.019987,100.486551,,3,,100.486551,7.019987
2508580697,7.0203741,100.4968567,,1,,100.4968567,7.0203741
2508580722,7.0205766,100.4916996,,3,,100.4916996,7.0205766
2508580725,7.0205798,100.4921746,,3,,100.4921746,7.0205798
2508580731,7.0205934,100.4960378,,3,,100.4960378,7.0205934
2508580743,7.0206405,100.4862758,,1,,100.4862758,7.0206405
2508580757,7.0206861,100.4951447,,1,,100.4951447,7.0206861
2508580765,7.0208942,100.4905016,,1,,100.4905016,7.0208942
2508580767,7.0209044,100.4865574,,3,,100.4865574,7.0209044
2508580773,7.0208755,100.492176,,1,,100.492176,7.0208755
2508580785,7.0210722,100.4970381,,3,,100.4970381,7.0210722
2508580788,7.0210649,100.4926078,,1,,100.4926078,7.0210649
2508580799,7.0211174,100.4885899,,3,,100.4885899,7.0211174
2508580802,7.0212509,100.4909832,,1,,100.4909832,7.0212509
2508580808,7.0213224,100.4876373,,1,,100.4876373,7.0213224
2508580820,7.0212894,100.4853541,,3,,100.4853541,7.0212894
2508580823,7.0212957,100.4856973,,3,,100.4856973,7.0212957
2508580826,7.0213039,100.4862056,,3,,100.4862056,7.0213039
2508580840,7.0213083,100.4865117,,3,,100.4865117,7.0213083
2508580877,7.021409,100.4815371,,1,,100.4815371,7.021409
2508580897,7.0215117,100.4823926,,3,,100.4823926,7.0215117
2508580903,7.021547,100.4962696,,3,,100.4962696,7.021547
2508580924,7.0216692,100.4864642,,3,,100.4864642,7.0216692
2508580933,7.0217077,100.4934254,,3,,100.4934254,7.0217077
2508580962,7.0217304,100.4876243,,3,,100.4876243,7.0217304
2508580974,7.0218165,100.4953321,,3,,100.4953321,7.0218165
2508581030,7.0220965,100.4908498,,3,,100.4908498,7.0220965
2508581234,7.0224979,100.498537,,3,,100.498537,7.0224979
2508581352,7.0229526,100.4809795,,1,,100.4809795,7.0229526
2508581369,7.0229915,100.4985659,,1,,100.4985659,7.0229915
2508581424,7.0230693,100.4984578,,1,,100.4984578,7.0230693
2508581508,7.02347,100.4821272,,3,,100.4821272,7.02347
2508581570,7.0235183,100.4826586,,1,,100.4826586,7.0235183
2508581699,7.0236667,100.4809644,,1,,100.4809644,7.0236667
2508581774,7.0239206,100.4987856,,3,,100.4987856,7.0239206
2508581783,7.023949,100.4983712,,3,,100.4983712,7.023949
2508581795,7.0239515,100.4992571,,3,,100.4992571,7.0239515
2508581804,7.0240133,100.4983252,,3,,100.4983252,7.0240133
2508581807,7.0239877,100.4998995,,3,,100.4998995,7.0239877
2508581836,7.0240936,100.4819971,,3,,100.4819971,7.0240936
2508581841,7.0242215,100.4819657,,3,,100.4819657,7.0242215
2508581933,7.0246653,100.4986996,,3,,100.4986996,7.0246653
2508581944,7.0247397,100.4818427,,3,,100.4818427,7.0247397
2508582040,7.0249956,100.4800516,,1,,100.4800516,7.0249956
2508582071,7.0250516,100.5003521,,3,,100.5003521,7.0250516
2508582178,7.0253084,100.5005215,,3,,100.5005215,7.0253084
2508582610,7.0260767,100.5007549,,3,,100.5007549,7.0260767
2508582644,7.0261366,100.5000647,,3,,100.5000647,7.0261366
2508582663,7.0261651,100.4992895,,3,,100.4992895,7.0261651
2508582676,7.0261569,100.4991227,,3,,100.4991227,7.0261569
2508582773,7.0268135,100.5010759,,3,,100.5010759,7.0268135
2508582775,7.0268511,100.4995384,,3,,100.4995384,7.0268511
2508582831,7.0272996,100.5012353,,3,,100.5012353,7.0272996
2508582839,7.0274625,100.4997115,,3,,100.4997115,7.0274625
2508583006,7.0280289,100.4996774,,3,,100.4996774,7.0280289
2508583017,7.0280517,100.5001916,,3,,100.5001916,7.0280517
2508583030,7.0280712,100.5008056,,3,,100.5008056,7.0280712
2508583036,7.0280744,100.500867,,3,,100.500867,7.0280744
2508583042,7.0280915,100.5015349,,3,,100.5015349,7.0280915
2508583143,7.0285632,100.5001762,,1,,100.5001762,7.0285632
2508583163,7.0285949,100.5008888,,1,,100.5008888,7.0285949
2508583506,7.030209,100.5007115,,3,,100.5007115,7.030209
2508583514,7.0302422,100.5010442,,3,,100.5010442,7.0302422
2508583568,7.0303047,100.5017631,,3,,100.5017631,7.0303047
2508583927,7.0311539,100.5006418,,3,,100.5006418,7.0311539
2508583945,7.0311827,100.5009873,,3,,100.5009873,7.0311827
2508583989,7.0312126,100.5013468,,3,,100.5013468,7.0312126
2508584032,7.0312536,100.501704,,3,,100.501704,7.0312536
2508584041,7.0312972,100.5021576,,3,,100.5021576,7.0312972
2508584243,7.0316282,100.5007586,,3,,100.5007586,7.0316282
2508584292,7.0316939,100.5012491,,3,,100.5012491,7.0316939
2508584327,7.031738,100.5016722,,3,,100.5016722,7.031738
2508584387,7.0317794,100.5021488,,3,,100.5021488,7.0317794
2508584630,7.032102,100.5012279,,3,,100.5012279,7.032102
2508584652,7.0321807,100.5016724,,3,,100.5016724,7.0321807
2508584857,7.0324739,100.5011535,,3,,100.5011535,7.0324739
2508585000,7.0326766,100.5021352,,3,,100.5021352,7.0326766
2508585203,7.0329644,100.5010457,,4,,100.5010457,7.0329644
2508585241,7.0331749,100.5020957,,3,,100.5020957,7.0331749
2508585253,7.0331773,100.5022282,,3,,100.5022282,7.0331773
2508585290,7.0334088,100.5009578,,4,,100.5009578,7.0334088
2508585328,7.0335528,100.5017494,,3,,100.5017494,7.0335528
2508585345,7.0336199,100.500945,,4,,100.500945,7.0336199
2508585470,7.0339751,100.5020949,,3,,100.5020949,7.0339751
2508585476,7.0339747,100.5022243,,3,,100.5022243,7.0339747
2508585506,7.0340016,100.5024816,,3,,100.5024816,7.0340016
2508585515,7.0340536,100.5009665,,4,,100.5009665,7.0340536
2508585581,7.0344179,100.5021335,,3,,100.5021335,7.0344179
2508585608,7.0345157,100.5009893,,3,,100.5009893,7.0345157
2508585630,7.0345459,100.5037978,,3,,100.5037978,7.0345459
2508585687,7.034686,100.5034286,,1,,100.5034286,7.034686
2508585710,7.0348726,100.5037677,,3,,100.5037677,7.0348726
2508585733,7.035417,100.5023058,,3,,100.5023058,7.035417
2508585744,7.0354975,100.5037137,,3,,100.5037137,7.0354975
2508585745,7.035525,100.5021911,,3,,100.5021911,7.035525
2508585765,7.035955,100.5009242,,3,,100.5009242,7.035955
2508585787,7.0363945,100.5036612,,3,,100.5036612,7.0363945
2508585807,7.0369187,100.5036295,,3,,100.5036295,7.0369187
2508585814,7.0370953,100.5011216,,1,,100.5011216,7.0370953
2508585824,7.037616,100.5043872,,3,,100.5043872,7.037616
2508585858,7.0389169,100.5029306,,3,,100.5029306,7.0389169
2508585864,7.0391653,100.501269,,1,,100.501269,7.0391653
2508585868,7.0392838,100.5031467,,3,,100.5031467,7.0392838
2508585875,7.0394611,100.5013572,,1,,100.5013572,7.0394611
2508585930,7.041232,100.5018817,,1,,100.5018817,7.041232
2508586030,7.0418351,100.5018684,,4,,100.5018684,7.0418351
2508586092,7.041872,100.5022412,,3,,100.5022412,7.041872
2508586105,7.0419664,100.5034698,,3,,100.5034698,7.0419664
2508586195,7.042597,100.5022365,,1,,100.5022365,7.042597
2508586221,7.0430104,100.5040458,,3,,100.5040458,7.0430104
2508586290,7.0440769,100.5027898,,1,,100.5027898,7.0440769
2508586292,7.0440899,100.5037649,,3,,100.5037649,7.0440899
2508586311,7.044439,100.5038135,,3,,100.5038135,7.044439
2508586347,7.0449583,100.5038961,,3,,100.5038961,7.0449583
2508586359,7.0451041,100.5028044,,1,,100.5028044,7.0451041
2508586376,7.0451442,100.5058333,,2,,100.5058333,7.0451442
2508586837,7.0465293,100.5030016,,1,,100.5030016,7.0465293
2508586910,7.0466888,100.5041669,,3,,100.5041669,7.0466888
2508587005,7.047232,100.5042553,,3,,100.5042553,7.047232
2935421242,7.0156968,100.4795779,,3,,100.4795779,7.0156968
3125684629,7.0023527,100.4697049,,3,,100.4697049,7.0023527
3125684630,7.0024449,100.4703896,,3,,100.4703896,7.0024449
3307259470,6.9974312,100.4671192,,3,,100.4671192,6.9974312
3307259471,6.9973709,100.4671372,,3,,100.4671372,6.9973709
3307262847,6.9979796,100.4701182,traffic_signals,4,,100.4701182,6.9979796
3307271116,6.9979262,100.4710975,,4,,100.4710975,6.9979262
3307271117,6.99791,100.4716972,,4,,100.4716972,6.99791
3307271142,6.9980825,100.4739637,,4,,100.4739637,6.9980825
3307277899,6.998173,100.4749856,traffic_signals,4,,100.4749856,6.998173
3307305334,6.9981131,100.4750057,traffic_signals,3,,100.4750057,6.9981131
3309949761,7.013485,100.4672637,,4,,100.4672637,7.013485
3309949961,7.0141933,100.4717628,,3,,100.4717628,7.0141933
3327878852,7.0009638,100.4535855,traffic_signals,3,,100.4535855,7.0009638
3327879287,7.0010296,100.4537266,traffic_signals,3,,100.4537266,7.0010296
3327879291,7.0011938,100.4536575,,3,,100.4536575,7.0011938
3327879409,7.0009168,100.4534757,,3,,100.4534757,7.0009168
3376084911,7.0110215,100.4765611,,3,,100.4765611,7.0110215
3376091818,7.0108948,100.4764583,,3,,100.4764583,7.0108948
3376091819,7.0110047,100.476359,,3,,100.476359,7.0110047
3614995932,7.0169461,100.4770337,traffic_signals,4,,100.4770337,7.0169461
4085816302,7.0076598,100.4702926,traffic_signals,4,,100.4702926,7.0076598
4464855848,6.9954414,100.4472503,,3,,100.4472503,6.9954414
4465620007,6.9948248,100.4424297,,1,,100.4424297,6.9948248
4465620015,6.9964151,100.4445935,,4,,100.4445935,6.9964151
4465620017,6.9948708,100.443073,,3,,100.443073,6.9948708
4488358856,7.0102586,100.4775228,,3,,100.4775228,7.0102586
4488358857,7.0092835,100.4771021,,3,,100.4771021,7.0092835
4488358858,7.0101632,100.4770649,,3,,100.4770649,7.0101632
4488366488,7.0093167,100.4784333,,3,,100.4784333,7.0093167
4488368090,7.0101754,100.4779658,,3,,100.4779658,7.0101754
4501548849,7.0059923,100.466198,,3,,100.466198,7.0059923
4865273253,7.043738,100.5046392,,3,,100.5046392,7.043738
4888861604,7.0140707,100.4765066,,3,,100.4765066,7.0140707
4888861605,7.013778,100.4767697,,3,,100.4767697,7.013778
4888861608,7.0138308,100.4765757,,3,,100.4765757,7.0138308
4888861612,7.0139715,100.4766119,,3,,100.4766119,7.0139715
4888861618,7.013948,100.4765478,,3,,100.4765478,7.013948
4888861620,7.0139034,100.4766753,,3,,100.4766753,7.0139034
4888862222,7.0138568,100.4766621,,3,,100.4766621,7.0138568
4890611656,7.0014027,100.4509572,,3,,100.4509572,7.0014027
4890611668,6.9956566,100.4450675,,3,,100.4450675,6.9956566
4890611669,6.9946783,100.4440308,,3,,100.4440308,6.9946783
4890611688,7.023845,100.4564428,,3,,100.4564428,7.023845
4890611692,6.9941628,100.4324946,,3,,100.4324946,6.9941628
4890611694,6.9959185,100.4320177,,1,,100.4320177,6.9959185
4890611714,7.0002926,100.4556723,,3,,100.4556723,7.0002926
4890611715,7.0006651,100.4582932,,3,,100.4582932,7.0006651
4890611718,7.0113363,100.457952,,3,,100.457952,7.0113363
4890612238,7.0009927,100.4418945,,1,,100.4418945,7.0009927
4890612239,6.9988079,100.4426079,,3,,100.4426079,6.9988079
4890612249,6.9995837,100.4565758,,3,,100.4565758,6.9995837
4890612254,7.0080925,100.45692,,1,,100.45692,7.0080925
4890612258,7.0080252,100.4534374,,3,,100.4534374,7.0080252
4890612259,7.0088645,100.4551787,,3,,100.4551787,7.0088645
4890612260,7.0089444,100.4561284,,3,,100.4561284,7.0089444
4890612261,7.009133,100.456612,,1,,100.456612,7.009133
4890612266,6.9953335,100.4434204,,3,,100.4434204,6.9953335
4890612268,6.9960695,100.4427562,,3,,100.4427562,6.9960695
4890612290,7.0238495,100.456872,,4,,100.456872,7.0238495
4890612291,7.0246394,100.4568706,,1,,100.4568706,7.0246394
4890612319,6.9990854,100.4517679,,3,,100.4517679,6.9990854
4890612424,6.9957464,100.4302934,,3,,100.4302934,6.9957464
4890612454,6.9948847,100.4456823,,3,,100.4456823,6.9948847
4890612469,7.0102613,100.4563816,,1,,100.4563816,7.0102613
4890612470,6.9959304,100.4513684,,3,,100.4513684,6.9959304
4890612471,6.9956746,100.4507895,,1,,100.4507895,6.9956746
4890612482,7.0110087,100.4581246,,3,,100.4581246,7.0110087
4890612483,6.9950687,100.4455118,,3,,100.4455118,6.9950687
4890612484,7.001667,100.4518154,,1,,100.4518154,7.001667
4890612485,7.0024521,100.4515305,,3,,100.4515305,7.0024521
4890612486,7.0094339,100.4556969,,1,,100.4556969,7.0094339
4890612487,7.0241143,100.4513819,,3,,100.4513819,7.0241143
4890612497,7.0110949,100.455973,,1,,100.455973,7.0110949
4890612499,7.0103096,100.4585805,,3,,100.4585805,7.0103096
4890612503,7.0147923,100.4539825,,3,,100.4539825,7.0147923
4890612509,6.99508,100.4319498,,3,,100.4319498,6.99508
4890612519,7.0134057,100.4534864,,1,,100.4534864,7.0134057
4890612622,7.0014595,100.4584728,,3,,100.4584728,7.0014595
4890612632,7.0110366,100.4582169,,3,,100.4582169,7.0110366
4890612636,7.0133119,100.4588722,,3,,100.4588722,7.0133119
4890612652,6.9985334,100.4498471,,3,,100.4498471,6.9985334
4890612653,6.997932,100.4500759,,3,,100.4500759,6.997932
4890612655,7.0202959,100.4537708,,3,,100.4537708,7.0202959
4890612656,7.0132312,100.4540475,,3,,100.4540475,7.0132312
4890612660,7.0023186,100.4511645,,4,,100.4511645,7.0023186
4890612661,7.0006854,100.4512569,,3,,100.4512569,7.0006854
4890612678,7.0045561,100.4583291,,3,,100.4583291,7.0045561
4890612699,7.0099677,100.4587596,,3,,100.4587596,7.0099677
4890612753,6.9950506,100.4326069,,1,,100.4326069,6.9950506
4890612755,6.9949108,100.4438346,,3,,100.4438346,6.9949108
4890612757,6.9950644,100.44444,,3,,100.44444,6.9950644
4890612760,6.9948694,100.4445391,,3,,100.4445391,6.9948694
4890612777,6.9954266,100.4462098,,1,,100.4462098,6.9954266
4890612779,6.99645,100.4457539,,1,,100.4457539,6.99645
4890612795,6.9994844,100.4560375,,1,,100.4560375,6.9994844
4890612796,6.9996829,100.4558606,,1,,100.4558606,6.9996829
4890612797,6.9993592,100.4579237,,1,,100.4579237,6.9993592
4890612804,7.0003767,100.455902,,3,,100.455902,7.0003767
4890612808,7.0002001,100.4529175,,1,,100.4529175,7.0002001
4890612815,7.0077834,100.4571242,,3,,100.4571242,7.0077834
4890612823,7.0084064,100.455589,,1,,100.455589,7.0084064
4890612828,7.0085588,100.4545298,,3,,100.4545298,7.0085588
4890612829,7.0085408,100.4544631,,3,,100.4544631,7.0085408
4890612835,7.0092025,100.4548968,,1,,100.4548968,7.0092025
4890612839,7.0091337,100.4543869,,3,,100.4543869,7.0091337
4890612843,7.0107591,100.4563395,,1,,100.4563395,7.0107591
4890612848,7.0116947,100.4577538,,3,,100.4577538,7.0116947
4890612857,7.0121504,100.4551727,,3,,100.4551727,7.0121504
4890612858,7.0120965,100.4555885,,1,,100.4555885,7.0120965
4890612861,7.01326,100.4547988,,1,,100.4547988,7.01326
4890612863,7.0155056,100.4557282,,3,,100.4557282,7.0155056
4890612864,7.0202862,100.4529296,,1,,100.4529296,7.0202862
4890612867,7.0220169,100.4552533,,3,,100.4552533,7.0220169
4890612869,7.0229627,100.4542635,,3,,100.4542635,7.0229627
4890612870,7.0245734,100.4566455,,1,,100.4566455,7.0245734
4890612871,7.0241408,100.4517768,,3,,100.4517768,7.0241408
4890612874,7.0228391,100.4507753,,1,,100.4507753,7.0228391
4890612966,7.0014148,100.4501822,,1,,100.4501822,7.0014148
4890612971,6.9984451,100.4468693,,3,,100.4468693,6.9984451
4890613037,7.0117499,100.4578206,,3,,100.4578206,7.0117499
4890613040,7.0095978,100.4588403,,3,,100.4588403,7.0095978
4890613387,6.9951784,100.4322188,,4,,100.4322188,6.9951784
4890613570,7.0045582,100.4553042,,3,,100.4553042,7.0045582
4890613578,7.0134364,100.4540911,,3,,100.4540911,7.0134364
4890613581,7.0137533,100.4540654,,4,,100.4540654,7.0137533
4890613582,7.0137459,100.4546871,,3,,100.4546871,7.0137459
4890613583,7.0140683,100.4546673,,3,,100.4546673,7.0140683
4890613588,7.0219394,100.4536863,,3,,100.4536863,7.0219394
4890613589,7.0229629,100.454925,,1,,100.454925,7.0229629
4890613733,7.0148231,100.4545912,,1,,100.4545912,7.0148231
4890613738,7.0140328,100.4588976,,1,,100.4588976,7.0140328
4890613796,6.9996361,100.4515951,,1,,100.4515951,6.9996361
4890613803,6.9954243,100.4463099,,1,,100.4463099,6.9954243
4890613804,6.9947784,100.4449261,,1,,100.4449261,6.9947784
4893013045,7.0127764,100.4582911,,3,,100.4582911,7.0127764
4893016628,7.0108836,100.459089,,1,,100.459089,7.0108836
4893016630,7.011004,100.4604663,,3,,100.4604663,7.011004
4900464579,6.9987744,100.4890205,,4,,100.4890205,6.9987744
4900464580,7.0079891,100.4760178,,4,,100.4760178,7.0079891
4900464584,7.0072545,100.4767552,,3,,100.4767552,7.0072545
4900464587,7.0086417,100.4784834,,3,,100.4784834,7.0086417
4900464589,7.0139355,100.4904444,,3,,100.4904444,7.0139355
4900464590,7.0138367,100.4900955,,1,,100.4900955,7.0138367
4900464591,7.0087231,100.4674586,,1,,100.4674586,7.0087231
4900464592,7.0037797,100.4649882,,1,,100.4649882,7.0037797
4900464593,7.0042471,100.4647796,,3,,100.4647796,7.0042471
4900464594,7.0098561,100.4857995,,3,,100.4857995,7.0098561
4900464595,7.0098204,100.4852886,,4,,100.4852886,7.0098204
4900464596,7.0097645,100.4850268,,1,,100.4850268,7.0097645
4900464597,7.0088257,100.4760274,,3,,100.4760274,7.0088257
4900464598,7.0072148,100.4760142,,3,,100.4760142,7.0072148
4900464605,7.020515,100.4759934,,1,,100.4759934,7.020515
4900464606,7.020449,100.4754004,,3,,100.4754004,7.020449
4900464610,7.0131594,100.4950849,,1,,100.4950849,7.0131594
4900464613,6.996742,100.4645203,,3,,100.4645203,6.996742
4900464617,7.0027161,100.4646436,,3,,100.4646436,7.0027161
4900464618,7.0017916,100.4650206,,3,,100.4650206,7.0017916
4900465022,6.9963046,100.4825243,,3,,100.4825243,6.9963046
4900465023,6.9966395,100.4834792,,1,,100.4834792,6.9966395
4900465028,7.0065709,100.463529,,3,,100.463529,7.0065709
4900465029,7.0054537,100.4638537,,1,,100.4638537,7.0054537
4900465030,7.0022403,100.4832773,,3,,100.4832773,7.0022403
4900465031,7.0020653,100.4828823,,3,,100.4828823,7.0020653
4900465035,7.0025686,100.4839972,,3,,100.4839972,7.0025686
4900465043,6.9921918,100.4697336,,3,,100.4697336,6.9921918
4900465044,6.9920977,100.4693155,,1,,100.4693155,6.9920977
4900465046,6.9983718,100.4627497,,3,,100.4627497,6.9983718
4900465047,6.9978288,100.4627632,,1,,100.4627632,6.9978288
4900465052,7.0134523,100.4819247,,3,,100.4819247,7.0134523
4900465055,7.0145059,100.4711096,,3,,100.4711096,7.0145059
4900465056,7.0149602,100.4719759,,1,,100.4719759,7.0149602
4900465059,7.0149465,100.4837343,,1,,100.4837343,7.0149465
4900465060,7.0149614,100.4833875,,3,,100.4833875,7.0149614
4900465066,6.9987546,100.4901647,,3,,100.4901647,6.9987546
4900465067,7.0140659,100.4791978,,1,,100.4791978,7.0140659
4900465069,7.0136552,100.4794472,,3,,100.4794472,7.0136552
4900465070,7.0032277,100.4823528,,1,,100.4823528,7.0032277
4900465071,7.0031313,100.4819359,,3,,100.4819359,7.0031313
4900465077,6.9905045,100.4635261,,1,,100.4635261,6.9905045
4900465087,6.990141,100.4808044,,3,,100.4808044,6.990141
4900465088,6.9897245,100.4806377,,3,,100.4806377,6.9897245
4900465089,7.0071416,100.4623062,,1,,100.4623062,7.0071416
4900465090,7.0134331,100.4701188,,3,,100.4701188,7.0134331
4900465092,7.013092,100.4673184,,3,,100.4673184,7.013092
4900465094,7.0007055,100.4861719,,1,,100.4861719,7.0007055
4900465095,7.0004538,100.4863062,,3,,100.4863062,7.0004538
4900465096,6.9976313,100.4811949,,1,,100.4811949,6.9976313
4900465097,6.9967292,100.4811769,,3,,100.4811769,6.9967292
4900465098,7.0067521,100.4728311,,1,,100.4728311,7.0067521
4900465099,7.0075899,100.4725064,,3,,100.4725064,7.0075899
4900465100,7.0022628,100.4863649,,4,,100.4863649,7.0022628
4900465101,7.0026443,100.4861675,,3,,100.4861675,7.0026443
4900465106,6.9973132,100.4712056,,1,,100.4712056,6.9973132
4900465107,7.0264345,100.4678631,,1,,100.4678631,7.0264345
4900465108,7.0260748,100.4678559,,3,,100.4678559,7.0260748
4900465111,6.9947366,100.4678928,,3,,100.4678928,6.9947366
4900465114,6.994611,100.4689834,,1,,100.4689834,6.994611
4900465115,6.9946736,100.4693207,,4,,100.4693207,6.9946736
4900465117,6.9949382,100.4630893,,1,,100.4630893,6.9949382
4900465119,6.9948409,100.462654,,4,,100.462654,6.9948409
4900465122,7.0043362,100.4911984,,1,,100.4911984,7.0043362
4900465123,7.0168484,100.4783316,,3,,100.4783316,7.0168484
4900465124,7.0163458,100.4772394,,3,,100.4772394,7.0163458
4900465125,6.9963657,100.4747009,,3,,100.4747009,6.9963657
4900465127,6.9975126,100.4743928,,3,,100.4743928,6.9975126
4900465128,6.9978692,100.474297,,3,,100.474297,6.9978692
4900465129,6.9977833,100.4739017,,4,,100.4739017,6.9977833
4900465132,6.9942295,100.4710702,,1,,100.4710702,6.9942295
4900465140,6.988477,100.4688342,,3,,100.4688342,6.988477
4900465142,6.9879536,100.4673049,,1,,100.4673049,6.9879536
4900465145,7.0031066,100.4851311,,3,,100.4851311,7.0031066
4900465148,7.0027971,100.4839543,,3,,100.4839543,7.0027971
4900465149,6.999537,100.4695463,,3,,100.4695463,6.999537
4900465150,7.0007589,100.469339,,3,,100.469339,7.0007589
4900465151,6.9907155,100.4792965,,3,,100.4792965,6.9907155
4900465152,6.9903071,100.479135,,4,,100.479135,6.9903071
4900465153,6.9899239,100.4789793,,3,,100.4789793,6.9899239
4900465154,6.98982,100.4792561,,1,,100.4792561,6.98982
4900465156,6.9968014,100.4628379,,3,,100.4628379,6.9968014
4900465157,6.9969457,100.4636049,,1,,100.4636049,6.9969457
4900465159,7.0207439,100.4765993,,3,,100.4765993,7.0207439
4900465166,7.0067018,100.4753863,,3,,100.4753863,7.0067018
4900465167,7.0018095,100.4870112,,3,,100.4870112,7.0018095
4900465168,7.0024244,100.4867509,,3,,100.4867509,7.0024244
4900465170,7.0152462,100.4697104,,1,,100.4697104,7.0152462
4900465171,7.0143576,100.4678479,,1,,100.4678479,7.0143576
4900465173,7.0227481,100.4752329,,3,,100.4752329,7.0227481
4900465174,7.0227903,100.4754549,,1,,100.4754549,7.0227903
4900465177,6.9953391,100.4815395,,1,,100.4815395,6.9953391
4900465179,7.0008356,100.4880613,,1,,100.4880613,7.0008356
4900465180,7.0008536,100.4889858,,3,,100.4889858,7.0008536
4900465181,7.0120937,100.4693501,,3,,100.4693501,7.0120937
4900465182,7.0126792,100.4693424,,3,,100.4693424,7.0126792
4900465183,7.0213601,100.4696509,,1,,100.4696509,7.0213601
4900465184,7.0216342,100.4696655,,3,,100.4696655,7.0216342
4900465186,6.9921827,100.47648,,3,,100.47648,6.9921827
4900465187,7.0265288,100.4993573,,1,,100.4993573,7.0265288
4900465188,7.0094524,100.4858309,,1,,100.4858309,7.0094524
4900465197,7.0043578,100.4657473,,3,,100.4657473,7.0043578
4900465206,7.0222462,100.4703276,,3,,100.4703276,7.0222462
4900465208,7.002936,100.4725423,,3,,100.4725423,7.002936
4900465209,7.0037124,100.472448,,3,,100.472448,7.0037124
4900465210,7.0021012,100.4751228,,3,,100.4751228,7.0021012
4900465211,6.9938435,100.467471,,1,,100.467471,6.9938435
4900465217,7.0251644,100.4754504,,3,,100.4754504,7.0251644
4900465219,7.0034072,100.4776405,,3,,100.4776405,7.0034072
4900465223,7.002101,100.4599556,,1,,100.4599556,7.002101
4900465224,7.0024432,100.4903008,,1,,100.4903008,7.0024432
4900465225,7.0029907,100.4901751,,3,,100.4901751,7.0029907
4900465229,7.0220132,100.462937,,3,,100.462937,7.0220132
4900465230,7.0180159,100.4829569,,1,,100.4829569,7.0180159
4900465231,7.0179862,100.4825957,,3,,100.4825957,7.0179862
4900465232,7.0159854,100.4942727,,1,,100.4942727,7.0159854
4900465233,7.0159449,100.4947888,,3,,100.4947888,7.0159449
4900465234,7.003714,100.4665193,,3,,100.4665193,7.003714
4900465235,7.0035239,100.4659496,,1,,100.4659496,7.0035239
4900465236,7.0100627,100.4619239,,3,,100.4619239,7.0100627
4900465237,7.0102275,100.4630337,,1,,100.4630337,7.0102275
4900465239,7.0086122,100.460315,,1,,100.460315,7.0086122
4900465240,7.0089856,100.4609725,,3,,100.4609725,7.0089856
4900465242,7.0101749,100.4857501,,1,,100.4857501,7.0101749
4900465243,7.0104756,100.4857097,,3,,100.4857097,7.0104756
4900465244,7.0042517,100.4796545,,3,,100.4796545,7.0042517
4900465247,7.0204039,100.4581918,,1,,100.4581918,7.0204039
4900465270,6.9895397,100.4680409,,1,,100.4680409,6.9895397
4900465271,6.9896349,100.4686996,,3,,100.4686996,6.9896349
4900465277,7.0087433,100.4868002,,3,,100.4868002,7.0087433
4900465278,6.9956925,100.4752709,,1,,100.4752709,6.9956925
4900465279,7.0204387,100.4793369,,1,,100.4793369,7.0204387
4900465280,7.0208202,100.479319,,3,,100.479319,7.0208202
4900465284,7.0025365,100.484664,,3,,100.484664,7.0025365
4900465285,7.0181881,100.4929471,,1,,100.4929471,7.0181881
4900465286,7.0084381,100.4686692,,1,,100.4686692,7.0084381
4900465287,7.0083426,100.4679721,,3,,100.4679721,7.0083426
4900465296,6.9955626,100.4876149,,3,,100.4876149,6.9955626
4900465297,6.9960471,100.4878773,,1,,100.4878773,6.9960471
4900465301,6.9917335,100.4776717,,3,,100.4776717,6.9917335
4900465305,7.0025141,100.4858264,,3,,100.4858264,7.0025141
4900465306,7.0032104,100.4857519,,3,,100.4857519,7.0032104
4900465308,7.0102311,100.4671093,,1,,100.4671093,7.0102311
4900465318,7.0056222,100.4618802,,3,,100.4618802,7.0056222
4900465319,7.0152956,100.4693469,,1,,100.4693469,7.0152956
4900465326,7.0093402,100.462808,,1,,100.462808,7.0093402
4900465328,7.0096878,100.4836964,,3,,100.4836964,7.0096878
4900465333,6.9980495,100.4763059,,4,,100.4763059,6.9980495
4900465334,7.0152013,100.4680723,,1,,100.4680723,7.0152013
4900465339,7.0088286,100.48356,,3,,100.48356,7.0088286
4900465340,7.0082092,100.483578,,1,,100.483578,7.0082092
4900465342,7.0010209,100.4650147,,3,,100.4650147,7.0010209
4900465343,7.0007369,100.4816123,,1,,100.4816123,7.0007369
4900465344,6.9922548,100.4675113,,1,,100.4675113,6.9922548
4900465345,6.9922469,100.4683181,,3,,100.4683181,6.9922469
4900465352,6.9995207,100.4623278,,3,,100.4623278,6.9995207
4900465354,6.9899957,100.479933,,3,,100.479933,6.9899957
4900465356,6.9904193,100.4788388,,1,,100.4788388,6.9904193
4900465360,7.0004003,100.4611879,,3,,100.4611879,7.0004003
4900465361,7.0007504,100.4609949,,1,,100.4609949,7.0007504
4900465363,7.0094928,100.4723627,,4,,100.4723627,7.0094928
4900465364,7.0094389,100.4717569,,3,,100.4717569,7.0094389
4900465366,7.0219582,100.494247,,3,,100.494247,7.0219582
4900465367,6.9950418,100.464868,,3,,100.464868,6.9950418
4900465368,6.9954423,100.4648018,,3,,100.4648018,6.9954423
4900465370,7.0130965,100.4704554,,1,,100.4704554,7.0130965
4900465371,7.0190345,100.4768506,,4,,100.4768506,7.0190345
4900465372,7.0190822,100.477457,,1,,100.477457,7.0190822
4900465375,6.9887403,100.4682538,,3,,100.4682538,6.9887403
4900465376,7.0153135,100.4689789,,1,,100.4689789,7.0153135
4900465377,7.0065167,100.4829633,,3,,100.4829633,7.0065167
4900465380,7.0062161,100.4674659,,3,,100.4674659,7.0062161
4900465381,7.0063334,100.4682422,,3,,100.4682422,7.0063334
4900465387,7.018491,100.4758678,,3,,100.4758678,7.018491
4900465393,7.0175126,100.4679422,,3,,100.4679422,7.0175126
4900465395,7.0109334,100.4832818,,1,,100.4832818,7.0109334
4900465396,7.0201434,100.4750596,,3,,100.4750596,7.0201434
4900465397,7.0199312,100.4744711,,1,,100.4744711,7.0199312
4900465398,7.0168679,100.4652262,,3,,100.4652262,7.0168679
4900465399,7.0201422,100.4735719,,3,,100.4735719,7.0201422
4900465403,7.0170398,100.4875367,,1,,100.4875367,7.0170398
4900465404,7.0169195,100.4879674,,3,,100.4879674,7.0169195
4900465408,6.9951109,100.4626126,,3,,100.4626126,6.9951109
4900465412,6.9924334,100.4795202,,1,,100.4795202,6.9924334
4900465414,7.0033995,100.4665561,,3,,100.4665561,7.0033995
4900465425,7.0007323,100.4830486,,3,,100.4830486,7.0007323
4900465431,6.9900706,100.4666586,,3,,100.4666586,6.9900706
4900465436,7.0166734,100.487433,,1,,100.487433,7.0166734
4900465437,7.0211102,100.4741443,,3,,100.4741443,7.0211102
4900465438,7.0212927,100.4751789,,4,,100.4751789,7.0212927
4900465439,7.0212914,100.4756299,,1,,100.4756299,7.0212914
4900465440,7.0102467,100.4820745,,1,,100.4820745,7.0102467
4900465441,7.0105743,100.4820566,,3,,100.4820566,7.0105743
4900465448,7.0172074,100.4873926,,1,,100.4873926,7.0172074
4900465449,7.0173645,100.4867554,,3,,100.4867554,7.0173645
4900465450,7.004206,100.4852115,,1,,100.4852115,7.004206
4900465451,7.0085994,100.4788935,,1,,100.4788935,7.0085994
4900465453,7.0037303,100.4850096,,3,,100.4850096,7.0037303
4900465454,7.0179084,100.4817874,,3,,100.4817874,7.0179084
4900465455,7.0179665,100.4824688,,3,,100.4824688,7.0179665
4900465457,6.9958559,100.4635096,,3,,100.4635096,6.9958559
4900465469,7.0264525,100.4682159,,1,,100.4682159,7.0264525
4900465470,7.0261152,100.4682043,,3,,100.4682043,7.0261152
4900465471,7.0048972,100.4726679,,3,,100.4726679,7.0048972
4900465472,7.0049424,100.4731341,,4,,100.4731341,7.0049424
4900465473,7.0049485,100.4735681,,3,,100.4735681,7.0049485
4900465474,6.9922732,100.4795812,,1,,100.4795812,6.9922732
4900465475,6.9916624,100.4793549,,3,,100.4793549,6.9916624
4900465476,7.0010017,100.4625118,,3,,100.4625118,7.0010017
4900465477,7.0015178,100.4623009,,1,,100.4623009,7.0015178
4900465480,7.0197414,100.4783793,,3,,100.4783793,7.0197414
4900465483,7.0207125,100.4788118,,1,,100.4788118,7.0207125
4900465484,7.0184313,100.4745367,,3,,100.4745367,7.0184313
4900465485,7.0178523,100.473204,,3,,100.473204,7.0178523
4900465486,7.0215952,100.4750935,,3,,100.4750935,7.0215952
4900465487,7.0216837,100.475706,,1,,100.475706,7.0216837
4900465493,7.0139926,100.4895016,,3,,100.4895016,7.0139926
4900465494,7.0143032,100.4904268,,3,,100.4904268,7.0143032
4900465500,7.0190137,100.4762916,,1,,100.4762916,7.0190137
4900465501,7.018924,100.4757666,,3,,100.4757666,7.018924
4900465504,7.005268,100.4676656,,3,,100.4676656,7.005268
4900465508,6.9981384,100.4664208,,1,,100.4664208,6.9981384
4900465510,7.0194986,100.4943018,,3,,100.4943018,7.0194986
4900465511,7.0187209,100.4942945,,1,,100.4942945,7.0187209
4900465513,7.0073296,100.4712004,,3,,100.4712004,7.0073296
4900465514,6.9942385,100.4690597,,1,,100.4690597,6.9942385
4900465515,6.9942808,100.4693818,,4,,100.4693818,6.9942808
4900465516,6.9943401,100.4696762,,1,,100.4696762,6.9943401
4900465517,7.0108975,100.4721743,,3,,100.4721743,7.0108975
4900465518,7.0150577,100.4710613,,3,,100.4710613,7.0150577
4900465621,7.0152687,100.4685256,,1,,100.4685256,7.0152687
4900465626,7.016384,100.4882269,,1,,100.4882269,7.016384
4900465629,7.0249094,100.4723187,,4,,100.4723187,7.0249094
4900465630,7.0253637,100.4723947,,1,,100.4723947,7.0253637
4900465633,7.0165941,100.4926555,,1,,100.4926555,7.0165941
4900465635,7.0254831,100.469311,,1,,100.469311,7.0254831
4900465636,6.9973934,100.4612149,,1,,100.4612149,6.9973934
4900465637,6.9977159,100.4621847,,3,,100.4621847,6.9977159
4900465639,7.0166285,100.4736597,,3,,100.4736597,7.0166285
4900465640,7.0172151,100.4749227,,3,,100.4749227,7.0172151
4900465641,7.0018095,100.4823932,,1,,100.4823932,7.0018095
4900465643,7.0216742,100.4750757,,3,,100.4750757,7.0216742
4900465644,7.0215607,100.4744137,,1,,100.4744137,7.0215607
4900465646,6.9932359,100.4757759,,3,,100.4757759,6.9932359
4900465647,6.9926809,100.4762014,,3,,100.4762014,6.9926809
4900465654,6.9990315,100.4634588,,3,,100.4634588,6.9990315
4900465655,6.9984784,100.4636575,,3,,100.4636575,6.9984784
4900465657,6.9985199,100.4641499,,1,,100.4641499,6.9985199
4900465666,7.0204668,100.4749604,,3,,100.4749604,7.0204668
4900465667,7.0203767,100.4745988,,1,,100.4745988,7.0203767
4900465672,7.0117412,100.4644461,,3,,100.4644461,7.0117412
4900465673,7.0121092,100.4644416,,1,,100.4644416,7.0121092
4900465678,6.990904,100.4636697,,1,,100.4636697,6.990904
4900465684,7.0008491,100.4875542,,1,,100.4875542,7.0008491
4900465690,7.0002388,100.4627452,,1,,100.4627452,7.0002388
4900465693,7.0177974,100.4802921,,1,,100.4802921,7.0177974
4900465694,6.9971168,100.4687432,,1,,100.4687432,6.9971168
4900465695,6.99057,100.4762295,,1,,100.4762295,6.99057
4900465696,6.9986904,100.4622785,,1,,100.4622785,6.9986904
4900465707,7.0072982,100.4783271,,3,,100.4783271,7.0072982
4900465709,7.0004587,100.462256,,1,,100.462256,7.0004587
4900465712,6.9905777,100.4673806,,3,,100.4673806,6.9905777
4900465714,6.9900457,100.4671185,,3,,100.4671185,6.9900457
4900465715,7.0134217,100.466817,,3,,100.466817,7.0134217
4900465716,7.0244464,100.4800998,,1,,100.4800998,7.0244464
4900465717,7.0178606,100.491917,,3,,100.491917,7.0178606
4900465922,7.0219006,100.4703635,,3,,100.4703635,7.0219006
4900465949,7.0025218,100.4803742,,4,,100.4803742,7.0025218
4900465967,6.9985962,100.4868002,,3,,100.4868002,6.9985962
4900465974,7.0167574,100.4644717,,1,,100.4644717,7.0167574
4900465977,6.9885522,100.4829758,,3,,100.4829758,6.9885522
4900465989,7.0101087,100.470702,,3,,100.470702,7.0101087
4900465999,7.0066732,100.4767217,,3,,100.4767217,7.0066732
4900466002,7.0039098,100.4780711,,1,,100.4780711,7.0039098
4900466011,7.0298202,100.4789549,,1,,100.4789549,7.0298202
4900466012,7.0093961,100.4590449,,3,,100.4590449,7.0093961
4900466014,7.0012664,100.4657607,,3,,100.4657607,7.0012664
4900466019,7.0182665,100.4942961,,1,,100.4942961,7.0182665
4900466223,7.0014239,100.4841602,,3,,100.4841602,7.0014239
4900466226,6.9970663,100.476439,,3,,100.476439,6.9970663
4900466227,6.992153,100.4758036,,3,,100.4758036,6.992153
4900466234,6.9951144,100.4874537,,3,,100.4874537,6.9951144
4900466240,6.9958688,100.48815,,1,,100.48815,6.9958688
4900466243,7.0053412,100.4683871,,3,,100.4683871,7.0053412
4900466244,7.0045156,100.4664065,,3,,100.4664065,7.0045156
4900466247,7.0065307,100.4618766,,1,,100.4618766,7.0065307
4900466251,7.0130587,100.4591252,,3,,100.4591252,7.0130587
4900466254,7.019612,100.4971312,,3,,100.4971312,7.019612
4900466255,7.0148869,100.4755559,,1,,100.4755559,7.0148869
4900466256,7.0148923,100.4757773,,3,,100.4757773,7.0148923
4900466268,7.0196746,100.4958733,,3,,100.4958733,7.0196746
4900466270,6.9950743,100.4679479,,1,,100.4679479,6.9950743
4900466276,6.9999451,100.4621294,,1,,100.4621294,6.9999451
4900466280,6.994897,100.4616985,,1,,100.4616985,6.994897
4900466295,7.0127171,100.4706904,,3,,100.4706904,7.0127171
4900466297,7.0135386,100.4709912,,3,,100.4709912,7.0135386
4900466299,7.0145852,100.469441,,3,,100.469441,7.0145852
4900466300,7.0146258,100.4697814,,3,,100.4697814,7.0146258
4900466302,7.0148119,100.4710752,,3,,100.4710752,7.0148119
4900466303,7.0144757,100.4686558,,3,,100.4686558,7.0144757
4900466304,7.0145382,100.4690762,,3,,100.4690762,7.0145382
4900466305,7.0144165,100.4682074,,3,,100.4682074,7.0144165
4900466310,7.020745,100.4774545,,1,,100.4774545,7.020745
4900466313,7.0261649,100.4993447,,3,,100.4993447,7.0261649
4900466446,7.0200438,100.4732788,,1,,100.4732788,7.0200438
4900466448,7.007917,100.4752638,,4,,100.4752638,7.007917
4900490240,7.0127654,100.4591,,4,,100.4591,7.0127654
4902418325,6.9854663,100.466255,,3,,100.466255,6.9854663
4902418332,6.9851113,100.4655237,,3,,100.4655237,6.9851113
4902418333,6.9857833,100.4652854,,3,,100.4652854,6.9857833
4902418362,6.9849492,100.4651994,,3,,100.4651994,6.9849492
4902418363,6.9856756,100.4649308,,3,,100.4649308,6.9856756
4902418423,6.9867976,100.4657611,,1,,100.4657611,6.9867976
4902418531,6.985162,100.4664106,,1,,100.4664106,6.985162
4902418532,6.984946,100.4626504,,1,,100.4626504,6.984946
4903690229,7.0431835,100.50418,,3,,100.50418,7.0431835
4919945019,7.0066403,100.4643798,,3,,100.4643798,7.0066403
4919946734,7.0052582,100.4636401,,1,,100.4636401,7.0052582
4919946741,7.006396,100.4632017,,3,,100.4632017,7.006396
5149825984,7.0090671,100.4786303,,4,,100.4786303,7.0090671
5460390601,6.9952196,100.4433091,,3,,100.4433091,6.9952196
5460390606,6.9955442,100.44444,,1,,100.44444,6.9955442
5460390609,7.0001771,100.4425815,,3,,100.4425815,7.0001771
5460390610,7.0000562,100.4422001,,4,,100.4422001,7.0000562
5460390611,6.9999139,100.4417933,,3,,100.4417933,6.9999139
5460392224,7.0104322,100.4564053,,1,,100.4564053,7.0104322
5460392235,7.0125356,100.4573821,,3,,100.4573821,7.0125356
5460392236,7.0133052,100.4591385,,3,,100.4591385,7.0133052
5474394777,7.0084412,100.4556633,,1,,100.4556633,7.0084412
5474395582,6.995725,100.4871723,,3,,100.4871723,6.995725
5474395583,6.9948997,100.4883171,,3,,100.4883171,6.9948997
5474395587,6.9894615,100.4813803,,1,,100.4813803,6.9894615
5474395588,6.9897792,100.4804944,,1,,100.4804944,6.9897792
5474395589,6.9898189,100.4804001,,1,,100.4804001,6.9898189
5474395590,6.990007,100.4787571,,1,,100.4787571,6.990007
5474395591,6.9980808,100.47455,,3,,100.47455,6.9980808
5474395595,6.9973001,100.4727566,,1,,100.4727566,6.9973001
5474395596,6.9965847,100.473036,,1,,100.473036,6.9965847
6415501710,6.9970473,100.46575,,3,,100.46575,6.9970473
6420376579,7.0014602,100.4906187,,3,,100.4906187,7.0014602
6422302582,6.9983557,100.4818326,,3,,100.4818326,6.9983557
6422927097,7.0015974,100.4907153,,3,,100.4907153,7.0015974
6422927098,7.0015252,100.4908338,,4,,100.4908338,7.0015252
6487100755,6.9928387,100.4838016,,4,,100.4838016,6.9928387
6630248218,6.9980761,100.4885191,,3,,100.4885191,6.9980761
6634515717,7.0036587,100.4898757,,1,,100.4898757,7.0036587
6634515718,7.0037915,100.4845136,,1,,100.4845136,7.0037915
6634515719,7.00373,100.4837741,,3,,100.4837741,7.00373
6634523512,7.000724,100.490114,,3,,100.490114,7.000724
6634523513,7.0006029,100.4898625,,1,,100.4898625,7.0006029
6634630594,7.0105369,100.4703752,,3,,100.4703752,7.0105369
6634630595,7.0049971,100.469721,,1,,100.469721,7.0049971
6634630596,7.01006,100.4702142,,4,,100.4702142,7.01006
6634630597,7.004941,100.4693365,,3,,100.4693365,7.004941
6634648309,7.0147109,100.4794878,,3,,100.4794878,7.0147109
6634655045,7.0124554,100.4777226,,1,,100.4777226,7.0124554
6634655051,7.0097174,100.4711362,,1,,100.4711362,7.0097174
6634656806,7.0117873,100.4785174,,3,,100.4785174,7.0117873
6634718715,7.0229176,100.4822221,,3,,100.4822221,7.0229176
6634718717,7.0230643,100.4835721,,3,,100.4835721,7.0230643
6634755646,7.0263678,100.5008686,,3,,100.5008686,7.0263678
6634755647,7.0263948,100.5001211,,1,,100.5001211,7.0263948
6634819000,7.0229401,100.4980459,,3,,100.4980459,7.0229401
6634819001,7.0233469,100.4980296,,1,,100.4980296,7.0233469
6634869945,7.0299027,100.4768745,,3,,100.4768745,7.0299027
6634880456,7.0235633,100.4761958,,1,,100.4761958,7.0235633
6634880457,7.0235622,100.4764732,,1,,100.4764732,7.0235622
6634880458,7.0235991,100.4766792,,1,,100.4766792,7.0235991
6634925539,7.0218256,100.466184,,3,,100.466184,7.0218256
6634925540,7.0217613,100.468255,,3,,100.468255,7.0217613
6634926818,7.0149333,100.4700915,,1,,100.4700915,7.0149333
6634926819,7.0145957,100.4671157,,3,,100.4671157,7.0145957
6634926820,7.0185636,100.4744969,,3,,100.4744969,7.0185636
6634926821,7.0146599,100.4677359,,1,,100.4677359,7.0146599
6634990420,7.0255315,100.4753552,,3,,100.4753552,7.0255315
6634990421,7.0253016,100.4739936,,3,,100.4739936,7.0253016
6634990422,7.0212592,100.4764636,,3,,100.4764636,7.0212592
6634990423,7.0213385,100.4770628,,1,,100.4770628,7.0213385
6636202692,6.9979181,100.4870027,,1,,100.4870027,6.9979181
6636332746,6.9979632,100.4731256,,3,,100.4731256,6.9979632
6636512227,6.9897279,100.4793854,,1,,100.4793854,6.9897279
6636716600,6.9990354,100.4904075,,3,,100.4904075,6.9990354
6636840466,6.9900316,100.4656318,,3,,100.4656318,6.9900316
6636891346,7.0179127,100.4626769,,1,,100.4626769,7.0179127
6636975120,7.0074063,100.4537658,,3,,100.4537658,7.0074063
6636975122,7.0075874,100.4539865,,1,,100.4539865,7.0075874
6637201356,6.9991662,100.4657122,,3,,100.4657122,6.9991662
6731316373,7.0148625,100.4573411,,1,,100.4573411,7.0148625
6822890779,7.0102517,100.4677101,,3,,100.4677101,7.0102517
7179323095,7.0148912,100.4741889,,3,,100.4741889,7.0148912
7179323096,7.0149944,100.4745994,,1,,100.4745994,7.0149944
7194216498,7.0031573,100.4584389,,4,,100.4584389,7.0031573
8254104117,7.0204909,100.4831675,,1,,100.4831675,7.0204909
8254104118,7.0205763,100.483796,,3,,100.483796,7.0205763
8254104119,7.0206353,100.4841529,,3,,100.4841529,7.0206353
8254104120,7.020639,100.4854977,,1,,100.4854977,7.020639
8348355063,7.0090305,100.4615029,,3,,100.4615029,7.0090305
8348355064,7.0086,100.461713,,1,,100.461713,7.0086
8348355065,7.0088747,100.4611667,,3,,100.4611667,7.0088747
8348355066,7.0084346,100.4613934,,1,,100.4613934,7.0084346
8348444496,7.0102144,100.4600521,,1,,100.4600521,7.0102144
8348684821,7.0164538,100.4897439,,1,,100.4897439,7.0164538
8348748939,7.0217513,100.4823671,,3,,100.4823671,7.0217513
8348748940,7.0218602,100.483283,,1,,100.483283,7.0218602
8348860151,7.0012697,100.4542574,,3,,100.4542574,7.0012697
8348860155,7.0004275,100.4546612,,3,,100.4546612,7.0004275
8348860156,7.0005755,100.4546097,,1,,100.4546097,7.0005755
8348860157,6.9999824,100.454816,,3,,100.454816,6.9999824
8348961008,7.0092661,100.4700538,,3,,100.4700538,7.0092661
8348961009,7.0094509,100.4711036,,3,,100.4711036,7.0094509
8349020071,7.0138489,100.4672086,,3,,100.4672086,7.0138489
8349020072,7.0139158,100.4677723,,1,,100.4677723,7.0139158
8349020076,7.014121,100.4671719,,3,,100.4671719,7.014121
8349020077,7.0141748,100.467651,,1,,100.467651,7.0141748
8349052655,7.0263021,100.4666448,,3,,100.4666448,7.0263021
8349052656,7.0264234,100.4676425,,1,,100.4676425,7.0264234
8359542886,6.9908788,100.4678427,,3,,100.4678427,6.9908788
8359542887,6.9908925,100.4682337,,3,,100.4682337,6.9908925
8359542888,6.990676,100.4678208,,3,,100.4678208,6.990676
8359542889,6.9907005,100.4682557,,3,,100.4682557,6.9907005
8360328388,7.0175469,100.485606,,1,,100.485606,7.0175469
8360328389,7.0175631,100.4859588,,3,,100.4859588,7.0175631
8360675868,7.0216729,100.4732353,,3,,100.4732353,7.0216729
8360675869,7.0220702,100.4731478,,1,,100.4731478,7.0220702
8360691824,7.0266584,100.47443,,1,,100.47443,7.0266584
8360691825,7.0267354,100.4750442,,3,,100.4750442,7.0267354
8360741883,6.9917054,100.4765632,,3,,100.4765632,6.9917054
8360741886,6.9904119,100.4771387,,3,,100.4771387,6.9904119
8360741887,6.9902676,100.4771454,,1,,100.4771454,6.9902676
8360741889,6.9902465,100.4775659,,3,,100.4775659,6.9902465
8360741893,6.9899191,100.478309,,1,,100.478309,6.9899191
8360807203,7.0194086,100.4768185,,3,,100.4768185,7.0194086
8360807204,7.0194537,100.4774554,,1,,100.4774554,7.0194537
8360827888,7.0204499,100.4766729,,3,,100.4766729,7.0204499
8360827889,7.0204273,100.4774145,,1,,100.4774145,7.0204273
8360838918,7.0223191,100.4770427,,1,,100.4770427,7.0223191
8363112318,7.0277255,100.474791,,3,,100.474791,7.0277255
8363112319,7.027913,100.4760082,,1,,100.4760082,7.027913
8363189524,6.9950411,100.4666209,,1,,100.4666209,6.9950411
8363189525,6.994583,100.4666484,,4,,100.4666484,6.994583
8363189526,6.9940896,100.4666531,,3,,100.4666531,6.9940896
8363189527,6.9949569,100.466356,,1,,100.466356,6.9949569
8363189528,6.9945767,100.4663916,,4,,100.4663916,6.9945767
8363189529,6.9948378,100.4660809,,1,,100.4660809,6.9948378
8363189530,6.9945582,100.4661063,,4,,100.4661063,6.9945582
8363189531,6.9942113,100.4660989,,1,,100.4660989,6.9942113
8363189532,6.99426,100.4663792,,1,,100.4663792,6.99426
8363189533,6.9950296,100.4668347,,1,,100.4668347,6.9950296
8363189534,6.9942476,100.4668175,,1,,100.4668175,6.9942476
8363189535,6.9948187,100.4659269,,1,,100.4659269,6.9948187
8363189536,6.9945509,100.4659659,,4,,100.4659659,6.9945509
8363189537,6.9942888,100.4659649,,1,,100.4659649,6.9942888
8363233377,7.0010929,100.4553897,,3,,100.4553897,7.0010929
8363233378,7.0002753,100.4556281,,3,,100.4556281,7.0002753
8363289258,7.0207166,100.4761733,,1,,100.4761733,7.0207166
8363289259,7.0200387,100.4763305,,3,,100.4763305,7.0200387
8363308288,7.0086418,100.479582,,3,,100.479582,7.0086418
8363308289,7.0087297,100.4801772,,1,,100.4801772,7.0087297
8363308291,7.0085453,100.4802608,,1,,100.4802608,7.0085453
8363316256,6.9941832,100.4758592,,3,,100.4758592,6.9941832
8363316257,6.993565,100.4751353,,1,,100.4751353,6.993565
8363316259,6.9939587,100.4755768,,3,,100.4755768,6.9939587
8363355368,7.0029413,100.4851622,,3,,100.4851622,7.0029413
8363391536,7.0224827,100.4761661,,3,,100.4761661,7.0224827
8363391537,7.0226223,100.4770249,,1,,100.4770249,7.0226223
8364230681,6.9957607,100.4449982,,3,,100.4449982,6.9957607
8364230682,6.9961594,100.4457651,,1,,100.4457651,6.9961594
8364230683,6.9953844,100.4452538,,3,,100.4452538,6.9953844
8364230684,6.9957614,100.4459636,,1,,100.4459636,6.9957614
8364234952,6.9959751,100.4423232,,1,,100.4423232,6.9959751
8364234953,6.9958089,100.4424933,,3,,100.4424933,6.9958089
8364234954,6.996472,100.4429205,,1,,100.4429205,6.996472
8364234956,6.9966333,100.4433284,,3,,100.4433284,6.9966333
8364261453,7.0224587,100.4753127,,3,,100.4753127,7.0224587
8364261455,7.0221282,100.4758363,,3,,100.4758363,7.0221282
8364262884,6.9947537,100.4436576,,3,,100.4436576,6.9947537
8523287979,7.0081726,100.4873313,,1,,100.4873313,7.0081726
8523307708,7.0095651,100.4700595,,3,,100.4700595,7.0095651
8523314741,7.0058558,100.4837398,,1,,100.4837398,7.0058558
8523314742,7.0053985,100.4837655,,3,,100.4837655,7.0053985
8523321638,7.0032763,100.4838523,,3,,100.4838523,7.0032763
8523326825,7.0063371,100.4816036,,3,,100.4816036,7.0063371
8523326826,7.006684,100.4815503,,3,,100.4815503,7.006684
8523328981,7.0084701,100.4820755,,1,,100.4820755,7.0084701
8523328986,7.0083313,100.4813212,,3,,100.4813212,7.0083313
8523328987,7.0084994,100.4832208,,1,,100.4832208,7.0084994
8523328990,7.0082498,100.4839734,,1,,100.4839734,7.0082498
8523328991,7.008824,100.4839976,,3,,100.4839976,7.008824
8523329815,7.0089959,100.4706272,,1,,100.4706272,7.0089959
8523329816,7.0088778,100.4701216,,3,,100.4701216,7.0088778
8523333971,7.0081934,100.473946,,1,,100.473946,7.0081934
8523333972,7.0086454,100.4738754,,3,,100.4738754,7.0086454
8523334139,7.0076557,100.4729263,,3,,100.4729263,7.0076557
8523334169,7.0126785,100.4691339,,3,,100.4691339,7.0126785
8523334172,7.0132931,100.4690713,,3,,100.4690713,7.0132931
8523334173,7.0126832,100.468759,,3,,100.468759,7.0126832
8523334176,7.0132515,100.46871,,3,,100.46871,7.0132515
8523343957,7.0141298,100.4681743,,1,,100.4681743,7.0141298
8523343958,7.0135982,100.4682451,,3,,100.4682451,7.0135982
8523344319,7.0060549,100.471297,,3,,100.471297,7.0060549
8523363323,7.0155441,100.4673555,,1,,100.4673555,7.0155441
8523363326,7.0156877,100.4669821,,3,,100.4669821,7.0156877
8523405554,7.0177956,100.4741288,,1,,100.4741288,7.0177956
8523405555,7.0180006,100.474675,,3,,100.474675,7.0180006
8523406712,7.0117565,100.4730056,,1,,100.4730056,7.0117565
8523406713,7.0110379,100.4731558,,3,,100.4731558,7.0110379
8523431061,7.0098637,100.4762202,,1,,100.4762202,7.0098637
8523431062,7.0104273,100.4761999,,3,,100.4761999,7.0104273
8523431063,7.0098171,100.475826,,1,,100.475826,7.0098171
8523431064,7.010493,100.4759344,,3,,100.4759344,7.010493
8523449429,7.0102783,100.482506,,1,,100.482506,7.0102783
8523449430,7.0105927,100.4824839,,3,,100.4824839,7.0105927
8523461356,7.0145688,100.4739297,,3,,100.4739297,7.0145688
8523461357,7.0151543,100.473724,,3,,100.473724,7.0151543
8523748243,7.0189509,100.4792525,,1,,100.4792525,7.0189509
8523748245,7.0181177,100.479705,,3,,100.479705,7.0181177
8523765860,7.0145205,100.4942004,,1,,100.4942004,7.0145205
8523765861,7.0141003,100.4941702,,3,,100.4941702,7.0141003
8523766367,7.0150104,100.4932087,,1,,100.4932087,7.0150104
8523766368,7.0149851,100.4936254,,3,,100.4936254,7.0149851
8523772945,7.0141279,100.4918816,,1,,100.4918816,7.0141279
8523772946,7.0141716,100.4920786,,3,,100.4920786,7.0141716
8523777679,7.0134663,100.4875747,,1,,100.4875747,7.0134663
8523777680,7.0135112,100.4879937,,3,,100.4879937,7.0135112
8523781986,7.0165816,100.4941515,,1,,100.4941515,7.0165816
8523781992,7.0164528,100.4937133,,3,,100.4937133,7.0164528
8523801787,7.0171578,100.4930273,,1,,100.4930273,7.0171578
8523801789,7.0175598,100.4930855,,3,,100.4930855,7.0175598
8523801790,7.0167677,100.4929534,,1,,100.4929534,7.0167677
8523872850,7.0186634,100.4888186,,1,,100.4888186,7.0186634
8523872851,7.0191552,100.4888148,,3,,100.4888148,7.0191552
8523961021,7.0214546,100.4872642,,1,,100.4872642,7.0214546
8523961023,7.0213992,100.4864918,,3,,100.4864918,7.0213992
8523961028,7.0210235,100.4877107,,3,,100.4877107,7.0210235
8523961029,7.0204929,100.4870725,,1,,100.4870725,7.0204929
8523961030,7.0209805,100.487079,,3,,100.487079,7.0209805
8523970596,7.0222499,100.4946095,,1,,100.4946095,7.0222499
8524008598,7.0243135,100.4721789,,3,,100.4721789,7.0243135
8524034231,7.0252661,100.4728065,,1,,100.4728065,7.0252661
8524034232,7.0252559,100.4723872,,3,,100.4723872,7.0252559
8524036349,7.024938,100.4808336,,1,,100.4808336,7.024938
8524036352,7.0250682,100.4802055,,3,,100.4802055,7.0250682
8524036353,7.0249023,100.481173,,1,,100.481173,7.0249023
8524036354,7.0250586,100.4817763,,3,,100.4817763,7.0250586
8524045200,7.0259446,100.4703657,,3,,100.4703657,7.0259446
8524045202,7.0256598,100.4711487,,3,,100.4711487,7.0256598
8524057336,7.0216106,100.4700768,,3,,100.4700768,7.0216106
8524057340,7.0217502,100.4690988,,3,,100.4690988,7.0217502
8524069686,7.0227993,100.4686637,,1,,100.4686637,7.0227993
8524090700,7.016748,100.4884592,,1,,100.4884592,7.016748
8524090701,7.0168514,100.4879467,,3,,100.4879467,7.0168514
8524091694,7.0160365,100.4889934,,1,,100.4889934,7.0160365
8524091695,7.016467,100.4890118,,3,,100.4890118,7.016467
8524097355,7.0178033,100.4666857,,3,,100.4666857,7.0178033
8634014994,6.9972725,100.4654112,,3,,100.4654112,6.9972725
8634014997,6.9987555,100.4646297,,3,,100.4646297,6.9987555
8634015000,7.0001679,100.4638004,,3,,100.4638004,7.0001679
8634015001,7.0005794,100.4635755,,3,,100.4635755,7.0005794
8634015002,7.0012543,100.4633004,,4,,100.4633004,7.0012543
8634015003,7.0018549,100.4629874,,3,,100.4629874,7.0018549
8634015004,7.0022219,100.4627891,,3,,100.4627891,7.0022219
8634015005,7.0025777,100.4625983,,3,,100.4625983,7.0025777
8634015006,7.0032015,100.4622676,,4,,100.4622676,7.0032015
8634015007,7.0041793,100.461739,,3,,100.461739,7.0041793
8634015010,7.0072099,100.4600654,,3,,100.4600654,7.0072099
8634015011,7.0073298,100.460114,,3,,100.460114,7.0073298
8634028428,6.9968656,100.4651693,,3,,100.4651693,6.9968656
8634028435,6.9969186,100.4652535,,3,,100.4652535,6.9969186
8634028436,6.9970021,100.4655529,,4,,100.4655529,6.9970021
8634028437,6.9969693,100.4654488,,4,,100.4654488,6.9969693
8634028438,6.9972276,100.4653395,,3,,100.4653395,6.9972276
8634028439,6.9969264,100.4655823,,3,,100.4655823,6.9969264
8634028440,6.9968995,100.4654687,,3,,100.4654687,6.9968995
8634028442,7.0050862,100.4612851,,4,,100.4612851,7.0050862
8634028443,7.005173,100.4612385,,4,,100.4612385,7.005173
8634028444,6.9990447,100.4644035,,3,,100.4644035,6.9990447
8634028445,7.0068399,100.460267,,3,,100.460267,7.0068399
8634028446,7.0068916,100.4603378,,3,,100.4603378,7.0068916
8634028447,7.0076974,100.4599224,,3,,100.4599224,7.0076974
8634028448,7.0106167,100.4583251,,3,,100.4583251,7.0106167
8634028449,7.0106633,100.4584036,,3,,100.4584036,7.0106633
8634028450,7.0150818,100.455959,,3,,100.455959,7.0150818
8634028451,7.0151273,100.456038,,3,,100.456038,7.0151273
8634498202,7.0155341,100.4565731,,1,,100.4565731,7.0155341
8634498204,7.0154303,100.4558767,,3,,100.4558767,7.0154303
8634525189,7.0149625,100.4569005,,3,,100.4569005,7.0149625
8634525197,7.0150354,100.4561351,,3,,100.4561351,7.0150354
8634584074,7.0403632,100.5026938,,1,,100.5026938,7.0403632
8634614744,7.0411493,100.5016732,,1,,100.5016732,7.0411493
8634634705,7.0109725,100.4550429,,1,,100.4550429,7.0109725
8634635616,7.0202371,100.4537731,,3,,100.4537731,7.0202371
8634648991,7.0113796,100.45498,,1,,100.45498,7.0113796
8634648992,7.0116825,100.4549751,,3,,100.4549751,7.0116825
8634648993,7.0123225,100.45674,,1,,100.45674,7.0123225
8634661131,7.0101044,100.4585841,,3,,100.4585841,7.0101044
8634661137,7.0103098,100.4584803,,3,,100.4584803,7.0103098
8634671109,7.0098586,100.4587084,,3,,100.4587084,7.0098586
8634694424,7.0372239,100.5036445,,3,,100.5036445,7.0372239
8634694714,7.0367062,100.5036378,,3,,100.5036378,7.0367062
8634700670,7.0246318,100.4997141,,1,,100.4997141,7.0246318
8634700671,7.0245313,100.5001457,,3,,100.5001457,7.0245313
8634702947,7.0243392,100.4994628,,1,,100.4994628,7.0243392
8634724019,7.0174708,100.4523593,,1,,100.4523593,7.0174708
8634724024,7.0174944,100.4534133,,3,,100.4534133,7.0174944
8634724032,7.0172859,100.4538787,,3,,100.4538787,7.0172859
8634730506,7.0181246,100.4538481,,3,,100.4538481,7.0181246
8634730514,7.018288,100.4538413,,3,,100.4538413,7.018288
8634759752,7.0126671,100.4579592,,3,,100.4579592,7.0126671
8634759753,7.0123044,100.4578965,,3,,100.4578965,7.0123044
8634788976,7.0246325,100.4983397,,1,,100.4983397,7.0246325
8634798737,7.0140593,100.4540284,,3,,100.4540284,7.0140593
8634798738,7.0140305,100.4534218,,1,,100.4534218,7.0140305
8634800051,7.0354246,100.5024621,,3,,100.5024621,7.0354246
8634848260,7.0008106,100.44195,,3,,100.44195,7.0008106
8634848261,7.0006971,100.4415462,,3,,100.4415462,7.0006971
8634875759,6.9969561,100.4464115,,1,,100.4464115,6.9969561
8634875766,6.9973533,100.4457348,,3,,100.4457348,6.9973533
8634875767,6.9972999,100.4455516,,3,,100.4455516,6.9972999
8634879751,6.9979017,100.4435057,,3,,100.4435057,6.9979017
8634887548,6.9955233,100.4451587,,3,,100.4451587,6.9955233
8635010371,7.0001205,100.4516841,,3,,100.4516841,7.0001205
8635015869,7.0034492,100.457136,,3,,100.457136,7.0034492
8635015875,7.0032801,100.4566482,,1,,100.4566482,7.0032801
8635016187,6.9988202,100.4508983,,3,,100.4508983,6.9988202
8635016188,6.9996569,100.4506349,,3,,100.4506349,6.9996569
8635019312,7.0014459,100.4515079,,3,,100.4515079,7.0014459
8635019316,7.0014699,100.4512394,,1,,100.4512394,7.0014699
8635021108,7.0024855,100.450636,,1,,100.450636,7.0024855
8635026201,6.992447,100.47589,,3,,100.47589,6.992447
8635026203,6.9924626,100.4749567,,3,,100.4749567,6.9924626
8635026610,6.9879242,100.4692688,,3,,100.4692688,6.9879242
8635029322,6.9888713,100.4688103,,3,,100.4688103,6.9888713
8635033142,7.0049533,100.4579853,,1,,100.4579853,7.0049533
8635037516,7.0055516,100.4555738,,3,,100.4555738,7.0055516
8635042217,7.0058332,100.4554586,,1,,100.4554586,7.0058332
8635042218,7.0052827,100.4562334,,3,,100.4562334,7.0052827
8635042219,7.0051277,100.4559642,,1,,100.4559642,7.0051277
8635042220,7.0050345,100.4555498,,1,,100.4555498,7.0050345
8635042221,7.0048597,100.4551318,,3,,100.4551318,7.0048597
8635042222,7.0052701,100.4555444,,1,,100.4555444,7.0052701
8635042223,7.0050291,100.4550349,,3,,100.4550349,7.0050291
8635054066,7.0033813,100.4519999,,1,,100.4519999,7.0033813
8635076197,7.0016858,100.466536,,3,,100.466536,7.0016858
8635076198,7.00161,100.4659568,,3,,100.4659568,7.00161
8635076199,7.0014601,100.4665667,,3,,100.4665667,7.0014601
8635076200,7.0013867,100.4659851,,3,,100.4659851,7.0013867
8635076201,7.0012396,100.4660037,,1,,100.4660037,7.0012396
8635076206,7.0018672,100.4665112,,3,,100.4665112,7.0018672
8635078771,6.9984429,100.4571135,,1,,100.4571135,6.9984429
8635078773,6.9984006,100.4568718,,3,,100.4568718,6.9984006
8635148768,7.0037567,100.4646733,,1,,100.4646733,7.0037567
8635148769,7.0034737,100.4640323,,3,,100.4640323,7.0034737
8635153349,6.9938466,100.4619643,,1,,100.4619643,6.9938466
8635157789,7.0211058,100.4961529,,3,,100.4961529,7.0211058
8635169926,6.9951683,100.4757563,,4,,100.4757563,6.9951683
8635169927,6.99538,100.4756302,,1,,100.4756302,6.99538
8635181944,6.9946505,100.4618611,,1,,100.4618611,6.9946505
8635205770,7.021836,100.4950251,,3,,100.4950251,7.021836
8635205774,7.0221987,100.4950909,,1,,100.4950909,7.0221987
8635215148,7.0211579,100.4957595,,1,,100.4957595,7.0211579
8635215150,7.0217457,100.4958826,,3,,100.4958826,7.0217457
8635272036,7.0288521,100.4721205,,3,,100.4721205,7.0288521
8635272037,7.029028,100.4729117,,3,,100.4729117,7.029028
8635323855,7.0293644,100.4714664,,3,,100.4714664,7.0293644
8635323856,7.029526,100.4713735,,1,,100.4713735,7.029526
8642083781,7.0473819,100.5031423,,1,,100.5031423,7.0473819
8642083782,7.0469977,100.5031565,,3,,100.5031565,7.0469977
8642083785,7.0457017,100.5036244,,1,,100.5036244,7.0457017
8642083786,7.0459458,100.5036367,,3,,100.5036367,7.0459458
8642083787,7.0459506,100.5035305,,1,,100.5035305,7.0459506
8642083788,7.0459213,100.504052,,3,,100.504052,7.0459213
8642083789,7.0461702,100.5030611,,1,,100.5030611,7.0461702
8642083790,7.046275,100.5041093,,3,,100.5041093,7.046275
8642083802,7.0426777,100.5028345,,1,,100.5028345,7.0426777
8642083803,7.0425786,100.5028041,,3,,100.5028041,7.0425786
8642083804,7.0425769,100.50269,,1,,100.50269,7.0425769
8642083806,7.0425685,100.5035478,,3,,100.5035478,7.0425685
8642110286,7.0272948,100.4748918,,3,,100.4748918,7.0272948
8642139706,7.018279,100.495271,,3,,100.495271,7.018279
8642139710,7.0181297,100.4950051,,1,,100.4950051,7.0181297
8642146095,7.018937,100.4961037,,1,,100.4961037,7.018937
8642146097,7.0195822,100.4963029,,3,,100.4963029,7.0195822
8642148172,7.0283324,100.4746314,,3,,100.4746314,7.0283324
8642189085,7.0191636,100.4971258,,1,,100.4971258,7.0191636
8642230825,6.9951005,100.4784773,,1,,100.4784773,6.9951005
8642230826,6.9949244,100.4776941,,3,,100.4776941,6.9949244
8642230827,6.996606,100.4804997,,1,,100.4804997,6.996606
8642230831,6.9975591,100.4831873,,1,,100.4831873,6.9975591
8642230840,6.998181,100.4828655,,3,,100.4828655,6.998181
8642232172,6.9998486,100.4885638,,1,,100.4885638,6.9998486
8642240201,6.9999205,100.4804536,,3,,100.4804536,6.9999205
8642241900,6.9897504,100.4818216,,3,,100.4818216,6.9897504
8642241901,6.9890768,100.4815799,,3,,100.4815799,6.9890768
8642257134,6.9986022,100.4892827,,3,,100.4892827,6.9986022
8642257139,6.9982472,100.4891928,,1,,100.4891928,6.9982472
8642277086,6.9981675,100.4868624,,1,,100.4868624,6.9981675
8642277087,6.9981325,100.4865996,,3,,100.4865996,6.9981325
8642277088,6.9974193,100.4867855,,1,,100.4867855,6.9974193
8642277095,6.9984491,100.4865589,,3,,100.4865589,6.9984491
8642279457,7.0001254,100.4825503,,1,,100.4825503,7.0001254
8642279458,6.999442,100.4826061,,3,,100.4826061,6.999442
8642310443,6.9890145,100.4807163,,1,,100.4807163,6.9890145
8642310454,6.9895228,100.4803643,,3,,100.4803643,6.9895228
8642314348,7.0292518,100.4755416,,1,,100.4755416,7.0292518
8642332888,6.9992016,100.4869933,,1,,100.4869933,6.9992016
8642352374,7.0018625,100.4874099,,3,,100.4874099,7.0018625
8642352379,7.0025304,100.4870079,,3,,100.4870079,7.0025304
8642359275,7.0026026,100.4871697,,3,,100.4871697,7.0026026
8642359276,7.0025447,100.4870426,,3,,100.4870426,7.0025447
8642372197,7.0016857,100.4888927,,3,,100.4888927,7.0016857
8642373366,7.0016109,100.4624283,,1,,100.4624283,7.0016109
8642373372,7.0022192,100.4627125,,3,,100.4627125,7.0022192
8642396828,6.9928722,100.4675151,,1,,100.4675151,6.9928722
8642403175,6.9921134,100.4686765,,1,,100.4686765,6.9921134
8642418345,6.9884646,100.4675892,,3,,100.4675892,6.9884646
8642422630,6.989125,100.4684231,,1,,100.4684231,6.989125
8642422885,6.989925,100.4652909,,3,,100.4652909,6.989925
8642422888,6.9910806,100.4650052,,3,,100.4650052,6.9910806
8642439364,6.9992123,100.466799,,1,,100.466799,6.9992123
8642449289,7.0259109,100.4556477,,1,,100.4556477,7.0259109
8642449290,7.0259671,100.4550377,,3,,100.4550377,7.0259671
8642449291,7.0260973,100.4550455,,1,,100.4550455,7.0260973
8642451999,6.9923497,100.4719435,,1,,100.4719435,6.9923497
8642452000,6.9923016,100.4716118,,3,,100.4716118,6.9923016
8642452531,6.9897721,100.4647105,,3,,100.4647105,6.9897721
8642454293,6.9927368,100.4715852,,3,,100.4715852,6.9927368
8642477628,6.9955365,100.43914,,1,,100.43914,6.9955365
8642477638,6.998428,100.4389156,,3,,100.4389156,6.998428
8642505204,6.9938525,100.4310068,,3,,100.4310068,6.9938525
8642505207,6.9941574,100.4307723,,3,,100.4307723,6.9941574
8642505216,6.9951628,100.4303531,,3,,100.4303531,6.9951628
8642505510,6.9915413,100.4867445,,3,,100.4867445,6.9915413
8642505516,6.9911694,100.4866303,,3,,100.4866303,6.9911694
8642536918,6.9915964,100.4864879,,3,,100.4864879,6.9915964
8642543867,6.9857319,100.4660787,,1,,100.4660787,6.9857319
8642543868,6.9859882,100.4660041,,3,,100.4660041,6.9859882
8642546242,6.9852643,100.4658561,,3,,100.4658561,6.9852643
8642553287,6.996775,100.4849428,,1,,100.4849428,6.996775
8642553288,6.9967431,100.4846194,,3,,100.4846194,6.9967431
8642553289,6.9959164,100.4836338,,1,,100.4836338,6.9959164
8642553290,6.9965898,100.48334,,3,,100.48334,6.9965898
8642565701,7.0407808,100.5020069,,3,,100.5020069,7.0407808
8642565702,7.0410233,100.502004,,1,,100.502004,7.0410233
8642587441,7.0039005,100.4899197,,3,,100.4899197,7.0039005
8642587446,7.0039004,100.4900242,,1,,100.4900242,7.0039004
8642592922,7.0408328,100.5025462,,3,,100.5025462,7.0408328
8642592923,7.0412614,100.502546,,1,,100.502546,7.0412614
8642638894,7.0009374,100.4865038,,1,,100.4865038,7.0009374
8642638895,7.0006629,100.4866684,,3,,100.4866684,7.0006629
8642662591,7.0014033,100.4851466,,1,,100.4851466,7.0014033
8642662592,7.0011557,100.4852521,,3,,100.4852521,7.0011557
8642692661,6.9924369,100.4737955,,1,,100.4737955,6.9924369
8642692665,6.9939793,100.4735127,,3,,100.4735127,6.9939793
8642697487,6.9975218,100.4783499,,1,,100.4783499,6.9975218
8642697501,6.996161,100.4773842,,3,,100.4773842,6.996161
8642697507,6.9963504,100.4782467,,3,,100.4782467,6.9963504
8642700034,6.9926516,100.473746,,3,,100.473746,6.9926516
8642704137,7.0016272,100.4901087,,3,,100.4901087,7.0016272
8642704138,7.0013727,100.4899612,,1,,100.4899612,7.0013727
8642704194,6.9962858,100.4844419,,1,,100.4844419,6.9962858
8642704670,6.9931011,100.4755993,,1,,100.4755993,6.9931011
8642704671,6.9935962,100.4762646,,3,,100.4762646,6.9935962
8642733849,7.002371,100.4820353,,1,,100.4820353,7.002371
8642733850,7.0021584,100.4821199,,3,,100.4821199,7.0021584
8642740884,7.0242831,100.4992309,,1,,100.4992309,7.0242831
8642766301,7.0278393,100.5007994,,1,,100.5007994,7.0278393
8642774009,6.9958938,100.4628991,,1,,100.4628991,6.9958938
8642774010,6.9960728,100.4633449,,3,,100.4633449,6.9960728
8642866006,7.0048921,100.4806081,,3,,100.4806081,7.0048921
8642879788,6.9960393,100.47652,,3,,100.47652,6.9960393
8642883736,7.0122437,100.4583343,,3,,100.4583343,7.0122437
8642883747,7.0121718,100.459038,,3,,100.459038,7.0121718
8642907669,7.0302661,100.4741234,,3,,100.4741234,7.0302661
8642907670,7.0301875,100.473872,,1,,100.473872,7.0301875
8642916473,7.0044855,100.4690051,,1,,100.4690051,7.0044855
8642916477,7.0051994,100.4684257,,3,,100.4684257,7.0051994
8642937272,7.0034439,100.4856992,,1,,100.4856992,7.0034439
8642938683,7.021645,100.4585592,,1,,100.4585592,7.021645
8642938686,7.0219918,100.459977,,3,,100.459977,7.0219918
8642948011,7.007102,100.4660291,,3,,100.4660291,7.007102
8642954944,6.9947171,100.469626,,1,,100.469626,6.9947171
8642960061,6.9925727,100.46858,,1,,100.46858,6.9925727
8642974117,7.0126687,100.4657872,,3,,100.4657872,7.0126687
8642974128,7.0138687,100.4647948,,3,,100.4647948,7.0138687
8642974129,7.013051,100.4654867,,1,,100.4654867,7.013051
8642974130,7.0129609,100.4650888,,3,,100.4650888,7.0129609
8643039739,7.0007982,100.4695726,,1,,100.4695726,7.0007982
8643039740,7.0007108,100.4690132,,3,,100.4690132,7.0007108
8643042269,6.9980103,100.4677388,,1,,100.4677388,6.9980103
8643078822,7.0091915,100.4632008,,1,,100.4632008,7.0091915
8643078823,7.0098074,100.4630899,,3,,100.4630899,7.0098074
8643084306,6.9906944,100.4758005,,1,,100.4758005,6.9906944
8643108428,7.011449,100.4586102,,1,,100.4586102,7.011449
8643108429,7.0118394,100.458498,,3,,100.458498,7.0118394
8643109462,7.0220163,100.4621574,,1,,100.4621574,7.0220163
8643114367,7.0021216,100.473628,,3,,100.473628,7.0021216
8643118819,6.9914076,100.4757872,,3,,100.4757872,6.9914076
8643255340,6.9953636,100.4625599,,3,,100.4625599,6.9953636
8643255341,6.9951657,100.4617149,,1,,100.4617149,6.9951657
8643290511,6.9916981,100.4742783,,1,,100.4742783,6.9916981
8643291815,6.9978508,100.4713174,,3,,100.4713174,6.9978508
8643291816,6.9974006,100.4713882,,3,,100.4713882,6.9974006
8643312637,6.9939943,100.4721634,,1,,100.4721634,6.9939943
8643312641,6.9942282,100.4723289,,3,,100.4723289,6.9942282
8643315937,6.9987376,100.4701149,,3,,100.4701149,6.9987376
8643315940,6.9986665,100.4705232,,1,,100.4705232,6.9986665
8643316526,6.9960283,100.4696971,,1,,100.4696971,6.9960283
8643391228,7.0267768,100.4770819,,1,,100.4770819,7.0267768
8643391229,7.0277577,100.4769252,,3,,100.4769252,7.0277577
8643391230,7.0277384,100.477448,,1,,100.477448,7.0277384
8643637488,6.9944739,100.4873502,,3,,100.4873502,6.9944739
8643672868,6.9984905,100.4902301,,1,,100.4902301,6.9984905
8645883338,7.0253918,100.4775882,,3,,100.4775882,7.0253918
8645883351,7.0274578,100.4793932,,3,,100.4793932,7.0274578
8645883352,7.0275023,100.4802694,,1,,100.4802694,7.0275023
8645883353,7.027994,100.4797172,,1,,100.4797172,7.027994
8645883360,7.0289257,100.4787858,,1,,100.4787858,7.0289257
8645883361,7.0291318,100.4787697,,3,,100.4787697,7.0291318
8881865433,7.0004452,100.4911391,,1,,100.4911391,7.0004452
8931905981,7.0213501,100.4984001,,1,,100.4984001,7.0213501
8931905999,7.0209754,100.4974613,,3,,100.4974613,7.0209754
8931957948,7.0203711,100.4867238,,1,,100.4867238,7.0203711
8932024360,7.0239636,100.4803079,,1,,100.4803079,7.0239636
8932024367,7.0234312,100.4791117,,1,,100.4791117,7.0234312
8932029050,7.0239483,100.4789582,,1,,100.4789582,7.0239483
8932196701,6.9884674,100.4821412,,1,,100.4821412,6.9884674
8932196702,6.988837,100.4822588,,3,,100.4822588,6.988837
8932245608,7.0279062,100.4791412,,1,,100.4791412,7.0279062
8932255318,7.0284712,100.4789467,,3,,100.4789467,7.0284712
8932307553,7.002001,100.4879643,,1,,100.4879643,7.002001
8932307557,7.0027242,100.4879121,,3,,100.4879121,7.0027242
8932309198,7.0163321,100.4871295,,1,,100.4871295,7.0163321
8932318158,7.0001427,100.4834575,,1,,100.4834575,7.0001427
8932380443,7.0113665,100.4835735,,1,,100.4835735,7.0113665
8932532276,7.0424062,100.5050828,,3,,100.5050828,7.0424062
8932532279,7.042671,100.5049293,,3,,100.5049293,7.042671
8932532280,7.042496,100.5046999,,3,,100.5046999,7.042496
8932544699,7.0016237,100.491933,,3,,100.491933,7.0016237
8932856894,7.0208052,100.497758,,3,,100.497758,7.0208052
8932856899,7.020085,100.4976028,,1,,100.4976028,7.020085
8934538595,6.9879524,100.4684446,,1,,100.4684446,6.9879524
8934538596,6.9880225,100.4688171,,3,,100.4688171,6.9880225
8934560669,6.9998622,100.4582311,,1,,100.4582311,6.9998622
8934591538,6.9979874,100.4632119,,1,,100.4632119,6.9979874
8934591543,6.9983989,100.4633645,,3,,100.4633645,6.9983989
8934698920,6.9839845,100.4649753,,1,,100.4649753,6.9839845
8934704234,6.9912773,100.4700892,,1,,100.4700892,6.9912773
8934712656,7.0011739,100.4559274,,1,,100.4559274,7.0011739
8934731536,6.9896732,100.4689466,,1,,100.4689466,6.9896732
8934753640,6.997235,100.4452738,,3,,100.4452738,6.997235
8934753643,6.9977113,100.444857,,1,,100.444857,6.9977113
8934759687,6.9954734,100.446598,,1,,100.446598,6.9954734
8934759688,6.9951586,100.4467405,,3,,100.4467405,6.9951586
8934823998,6.9992919,100.4581818,,1,,100.4581818,6.9992919
8935262474,7.0184704,100.4655866,,1,,100.4655866,7.0184704
8935262479,7.0191653,100.4751852,,3,,100.4751852,7.0191653
8935262480,7.0192673,100.4756716,,3,,100.4756716,7.0192673
8935262481,7.0189922,100.4765167,,1,,100.4765167,7.0189922
8935262489,7.0243683,100.4543643,,1,,100.4543643,7.0243683
8935275219,7.0280512,100.472087,,1,,100.472087,7.0280512
8935275220,7.0278541,100.4705089,,3,,100.4705089,7.0278541
8935275225,7.0279492,100.4697009,,3,,100.4697009,7.0279492
8935428518,7.0088348,100.4565637,,1,,100.4565637,7.0088348
8976428962,7.004948,100.4924861,traffic_signals,4,,100.4924861,7.004948
8976428963,7.0048444,100.4924486,traffic_signals,4,,100.4924486,7.0048444
8976428964,7.0048536,100.4923165,,4,,100.4923165,7.0048536
8976428971,7.0053803,100.4846992,,3,,100.4846992,7.0053803
8976428985,7.0045239,100.4753458,,3,,100.4753458,7.0045239
8976428987,7.0051282,100.4806475,traffic_signals,4,,100.4806475,7.0051282
8976428988,7.0051201,100.4805404,traffic_signals,4,,100.4805404,7.0051201
8976428993,7.0053122,100.4834698,,4,,100.4834698,7.0053122
8976428994,7.0053447,100.4839871,,3,,100.4839871,7.0053447
8976428997,7.0051606,100.4864757,,3,,100.4864757,7.0051606
8976428999,7.0050326,100.4885038,traffic_signals,4,,100.4885038,7.0050326
8976429000,7.0050234,100.4889568,,3,,100.4889568,7.0050234
8976429001,7.0050122,100.4894735,,3,,100.4894735,7.0050122
8976429002,7.0049924,100.4898373,,3,,100.4898373,7.0049924
8976429003,7.0049685,100.4902211,,3,,100.4902211,7.0049685
8976429004,7.0049429,100.4906946,,3,,100.4906946,7.0049429
8976429005,7.0049131,100.4911924,,3,,100.4911924,7.0049131
8976429006,7.0053806,100.4834639,,3,,100.4834639,7.0053806
8976429007,7.0047853,100.4772087,,3,,100.4772087,7.0047853
8976429008,7.005172,100.4808105,,3,,100.4808105,7.005172
8976429009,7.0050662,100.4797255,,3,,100.4797255,7.0050662
9168932845,6.9944962,100.4647461,,4,,100.4647461,6.9944962
9168932846,6.9947531,100.464734,,1,,100.464734,6.9947531
9168947042,6.9945308,100.4655539,,4,,100.4655539,6.9945308
9168947043,6.994244,100.4655558,,1,,100.4655558,6.994244
9168966030,6.994275,100.4657432,,1,,100.4657432,6.994275
9168967519,6.9945451,100.4657535,,4,,100.4657535,6.9945451
9168967520,6.9948036,100.4657376,,1,,100.4657376,6.9948036
9168975549,6.994791,100.465527,,1,,100.465527,6.994791
9168980772,6.9942465,100.4647531,,1,,100.4647531,6.9942465
9168993890,6.994512,100.4651656,,4,,100.4651656,6.994512
9168993891,6.9942003,100.4651613,,1,,100.4651613,6.9942003
9168998458,6.9947832,100.4651583,,1,,100.4651583,6.9947832
9169007071,6.994222,100.4653653,,1,,100.4653653,6.994222
9169008993,6.9945227,100.465356,,4,,100.465356,6.9945227
9169008994,6.9947875,100.4653235,,1,,100.4653235,6.9947875
9179528432,7.0165507,100.4836449,,3,,100.4836449,7.0165507
9355502819,7.0236189,100.4721743,,3,,100.4721743,7.0236189
10703664329,6.9967038,100.4771321,,1,,100.4771321,6.9967038
10904788579,6.9983542,100.4762656,,3,,100.4762656,6.9983542
10962944847,7.0259306,100.4554335,,3,,100.4554335,7.0259306
10962944848,7.0252406,100.4553817,,3,,100.4553817,7.0252406
10962944849,7.0256559,100.4557864,,1,,100.4557864,7.0256559
10962944850,7.0251383,100.4557508,,3,,100.4557508,7.0251383
10962944851,7.0254893,100.4561412,,1,,100.4561412,7.0254893
10962944852,7.025019,100.4561166,,3,,100.4561166,7.025019
11011878992,7.0092231,100.4568995,,1,,100.4568995,7.0092231
11055915144,6.9965226,100.4762126,,1,,100.4762126,6.9965226
11055915145,6.9958764,100.476568,,1,,100.476568,6.9958764
11098889052,7.0245741,100.4700699,,4,,100.4700699,7.0245741
11116038558,7.0200869,100.4698066,,1,,100.4698066,7.0200869
11116038559,7.0201015,100.4698896,,1,,100.4698896,7.0201015
11252506076,6.9979783,100.4850361,,1,,100.4850361,6.9979783
11252506077,6.9971286,100.4851069,,1,,100.4851069,6.9971286
11252506078,6.9972304,100.4850438,,1,,100.4850438,6.9972304
11252506079,6.9972924,100.4852268,,1,,100.4852268,6.9972924
11287572428,6.9903275,100.4841164,,3,,100.4841164,6.9903275
11290027196,7.0149213,100.48989,,1,,100.48989,7.0149213
11290027197,7.0147714,100.4894675,,1,,100.4894675,7.0147714
11292971032,7.0090558,100.481193,,3,,100.481193,7.0090558
11337166510,7.020252,100.454144,,1,,100.454144,7.020252
11484409607,7.0069726,100.4879773,,3,,100.4879773,7.0069726
11484409611,7.0066188,100.4875535,,2,,100.4875535,7.0066188
11484409613,7.0069725,100.487923,,3,,100.487923,7.0069725
11626141928,7.0015119,100.4896641,,1,,100.4896641,7.0015119
11806124649,7.005122,100.4611953,,4,,100.4611953,7.005122
11975049713,7.0177138,100.4826167,,3,,100.4826167,7.0177138
11975049714,7.0177385,100.4828773,,3,,100.4828773,7.0177385
11993364993,6.9980753,100.4766638,,1,,100.4766638,6.9980753
12204696137,7.0098048,100.4611723,,1,,100.4611723,7.0098048
12298825838,6.9984844,100.4868149,,3,,100.4868149,6.9984844
12300589089,6.9930922,100.4858308,,3,,100.4858308,6.9930922
12311231547,7.0063681,100.4880526,,3,,100.4880526,7.0063681
12311231549,7.0063946,100.488074,,3,,100.488074,7.0063946
12311231557,7.0063717,100.4881474,,3,,100.4881474,7.0063717
12311231560,7.0063012,100.4881021,,3,,100.4881021,7.0063012
12339345632,7.010989,100.4740867,,3,,100.4740867,7.010989
12346099051,7.0119113,100.4723837,,4,,100.4723837,7.0119113
12346099054,7.0106818,100.4764688,,3,,100.4764688,7.0106818
12346123215,7.0040462,100.4685541,,3,,100.4685541,7.0040462
12517716093,7.0156348,100.4596517,,1,,100.4596517,7.0156348
12517716094,7.0148585,100.4581594,,3,,100.4581594,7.0148585
12517716095,7.0151668,100.4581498,,1,,100.4581498,7.0151668
12518064113,7.0099926,100.4834593,,1,,100.4834593,7.0099926
12553414764,6.9976605,100.4851955,,1,,100.4851955,6.9976605
12621743596,7.0190687,100.4680507,,1,,100.4680507,7.0190687
12649445299,7.0063169,100.4754109,,3,,100.4754109,7.0063169
12916827974,7.0052315,100.49377,,3,,100.49377,7.0052315
12925078717,7.0048536,100.4558883,,1,,100.4558883,7.0048536
12925078718,7.0049866,100.4556621,,1,,100.4556621,7.0049866
13016552413,7.0253561,100.4703273,,1,,100.4703273,7.0253561
13078067434,6.9985344,100.4893923,,1,,100.4893923,6.9985344
13279030938,7.0072979,100.4790742,,3,,100.4790742,7.0072979
13279030940,7.006961,100.4788156,,1,,100.4788156,7.006961
13293698676,7.0052182,100.459734,,1,,100.459734,7.0052182
13293698678,7.0063012,100.4605473,,3,,100.4605473,7.0063012
13293725944,6.9909966,100.4701464,,1,,100.4701464,6.9909966
13301238882,7.012832,100.4514474,,1,,100.4514474,7.012832
13301238883,7.0131222,100.4540521,,3,,100.4540521,7.0131222
13327840464,7.0133811,100.4553612,,3,,100.4553612,7.0133811
13327840465,7.0133945,100.4555719,,1,,100.4555719,7.0133945
13327840466,7.0133576,100.4549914,,1,,100.4549914,7.0133576
13327840483,7.0145565,100.4539924,,3,,100.4539924,7.0145565
13327840484,7.0145976,100.4545035,,1,,100.4545035,7.0145976
13327840485,7.0145827,100.4543212,,3,,100.4543212,7.0145827
13327840486,7.0143131,100.4543319,,1,,100.4543319,7.0143131
13327840488,7.0136192,100.4529417,,1,,100.4529417,7.0136192
13327874256,6.9917508,100.4765512,,3,,100.4765512,6.9917508
13327874258,6.9917404,100.4760015,,1,,100.4760015,6.9917404
13327892803,7.0212911,100.4635043,,3,,100.4635043,7.0212911
13327892804,7.0211186,100.4617373,,1,,100.4617373,7.0211186
13329996399,6.9905561,100.4666695,,3,,100.4666695,6.9905561
13329996400,6.9905879,100.4659723,,1,,100.4659723,6.9905879
13330005102,6.9910816,100.4674861,,1,,100.4674861,6.9910816
13336315606,6.9968272,100.4645001,,1,,100.4645001,6.9968272
13337035831,7.0371735,100.5024528,,3,,100.5024528,7.0371735
13339819885,7.0032122,100.4754091,,3,,100.4754091,7.0032122
13339819888,7.003181,100.4754888,,3,,100.4754888,7.003181
13339819893,7.0032896,100.4754676,,3,,100.4754676,7.0032896
13339844003,7.0032247,100.4755204,,3,,100.4755204,7.0032247
13339847320,7.0300445,100.50211,,3,,100.50211,7.0300445
13339847323,7.0302104,100.5019644,,3,,100.5019644,7.0302104
13339847324,7.030306,100.5018613,,3,,100.5018613,7.030306
13339847327,7.0303977,100.5021544,,3,,100.5021544,7.0303977
13345661862,7.0027382,100.4523127,,3,,100.4523127,7.0027382
13347091083,6.9979653,100.4674851,,3,,100.4674851,6.9979653
13347559286,7.0222976,100.4698067,,1,,100.4698067,7.0222976
13347606684,7.0212508,100.4594835,,3,,100.4594835,7.0212508
13347657474,7.0134532,100.465359,,1,,100.465359,7.0134532
13347657502,7.0121951,100.4649124,,1,,100.4649124,7.0121951
13347725404,7.0096127,100.4677754,,3,,100.4677754,7.0096127
13347725405,7.0095962,100.4675789,,1,,100.4675789,7.0095962
13347847625,7.0091979,100.4655944,,3,,100.4655944,7.0091979
13347847626,7.0091384,100.4652137,,3,,100.4652137,7.0091384
13347847627,7.008933,100.4652385,,1,,100.4652385,7.008933
13347847630,7.0096542,100.4653822,,1,,100.4653822,7.0096542
13347847656,7.008546,100.4661904,,3,,100.4661904,7.008546
13347847657,7.0082937,100.4662176,,1,,100.4662176,7.0082937
13348575108,7.0295174,100.4752895,,1,,100.4752895,7.0295174
13355027988,7.0247642,100.4774657,,1,,100.4774657,7.0247642
13362901142,7.0249764,100.4740968,,3,,100.4740968,7.0249764
13362936997,7.0015737,100.480212,,2,,100.480212,7.0015737
13367303063,7.0245999,100.4990754,,1,,100.4990754,7.0245999
13371245483,7.0019898,100.4554974,,3,,100.4554974,7.0019898
13371309892,6.99984,100.4552459,,1,,100.4552459,6.99984
13371456491,6.9945035,100.4649494,,4,,100.4649494,6.9945035
13371456492,6.994194,100.4649622,,1,,100.4649622,6.994194
13371478774,6.9947735,100.4649442,,1,,100.4649442,6.9947735
13372370776,7.0256814,100.4766287,,1,,100.4766287,7.0256814
13377816018,7.0256492,100.4775421,,3,,100.4775421,7.0256492
13377816019,7.0260902,100.4775755,,1,,100.4775755,7.0260902
13378469948,7.0117345,100.4542228,,3,,100.4542228,7.0117345
13378469950,7.0114327,100.4542727,,1,,100.4542727,7.0114327
13379171064,7.043407,100.5045376,,3,,100.5045376,7.043407
13380601085,7.0277078,100.4782701,,3,,100.4782701,7.0277078
13380601086,7.0278154,100.4785785,,1,,100.4785785,7.0278154
13383672794,7.0152211,100.4839468,,3,,100.4839468,7.0152211
13383672796,7.01497,100.4844231,,1,,100.4844231,7.01497
13384466075,7.0386126,100.5047815,,3,,100.5047815,7.0386126
13387632618,7.0372071,100.5022879,,3,,100.5022879,7.0372071
13388503443,7.0062832,100.4835987,,3,,100.4835987,7.0062832
13388503444,7.0059166,100.4836379,,1,,100.4836379,7.0059166
13388560704,7.018058,100.4662078,,1,,100.4662078,7.018058
13388560707,7.0177728,100.4664072,,3,,100.4664072,7.0177728
13391517303,7.0039265,100.4654533,,1,,100.4654533,7.0039265
13393605891,7.0366851,100.5008948,,1,,100.5008948,7.0366851
13394663275,7.0188969,100.4689368,,1,,100.4689368,7.0188969
13394663276,7.0189243,100.4684521,,1,,100.4684521,7.0189243
13394663277,7.0192885,100.4689344,,1,,100.4689344,7.0192885
13414469749,6.9936082,100.4704306,,3,,100.4704306,6.9936082
13417405317,7.0237046,100.4567256,,1,,100.4567256,7.0237046
13418283250,7.0209638,100.4752652,,3,,100.4752652,7.0209638
13418283251,7.0208687,100.4752902,,3,,100.4752902,7.0208687
13420385893,7.0238539,100.4552972,,3,,100.4552972,7.0238539
13420446635,7.0218971,100.4552529,,3,,100.4552529,7.0218971
13420446638,7.0218426,100.4548298,,1,,100.4548298,7.0218426
13420471875,7.0213298,100.4537248,,3,,100.4537248,7.0213298
13420471879,7.0214097,100.4537197,,3,,100.4537197,7.0214097
13420471881,7.0213943,100.4541695,,1,,100.4541695,7.0213943
13420471882,7.0214015,100.4539252,,3,,100.4539252,7.0214015
13420471883,7.0213367,100.4539308,,1,,100.4539308,7.0213367
13424210990,7.0078631,100.4736661,,1,,100.4736661,7.0078631
13424220803,7.0082219,100.4735969,,3,,100.4735969,7.0082219
13424220804,7.0081808,100.4731894,,3,,100.4731894,7.0081808
13424220808,7.0065491,100.473278,,3,,100.473278,7.0065491
13424220819,7.0060454,100.4747542,,3,,100.4747542,7.0060454
13424220820,7.0059548,100.4745585,,1,,100.4745585,7.0059548
13424220827,7.0058167,100.4755734,,1,,100.4755734,7.0058167
13425496949,7.0197427,100.4622448,,1,,100.4622448,7.0197427
13425496953,7.0196005,100.4622966,,3,,100.4622966,7.0196005
13428765866,6.9961167,100.4708844,,3,,100.4708844,6.9961167
13428820087,6.9928057,100.4720952,,3,,100.4720952,6.9928057
13429793061,7.0211183,100.4952265,,3,,100.4952265,7.0211183
13429793062,7.0211255,100.4950244,,1,,100.4950244,7.0211255
13429824132,7.0195699,100.4932808,,3,,100.4932808,7.0195699
13429840826,7.0221562,100.4950489,,3,,100.4950489,7.0221562
13429840832,7.0222252,100.4948384,,1,,100.4948384,7.0222252
13429852008,7.0206096,100.4957864,,1,,100.4957864,7.0206096
13434451560,7.0082705,100.4626695,,3,,100.4626695,7.0082705
13434451561,7.0081637,100.4625719,,3,,100.4625719,7.0081637
13443991718,7.0206036,100.4877111,,1,,100.4877111,7.0206036
13446172242,6.9962031,100.4842949,,1,,100.4842949,6.9962031
13449314070,6.9973881,100.4340395,,3,,100.4340395,6.9973881
13449314072,6.9961467,100.4341337,,1,,100.4341337,6.9961467
13449811511,7.0052931,100.4823578,,3,,100.4823578,7.0052931
13451762573,7.0245975,100.469457,,1,,100.469457,7.0245975
13451762574,7.0245823,100.4697936,,1,,100.4697936,7.0245823
13451788235,7.0180192,100.4626107,,1,,100.4626107,7.0180192
13451926422,7.0211738,100.4958326,,1,,100.4958326,7.0211738
13453745006,7.0165968,100.4922432,,3,,100.4922432,7.0165968
13454281320,7.0161628,100.4948588,,3,,100.4948588,7.0161628
13454281321,7.0162002,100.4944703,,1,,100.4944703,7.0162002
13454782784,6.9942817,100.4753589,,1,,100.4753589,6.9942817
13454805887,6.9952762,100.4805842,,1,,100.4805842,6.9952762
13454805888,6.9952276,100.4811782,,3,,100.4811782,6.9952276
13455144373,7.0201077,100.4885985,,1,,100.4885985,7.0201077
13457023621,7.0161205,100.4881549,,3,,100.4881549,7.0161205
13457023622,7.0161713,100.4877192,,3,,100.4877192,7.0161713
13457023623,7.0162045,100.4877306,,3,,100.4877306,7.0162045
13459885838,7.0034456,100.4612346,,1,,100.4612346,7.0034456
13470740163,7.0016081,100.4688942,,3,,100.4688942,7.0016081
13470740164,7.0016772,100.4693542,,1,,100.4693542,7.0016772
13472440775,7.0091205,100.4793166,,3,,100.4793166,7.0091205
13472440789,7.0088927,100.4765344,,3,,100.4765344,7.0088927
13472858147,7.022363,100.4692263,,1,,100.4692263,7.022363
13475389177,7.0434603,100.5044151,,3,,100.5044151,7.0434603
13475401160,7.0048898,100.4926246,,3,,100.4926246,7.0048898
13475401172,7.0053381,100.4940392,,3,,100.4940392,7.0053381
13475582779,7.0069833,100.4875585,,2,,100.4875585,7.0069833
13478523582,7.0170759,100.4651986,,4,,100.4651986,7.0170759
13478614790,7.0173648,100.4853613,,1,,100.4853613,7.0173648
13545019681,7.0077171,100.4768992,,3,,100.4768992,7.0077171
